Problem ID,Text Description,Domain,Dataset_address,"Math Formulation
in Latex","Solver Code
Grubi Python",LP File,Optimal Value,Optimal Solution
1,"A retail store operates a complex supply chain to distribute products across various categories, serving customers in multiple geographic regions. The daily demand of customer groups is recorded in ""customer_demand.csv"", while the supply capacity of distribution centers is detailed in ""supply_capacity.csv"". The transportation cost per unit of goods from each distribution center to each customer group is recorded in ""transportation_costs.csv"". The objective is to develop an optimal fulfillment policy that determines how goods should be allocated from distribution centers to customer groups, ensuring that all demands are met without exceeding supply capacities, while minimizing the total transportation cost.",Supply Chain,"Data/TP4/customer_demand.csv
Data/TP4/supply_capacity.csv
Data/TP4/transportation_costs.csv","\[
\begin{aligned}
&\textbf{Sets:}\\
&\mathcal I=\{0,1,\dots,11\} \quad \text{(supply nodes)},\\
&\mathcal J=\{0,1,\dots,11\} \quad \text{(demand nodes)}.
\end{aligned}
\]

\[
\begin{aligned}
&\textbf{Parameters:}\\
&d_j \text{: demand at demand node } j,\\
&s_i \text{: supply capacity at supply node } i,\\
&c_{ij} \text{: unit transportation cost from supply node } i \text{ to demand node } j.
\end{aligned}
\]

\[
\mathbf d =
\begin{bmatrix}
52 & 80 & 392 & 103 & 32 & 1426 & 1024 & 2736 & 1129 & 676 & 2631 & 31
\end{bmatrix}^{\top}
\]

\[
\mathbf s =
\begin{bmatrix}
58 & 32 & 6161 & 4 & 47 & 178 & 142 & 164 & 1011 & 6 & 7081 & 948
\end{bmatrix}^{\top}
\]

\[
C =
\begin{bmatrix}
134.7288243787724 & 72.30045141110347 & 37.9759927355347 & 611.8465649782599 & 1650.335390232616 & 32.97044486689555 & 34.99837373425947 & 73.25207370031997 & 165.752089835103 & 82.52035827662691 & 1538.830198350349 & 2320.114647710196 \\
23.83536918658373 & 1128.633286536871 & 187.0545959055602 & 1.607733712963541 & 2227.703699131249 & 72.44693148708649 & 12.60074797346823 & 1078.772954811127 & 383.7220569377865 & 82.8115250443967 & 1702.172476382314 & 1925.844697054549 \\
1138.498759622659 & 231.8983422482863 & 44.1568226726957 & 962.5481640749796 & 980.1306032437444 & 1107.5157506569 & 741.7073424442746 & 136.7020440170976 & 1182.516111544386 & 664.1846792537777 & 36.70238978444623 & 1405.050691925313 \\
1043.756280311719 & 24.20701606323853 & 1120.989043899409 & 1027.543763876852 & 893.4457577903337 & 1244.262677920573 & 980.0297707948428 & 513.5650272201696 & 977.6321548115832 & 642.5520451224766 & 437.9556823253786 & 76.12498668603241 \\
4.939930661779214 & 1278.18157353836 & 549.7570743190075 & 21.33547411151187 & 98.32689279702352 & 452.0903462786745 & 595.5981933612871 & 70.84029746549007 & 0.0012362422631063 & 1783.086567743894 & 1619.615465594295 & 116.0849790511757 \\
2105.539859640912 & 1340.977055958086 & 2077.27472844887 & 2202.251539616561 & 20.5336958780729 & 2514.098359833772 & 2393.213466538681 & 1197.765543404598 & 102.3244024856669 & 788.4640306393768 & 818.9532260267922 & 17.24964579428249 \\
61.36183063260923 & 113.2371696485133 & 50.23107647526187 & 1219.195107734688 & 869.868986439361 & 58.3717723017115 & 957.3213131437597 & 168.9964798230943 & 1363.342713601386 & 519.3858364273143 & 483.3345987058458 & 1412.765288200997 \\
1169.364098890075 & 1037.217074470909 & 732.3577706907058 & 865.2255769415611 & 1510.029618704947 & 780.853789775776 & 860.7971696230202 & 935.9126432821532 & 61.82504909829045 & 72.78392607232098 & 1479.113719548664 & 65.87463475119084 \\
7.936521667214095 & 1357.538761043474 & 628.3001825422914 & 25.24514181901827 & 1760.008524993486 & 604.6583535734275 & 696.677483277236 & 1586.409318380656 & 89.68006942976479 & 1580.726255645687 & 1423.561541240528 & 2000.563799676627 \\
1685.340975858695 & 437.393849129735 & 1568.893993648565 & 1486.926896758292 & 498.375444664235 & 1493.386021408957 & 70.17952878640685 & 526.999992252258 & 1527.660659683116 & 2.676413573774264 & 202.7267123645008 & 45.95308313010429 \\
937.1094078301182 & 903.0141415848652 & 264.7208998642393 & 21.82334017591064 & 1661.105486348982 & 18.59349093795307 & 372.0817876391536 & 956.6955598743716 & 42.9120185256587 & 1274.322752663691 & 1574.796150008167 & 1826.428257280374 \\
1685.757685072443 & 377.3256672852414 & 1347.016272512073 & 1737.020030508406 & 23.61217798060829 & 83.08521829288628 & 1476.125824157182 & 530.0021927141197 & 1782.844263327038 & 0.0104862180150152 & 11.1693204455916 & 963.9941814871104
\end{bmatrix}
\]

\[
\begin{aligned}
&\textbf{Decision variables:}\\
&x_{ij}\ge 0, \qquad \forall i\in\mathcal I,\; j\in\mathcal J,
\end{aligned}
\]
where \(x_{ij}\) denotes the shipment quantity from supply node \(i\) to demand node \(j\).

\[
\begin{aligned}
\min_{\{x_{ij}\}} \quad 
& \sum_{i\in\mathcal I}\sum_{j\in\mathcal J} c_{ij}x_{ij} \\
\text{s.t.}\quad
& \sum_{i\in\mathcal I} x_{ij} \ge d_j, \qquad \forall j\in\mathcal J, \\
& \sum_{j\in\mathcal J} x_{ij} \le s_i, \qquad \forall i\in\mathcal I, \\
& x_{ij}\ge 0, \qquad \forall i\in\mathcal I,\; j\in\mathcal J.
\end{aligned}
\]","import os
import numpy as np
import pandas as pd
import gurobipy as gp
from gurobipy import GRB


def transportation_lp_gurobi(df_demand, df_capacity, df_cost, model_name):
demand_list = df_demand['demand'].tolist()
capacity_list = df_capacity['supply_capacity'].tolist()

supply_num = len(capacity_list)
product_num = len(demand_list)

model = gp.Model(model_name)

vars_x = {}
for i in range(supply_num):
for j in range(product_num):
vars_x[i, j] = model.addVar(
vtype=GRB.CONTINUOUS,
lb=0.0,
name=f""x_{i}_{j}""
)

obj = gp.quicksum(
df_cost.iloc[i, j + 1] * vars_x[i, j]
for i in range(supply_num)
for j in range(product_num)
)
model.setObjective(obj, GRB.MINIMIZE)

for j in range(product_num):
model.addConstr(
gp.quicksum(vars_x[i, j] for i in range(supply_num)) >= demand_list[j],
name=f""demand_constraint_{j}""
)

for i in range(supply_num):
model.addConstr(
gp.quicksum(vars_x[i, j] for j in range(product_num)) <= capacity_list[i],
name=f""capacity_constraint_{i}""
)

model.setParam(""TimeLimit"", 300)

model.optimize()

if model.status == GRB.OPTIMAL:
print(f""Objective value: {model.ObjVal}"")
lp_path = f""{model_name}.lp""
model.write(lp_path)
print(f""Model written to {lp_path}"")

print(""\nVariable values:"")
for i in range(supply_num):
for j in range(product_num):
if vars_x[i, j].X > 1e-6: # Print only variables with significant values
print(f""x_{i}_{j} = {vars_x[i, j].X}"")

elif model.status == GRB.TIME_LIMIT:
print(""Time limit reached."")
if model.SolCount > 0:
print(f""Best objective found: {model.ObjVal}"")
print(""\nVariable values of incumbent solution:"")
for i in range(supply_num):
for j in range(product_num):
if vars_x[i, j].X > 1e-6: # Print only variables with significant values
print(f""x_{i}_{j} = {vars_x[i, j].X}"")
else:
print(""No feasible solution found within time limit."")
else:
print(f""Optimization ended with status {model.status}"")


if __name__ == ""__main__"":
model_name = ""TP4""

df_demand = pd.read_csv(
""Data/TP4/customer_demand.csv""
)
df_capacity = pd.read_csv(
""Data/TP4/supply_capacity.csv""
)
df_cost = pd.read_csv(
""Data/TP4/transportation_costs.csv""
)

transportation_lp_gurobi(df_demand, df_capacity, df_cost, model_name)
print(f""Successfully loaded and written {model_name}.lp"")","\ Model TP4
\ LP format - for model browsing. Use MPS format to capture full model detail.
Minimize
134.7288243787724 x_0_0 + 72.30045141110347 x_0_1 + 37.9759927355347 x_0_2
+ 611.8465649782599 x_0_3 + 1650.335390232616 x_0_4
+ 32.97044486689555 x_0_5 + 34.99837373425947 x_0_6
+ 73.25207370031997 x_0_7 + 165.752089835103 x_0_8
+ 82.52035827662691 x_0_9 + 1538.830198350349 x_0_10
+ 2320.114647710196 x_0_11 + 23.83536918658373 x_1_0
+ 1128.633286536871 x_1_1 + 187.0545959055602 x_1_2
+ 1.607733712963541 x_1_3 + 2227.703699131249 x_1_4
+ 72.44693148708649 x_1_5 + 12.60074797346823 x_1_6
+ 1078.772954811127 x_1_7 + 383.7220569377865 x_1_8
+ 82.8115250443967 x_1_9 + 1702.172476382314 x_1_10
+ 1925.844697054549 x_1_11 + 1138.498759622659 x_2_0
+ 231.8983422482863 x_2_1 + 44.1568226726957 x_2_2
+ 962.5481640749796 x_2_3 + 980.1306032437444 x_2_4
+ 1107.5157506569 x_2_5 + 741.7073424442746 x_2_6
+ 136.7020440170976 x_2_7 + 1182.516111544386 x_2_8
+ 664.1846792537777 x_2_9 + 36.70238978444623 x_2_10
+ 1405.050691925313 x_2_11 + 1043.756280311719 x_3_0
+ 24.20701606323853 x_3_1 + 1120.989043899409 x_3_2
+ 1027.543763876852 x_3_3 + 893.4457577903337 x_3_4
+ 1244.262677920573 x_3_5 + 980.0297707948428 x_3_6
+ 513.5650272201696 x_3_7 + 977.6321548115832 x_3_8
+ 642.5520451224766 x_3_9 + 437.9556823253786 x_3_10
+ 76.12498668603241 x_3_11 + 4.939930661779214 x_4_0
+ 1278.18157353836 x_4_1 + 549.7570743190075 x_4_2
+ 21.33547411151187 x_4_3 + 98.32689279702352 x_4_4
+ 452.0903462786745 x_4_5 + 595.5981933612871 x_4_6
+ 70.84029746549007 x_4_7 + 0.0012362422631063 x_4_8
+ 1783.086567743894 x_4_9 + 1619.615465594295 x_4_10
+ 116.0849790511757 x_4_11 + 2105.539859640912 x_5_0
+ 1340.977055958086 x_5_1 + 2077.27472844887 x_5_2
+ 2202.251539616561 x_5_3 + 20.5336958780729 x_5_4
+ 2514.098359833772 x_5_5 + 2393.213466538681 x_5_6
+ 1197.765543404598 x_5_7 + 102.3244024856669 x_5_8
+ 788.4640306393768 x_5_9 + 818.9532260267922 x_5_10
+ 17.24964579428249 x_5_11 + 61.36183063260923 x_6_0
+ 113.2371696485133 x_6_1 + 50.23107647526187 x_6_2
+ 1219.195107734688 x_6_3 + 869.868986439361 x_6_4
+ 58.3717723017115 x_6_5 + 957.3213131437597 x_6_6
+ 168.9964798230943 x_6_7 + 1363.342713601386 x_6_8
+ 519.3858364273143 x_6_9 + 483.3345987058458 x_6_10
+ 1412.765288200997 x_6_11 + 1169.364098890075 x_7_0
+ 1037.217074470909 x_7_1 + 732.3577706907058 x_7_2
+ 865.2255769415611 x_7_3 + 1510.029618704947 x_7_4
+ 780.853789775776 x_7_5 + 860.7971696230202 x_7_6
+ 935.9126432821532 x_7_7 + 61.82504909829045 x_7_8
+ 72.78392607232098 x_7_9 + 1479.113719548664 x_7_10
+ 65.87463475119084 x_7_11 + 7.936521667214095 x_8_0
+ 1357.538761043474 x_8_1 + 628.3001825422914 x_8_2
+ 25.24514181901827 x_8_3 + 1760.008524993486 x_8_4
+ 604.6583535734275 x_8_5 + 696.677483277236 x_8_6
+ 1586.409318380656 x_8_7 + 89.68006942976479 x_8_8
+ 1580.726255645687 x_8_9 + 1423.561541240528 x_8_10
+ 2000.563799676627 x_8_11 + 1685.340975858695 x_9_0
+ 437.393849129735 x_9_1 + 1568.893993648565 x_9_2
+ 1486.926896758292 x_9_3 + 498.375444664235 x_9_4
+ 1493.386021408957 x_9_5 + 70.17952878640685 x_9_6
+ 526.999992252258 x_9_7 + 1527.660659683116 x_9_8
+ 2.676413573774264 x_9_9 + 202.7267123645008 x_9_10
+ 45.95308313010429 x_9_11 + 937.1094078301182 x_10_0
+ 903.0141415848652 x_10_1 + 264.7208998642393 x_10_2
+ 21.82334017591064 x_10_3 + 1661.105486348982 x_10_4
+ 18.59349093795307 x_10_5 + 372.0817876391536 x_10_6
+ 956.6955598743716 x_10_7 + 42.9120185256587 x_10_8
+ 1274.322752663691 x_10_9 + 1574.796150008167 x_10_10
+ 1826.428257280374 x_10_11 + 1685.757685072443 x_11_0
+ 377.3256672852414 x_11_1 + 1347.016272512073 x_11_2
+ 1737.020030508406 x_11_3 + 23.61217798060829 x_11_4
+ 83.08521829288628 x_11_5 + 1476.125824157182 x_11_6
+ 530.0021927141197 x_11_7 + 1782.844263327038 x_11_8
+ 0.0104862180150152 x_11_9 + 11.1693204455916 x_11_10
+ 963.9941814871104 x_11_11
Subject To
demand_constraint_0: x_0_0 + x_1_0 + x_2_0 + x_3_0 + x_4_0 + x_5_0 + x_6_0
+ x_7_0 + x_8_0 + x_9_0 + x_10_0 + x_11_0 >= 52
demand_constraint_1: x_0_1 + x_1_1 + x_2_1 + x_3_1 + x_4_1 + x_5_1 + x_6_1
+ x_7_1 + x_8_1 + x_9_1 + x_10_1 + x_11_1 >= 80
demand_constraint_2: x_0_2 + x_1_2 + x_2_2 + x_3_2 + x_4_2 + x_5_2 + x_6_2
+ x_7_2 + x_8_2 + x_9_2 + x_10_2 + x_11_2 >= 392
demand_constraint_3: x_0_3 + x_1_3 + x_2_3 + x_3_3 + x_4_3 + x_5_3 + x_6_3
+ x_7_3 + x_8_3 + x_9_3 + x_10_3 + x_11_3 >= 103
demand_constraint_4: x_0_4 + x_1_4 + x_2_4 + x_3_4 + x_4_4 + x_5_4 + x_6_4
+ x_7_4 + x_8_4 + x_9_4 + x_10_4 + x_11_4 >= 32
demand_constraint_5: x_0_5 + x_1_5 + x_2_5 + x_3_5 + x_4_5 + x_5_5 + x_6_5
+ x_7_5 + x_8_5 + x_9_5 + x_10_5 + x_11_5 >= 1426
demand_constraint_6: x_0_6 + x_1_6 + x_2_6 + x_3_6 + x_4_6 + x_5_6 + x_6_6
+ x_7_6 + x_8_6 + x_9_6 + x_10_6 + x_11_6 >= 1024
demand_constraint_7: x_0_7 + x_1_7 + x_2_7 + x_3_7 + x_4_7 + x_5_7 + x_6_7
+ x_7_7 + x_8_7 + x_9_7 + x_10_7 + x_11_7 >= 2736
demand_constraint_8: x_0_8 + x_1_8 + x_2_8 + x_3_8 + x_4_8 + x_5_8 + x_6_8
+ x_7_8 + x_8_8 + x_9_8 + x_10_8 + x_11_8 >= 1129
demand_constraint_9: x_0_9 + x_1_9 + x_2_9 + x_3_9 + x_4_9 + x_5_9 + x_6_9
+ x_7_9 + x_8_9 + x_9_9 + x_10_9 + x_11_9 >= 676
demand_constraint_10: x_0_10 + x_1_10 + x_2_10 + x_3_10 + x_4_10 + x_5_10
+ x_6_10 + x_7_10 + x_8_10 + x_9_10 + x_10_10 + x_11_10 >= 2631
demand_constraint_11: x_0_11 + x_1_11 + x_2_11 + x_3_11 + x_4_11 + x_5_11
+ x_6_11 + x_7_11 + x_8_11 + x_9_11 + x_10_11 + x_11_11 >= 31
capacity_constraint_0: x_0_0 + x_0_1 + x_0_2 + x_0_3 + x_0_4 + x_0_5
+ x_0_6 + x_0_7 + x_0_8 + x_0_9 + x_0_10 + x_0_11 <= 58
capacity_constraint_1: x_1_0 + x_1_1 + x_1_2 + x_1_3 + x_1_4 + x_1_5
+ x_1_6 + x_1_7 + x_1_8 + x_1_9 + x_1_10 + x_1_11 <= 32
capacity_constraint_2: x_2_0 + x_2_1 + x_2_2 + x_2_3 + x_2_4 + x_2_5
+ x_2_6 + x_2_7 + x_2_8 + x_2_9 + x_2_10 + x_2_11 <= 6161
capacity_constraint_3: x_3_0 + x_3_1 + x_3_2 + x_3_3 + x_3_4 + x_3_5
+ x_3_6 + x_3_7 + x_3_8 + x_3_9 + x_3_10 + x_3_11 <= 4
capacity_constraint_4: x_4_0 + x_4_1 + x_4_2 + x_4_3 + x_4_4 + x_4_5
+ x_4_6 + x_4_7 + x_4_8 + x_4_9 + x_4_10 + x_4_11 <= 47
capacity_constraint_5: x_5_0 + x_5_1 + x_5_2 + x_5_3 + x_5_4 + x_5_5
+ x_5_6 + x_5_7 + x_5_8 + x_5_9 + x_5_10 + x_5_11 <= 178
capacity_constraint_6: x_6_0 + x_6_1 + x_6_2 + x_6_3 + x_6_4 + x_6_5
+ x_6_6 + x_6_7 + x_6_8 + x_6_9 + x_6_10 + x_6_11 <= 142
capacity_constraint_7: x_7_0 + x_7_1 + x_7_2 + x_7_3 + x_7_4 + x_7_5
+ x_7_6 + x_7_7 + x_7_8 + x_7_9 + x_7_10 + x_7_11 <= 164
capacity_constraint_8: x_8_0 + x_8_1 + x_8_2 + x_8_3 + x_8_4 + x_8_5
+ x_8_6 + x_8_7 + x_8_8 + x_8_9 + x_8_10 + x_8_11 <= 1011
capacity_constraint_9: x_9_0 + x_9_1 + x_9_2 + x_9_3 + x_9_4 + x_9_5
+ x_9_6 + x_9_7 + x_9_8 + x_9_9 + x_9_10 + x_9_11 <= 6
capacity_constraint_10: x_10_0 + x_10_1 + x_10_2 + x_10_3 + x_10_4
+ x_10_5 + x_10_6 + x_10_7 + x_10_8 + x_10_9 + x_10_10 + x_10_11
<= 7081
capacity_constraint_11: x_11_0 + x_11_1 + x_11_2 + x_11_3 + x_11_4
+ x_11_5 + x_11_6 + x_11_7 + x_11_8 + x_11_9 + x_11_10 + x_11_11 <= 948
Bounds
End",913520.1123,"Variable values:
x_0_6 = 58.0
x_1_6 = 32.0
x_2_2 = 392.0
x_2_7 = 2689.0
x_2_10 = 2359.0
x_3_1 = 4.0
x_4_7 = 47.0
x_5_4 = 32.0
x_5_11 = 31.0
x_6_1 = 76.0
x_8_0 = 52.0
x_9_6 = 6.0
x_10_3 = 103.0
x_10_5 = 1426.0
x_10_6 = 928.0
x_10_8 = 1129.0
x_11_9 = 676.0
x_11_10 = 272.0"
2,"This supermarket offers a variety of best-selling products, and the specific revenue information is shown in the table, with relevant data provided in the “Revenue” column. Each product has its own demand level. The retailer’s objective is to maximize the total revenue by focusing on the sales volume of “4U” products. The initial inventory levels of these products are detailed in the “Initial Inventory” column. During the sales period, restocking is not allowed and there is no in-transit inventory.

Demand for the “4U” products during the sales horizon is assumed to be deterministic and known in advance, with demand quantities specified in the “Demand” column. The decision variable x_i represents the number of units of each “4U” product i that the retailer plans to fulfill, where each x_i is a non-negative integer. Because the fulfillment quantity cannot exceed either the available inventory or the realized demand, the decision variables must satisfy both inventory and demand constraints.

The retailer therefore aims to determine the optimal fulfillment quantities in order to maximize total revenue while respecting both inventory availability and demand limits.",Retail Revenue Management,Data/NRM4/OnlineSalesinUSA.csv,"\[
\begin{aligned}
\max_{x_0,x_1,x_2}\quad 
& 56x_0 + 21.6x_1 + 62.5x_2 \\
\text{s.t.}\quad
& x_0 \le 30, \\
& x_0 \le 5, \\
& x_1 \le 20, \\
& x_1 \le 3, \\
& x_2 \le 20, \\
& x_2 \le 3, \\
& x_0, x_1, x_2 \in \mathbb{Z}_{\ge 0}.
\end{aligned}
\]","import csv
import gurobipy as gp
from gurobipy import GRB


def solve_nrm4():
file_path = ""Data/NRM4/OnlineSalesinUSA.csv""

with open(file_path, newline="""", encoding=""utf-8-sig"") as f:
rows = list(csv.DictReader(f))

revenue_col = next(col for col in rows[0] if col.lower().strip() == ""revenue"")
demand_col = next(col for col in rows[0] if col.lower().strip() == ""demand"")
inventory_col = next(col for col in rows[0] if col.lower().strip() == ""initial inventory"")

text_cols = []
for col in rows[0]:
sample_vals = [str(r[col]).strip() for r in rows[:20]]
is_text = any(not v.replace(""."", """", 1).isdigit() for v in sample_vals if v != """")
if is_text:
text_cols.append(col)

category_col = None
for col in text_cols:
matched = [r for r in rows if str(r[col]).strip().startswith(""4U"")]
if len(matched) > 0:
category_col = col
break

if category_col is None:
raise RuntimeError(""Cannot find the column used to identify '4U' products."")

selected_rows = [r for r in rows if str(r[category_col]).strip().startswith(""4U"")]

n = len(selected_rows)
revenues = [float(r[revenue_col]) for r in selected_rows]
demands = [float(r[demand_col]) for r in selected_rows]
inventories = [float(r[inventory_col]) for r in selected_rows]

model = gp.Model(""NRM4"")

x = model.addVars(n, vtype=GRB.INTEGER, lb=0, name=""x"")

model.setObjective(
gp.quicksum(revenues[i] * x[i] for i in range(n)),
GRB.MAXIMIZE
)

for i in range(n):
model.addConstr(x[i] <= inventories[i], name=f""inventory_{i}"")
model.addConstr(x[i] <= demands[i], name=f""demand_{i}"")

model.optimize()

if model.Status == GRB.OPTIMAL:
print(f""Optimal objective value: {model.ObjVal}"")
for i in range(n):
print(f""x_{i} = {x[i].X}"")
model.write(""NRM4.lp"")
else:
print(f""Optimization ended with status {model.Status}"")


if __name__ == ""__main__"":
solve_nrm4()","\ Model NRM4
\ LP format - for model browsing. Use MPS format to capture full model detail.
Maximize
56 x[0] + 21.6 x[1] + 62.5 x[2]
Subject To
inventory_0: x[0] <= 30
demand_0: x[0] <= 5
inventory_1: x[1] <= 20
demand_1: x[1] <= 3
inventory_2: x[2] <= 20
demand_2: x[2] <= 3
Bounds
Generals
x[0] x[1] x[2]
End",532.3,"x_0 = 5.0
x_1 = 3.0
x_2 = 3.0"
3,"A restaurant offers a variety of popular products, including fast food and beverages. The profit data for these products is provided in the ‘Revenue’ column. Each product has its own demand level. The restaurant aims to maximize total revenue by focusing on the initial inventory of products classified under ‘Aalop’, which are detailed in the ‘Initial Inventory’ column. During the sales period, restocking is not permitted, and there are no in-transit inventories. Demand for ‘Aalop’ products during the sales horizon is assumed to be deterministic and known in advance, with demand information specified in the ‘Demand’ column. The variables x_i represent the number of units of each ‘Aalop’ product i that the restaurant intends to fulfill.",Restaurant Revenue Management,Data/NRM6/RestaurantSalesreport.csv,"\[
\begin{aligned}
\max_{x_0}\quad 
& 20x_0 \\
\text{s.t.}\quad
& x_0 \le 10440, \\
& x_0 \le 1483, \\
& x_0 \in \mathbb{Z}_{\ge 0}.
\end{aligned}
\]","import csv
import gurobipy as gp
from gurobipy import GRB


def solve_nrm6():
file_path = ""Data/NRM6/RestaurantSalesreport.csv""

with open(file_path, newline="""", encoding=""utf-8-sig"") as f:
rows = list(csv.DictReader(f))

revenue_col = next(col for col in rows[0] if col.lower().strip() == ""revenue"")
demand_col = next(col for col in rows[0] if col.lower().strip() == ""demand"")
inventory_col = next(col for col in rows[0] if col.lower().strip() == ""initial inventory"")

text_cols = []
for col in rows[0]:
sample_vals = [str(r[col]).strip() for r in rows[:20]]
is_text = any(not v.replace(""."", """", 1).isdigit() for v in sample_vals if v != """")
if is_text:
text_cols.append(col)

category_col = None
for col in text_cols:
matched = [r for r in rows if str(r[col]).strip().startswith(""Aalop"")]
if len(matched) > 0:
category_col = col
break

if category_col is None:
raise RuntimeError(""Cannot find the column used to identify 'Aalop' products."")

selected_rows = [r for r in rows if str(r[category_col]).strip().startswith(""Aalop"")]

n = len(selected_rows)
revenues = [float(r[revenue_col]) for r in selected_rows]
demands = [float(r[demand_col]) for r in selected_rows]
inventories = [float(r[inventory_col]) for r in selected_rows]

model = gp.Model(""NRM6"")
x = model.addVars(n, vtype=GRB.INTEGER, lb=0, name=""x"")

model.setObjective(
gp.quicksum(revenues[i] * x[i] for i in range(n)),
GRB.MAXIMIZE
)

for i in range(n):
model.addConstr(x[i] <= inventories[i], name=f""inventory_{i}"")
model.addConstr(x[i] <= demands[i], name=f""demand_{i}"")

model.optimize()

if model.Status == GRB.OPTIMAL:
print(f""Optimal objective value: {model.ObjVal}"")
for i in range(n):
print(f""x[{i}] = {x[i].X}"")
model.write(""NRM6.lp"")
else:
print(f""Optimization ended with status {model.Status}"")


if __name__ == ""__main__"":
solve_nrm6()","\ Model NRM6
\ LP format - for model browsing. Use MPS format to capture full model detail.
Maximize
20 x[0]
Subject To
inventory_0: x[0] <= 10440
demand_0: x[0] <= 1483
Bounds
Generals
x[0]
End",29660,x[0] = 1483.0
4,"A property developer is planning to develop real estate in New York.There are several areas to choose from, such as Queens and Brooklyn.However, due to limited resources and focus, the developer is not able to develop all the real estate in all the areas and has to select a few for development.The development benefit data for real estate in each area is recorded in the ‘products.csv’ file.The developer has an overall development capacity limit, which is detailed in the ‘capacity.csv’ file.The goal is to decide how many real estate in each areas are to be developed, in order to maximise the overall benefits while adhering to the overall development capacity.The decision variable x_i represents the scale of development per day in area i.",Capital Budgeting,"Data/RA7/NYCPropertySales2/capacity.csv
Data/RA7/NYCPropertySales2/products.csv","\[
\begin{aligned}
\max_{x_0,\dots,x_{19}} \quad
& 469x_0 + 290x_1 + 236x_2 + 235x_3 + 745x_4 + 684x_5 + 444x_6 \\
& \quad + 172x_7 + 1000x_8 + 336x_9 + 546x_{10} + 535x_{11} + 539x_{12} \\
& \quad + 831x_{13} + 139x_{14} + 432x_{15} + 627x_{16} + 629x_{17} + 292x_{18} + 978x_{19} \\
\text{s.t.}\quad
& 954x_0 + 650x_1 + 961x_2 + 950x_3 + 379x_4 + 776x_5 + 381x_6 \\
& \quad + 808x_7 + 937x_8 + 608x_9 + 912x_{10} + 391x_{11} + 465x_{12} \\
& \quad + 490x_{13} + 918x_{14} + 787x_{15} + 347x_{16} + 274x_{17} + 642x_{18} + 130x_{19} \le 586, \\
& x_0, x_1, \dots, x_{19} \in \mathbb{Z}_{\ge 0}.
\end{aligned}
\]","import csv
from pathlib import Path

import gurobipy as gp
from gurobipy import GRB


def solve_ra7():
problem = ""RA7_NYCPropertySales2""

data_dir = Path(""Test_Dataset"") / ""Large-scale-or"" / ""RA_testing"" / ""RA7"" / ""NYCPropertySales2""
products_path = data_dir / ""products.csv""
capacity_path = data_dir / ""capacity.csv""

with open(products_path, newline="""", encoding=""utf-8-sig"") as f:
product_rows = list(csv.DictReader(f))

if not product_rows:
raise ValueError(f""No data found in {products_path}"")

value_col = next((col for col in product_rows[0] if col.lower().strip() == ""value""), None)
weight_col = next((col for col in product_rows[0] if col.lower().strip() == ""weight""), None)

if value_col is None:
raise ValueError(""Cannot find column 'value' in products.csv"")
if weight_col is None:
raise ValueError(""Cannot find column 'weight' in products.csv"")

values = [float(row[value_col]) for row in product_rows]
weights = [float(row[weight_col]) for row in product_rows]

with open(capacity_path, newline="""", encoding=""utf-8-sig"") as f:
capacity_rows = list(csv.DictReader(f))

if not capacity_rows:
raise ValueError(f""No data found in {capacity_path}"")

capacity_col = next((col for col in capacity_rows[0] if col.lower().strip() == ""capacity""), None)
if capacity_col is None:
raise ValueError(""Cannot find column 'capacity' in capacity.csv"")

total_capacity = float(capacity_rows[0][capacity_col])

model = gp.Model(problem)

x = model.addVars(len(values), vtype=GRB.INTEGER, lb=0, name=""x"")

model.setObjective(
gp.quicksum(values[i] * x[i] for i in range(len(values))),
GRB.MAXIMIZE
)

model.addConstr(
gp.quicksum(weights[i] * x[i] for i in range(len(values))) <= total_capacity,
name=""capacity""
)

model.setParam(""OutputFlag"", 1)

model.optimize()

if model.Status == GRB.OPTIMAL:
print(f""\nOptimal objective value: {model.ObjVal}"")
print(f""Total capacity: {total_capacity}\n"")

print(""Optimal decision variables:"")
for i in range(len(values)):
if x[i].X > 1e-6: # Print only variables with significant values
print(f""x[{i}] = {x[i].X}"")

used_capacity = sum(weights[i] * x[i].X for i in range(len(values)))
print(f""\nUsed capacity: {used_capacity}"")

model.write(""RA7_NYCPropertySales2.lp"")
print(""Model written to RA7_NYCPropertySales2.lp"")

else:
print(f""Optimization ended with status {model.Status}"")


if __name__ == ""__main__"":
solve_ra7()","\ Model RA7_NYCPropertySales2
\ LP format - for model browsing. Use MPS format to capture full model detail.
Maximize
469 x[0] + 290 x[1] + 236 x[2] + 235 x[3] + 745 x[4] + 684 x[5] + 444 x[6]
+ 172 x[7] + 1000 x[8] + 336 x[9] + 546 x[10] + 535 x[11] + 539 x[12]
+ 831 x[13] + 139 x[14] + 432 x[15] + 627 x[16] + 629 x[17] + 292 x[18]
+ 978 x[19]
Subject To
capacity: 954 x[0] + 650 x[1] + 961 x[2] + 950 x[3] + 379 x[4] + 776 x[5]
+ 381 x[6] + 808 x[7] + 937 x[8] + 608 x[9] + 912 x[10] + 391 x[11]
+ 465 x[12] + 490 x[13] + 918 x[14] + 787 x[15] + 347 x[16] + 274 x[17]
+ 642 x[18] + 130 x[19] <= 586
Bounds
Generals
x[0] x[1] x[2] x[3] x[4] x[5] x[6] x[7] x[8] x[9] x[10] x[11] x[12] x[13]
x[14] x[15] x[16] x[17] x[18] x[19]
End",3912,x[19] = 4.0
5,"Several suppliers located in different regions can provide the necessary Adidas products to various stores. Each supplier incurs a fixed cost when starting operations, with the fixed cost data provided in “fixed_cost.csv.” The company needs to source a unit of each Adidas product for the stores from these suppliers. For each product, the transportation cost per unit from each supplier to each store is recorded in “transportation_costs.csv.” Additionally, each store has a specific demand for these products, which is provided in “demand.csv.” The objective is to determine which suppliers to activate so that the demand for all Adidas products across all stores is met while minimizing the total cost. The decision variables y_i are binary, indicating whether a supplier is operational (open). The decision variables x_{ij} represent the quantity of goods that each store S_j sources from supplier F_i.",Facility Location Problem,"Data/UFLP1/demand.csv
Data/UFLP1/fixed_cost.csv
Data/UFLP1/transportation_costs.csv","\[
\begin{aligned}
\min\ & 98.88\, y_0 + 99.73\, y_1 + 94.01\, y_2 + 93.77\, y_3 + 107.59\, y_4 + 112.65\, y_5 \\
& + 0.08\, x_{0,0} + 52.33\, x_{0,1} + 73.57\, x_{0,2} + 1237.33\, x_{0,3} + 0.07\, x_{0,4} + 112.16\, x_{0,5} \\
& + 46.02\, x_{1,0} + 175.23\, x_{1,1} + 2026.83\, x_{1,2} + 299.89\, x_{1,3} + 966.53\, x_{1,4} + 1590.42\, x_{1,5} \\
& + 1031.74\, x_{2,0} + 78.13\, x_{2,1} + 99.02\, x_{2,2} + 277.07\, x_{2,3} + 884.45\, x_{2,4} + 1800.86\, x_{2,5} \\
& + 868.75\, x_{3,0} + 94.2\, x_{3,1} + 1776.34\, x_{3,2} + 285.48\, x_{3,3} + 868.85\, x_{3,4} + 86.55\, x_{3,5} \\
& + 1577\, x_{4,0} + 760.15\, x_{4,1} + 2090.19\, x_{4,2} + 43.2\, x_{4,3} + 1577.12\, x_{4,4} + 1095.17\, x_{4,5} \\
& + 49.14\, x_{5,0} + 4.33\, x_{5,1} + 2079.57\, x_{5,2} + 277.04\, x_{5,3} + 1032.01\, x_{5,4} + 1543.49\, x_{5,5} \\
\text{s.t. } 
& x_{0,0} + x_{1,0} + x_{2,0} + x_{3,0} + x_{4,0} + x_{5,0} \ge 216, \\
& x_{0,1} + x_{1,1} + x_{2,1} + x_{3,1} + x_{4,1} + x_{5,1} \ge 216, \\
& x_{0,2} + x_{1,2} + x_{2,2} + x_{3,2} + x_{4,2} + x_{5,2} \ge 216, \\
& x_{0,3} + x_{1,3} + x_{2,3} + x_{3,3} + x_{4,3} + x_{5,3} \ge 144, \\
& x_{0,4} + x_{1,4} + x_{2,4} + x_{3,4} + x_{4,4} + x_{5,4} \ge 144, \\
& x_{0,5} + x_{1,5} + x_{2,5} + x_{3,5} + x_{4,5} + x_{5,5} \ge 144, \\
& x_{i,j} \le d_j y_i,\ \forall i \in \{0,\dots,5\}, j \in \{0,\dots,5\}, \\
& d_j = 
\begin{cases} 
216, & j=0,1,2, \\
144, & j=3,4,5,
\end{cases} \\
& y_i \in \{0,1\},\quad x_{i,j} \ge 0.
\end{aligned}
\]","from pathlib import Path
import csv
import gurobipy as gp
from gurobipy import GRB


def read_csv_rows(path: Path) -> list[list[str]]:
with path.open(""r"", encoding=""utf-8-sig"", newline="""") as f:
return list(csv.reader(f))


DATA_ROOT = Path(""Test_Dataset/Large-scale-or/UFLP_testing"").resolve()
ENV = gp.Env(params={""OutputFlag"": 0})
print(f""DATA_ROOT = {DATA_ROOT}"")

OUTPUT_DIR = Path(""output/model/uflp_notebook_exports"").resolve()
OUTPUT_DIR.mkdir(parents=True, exist_ok=True)


def report_solution(model: gp.Model, case_name: str):
lp_path = OUTPUT_DIR / f""{case_name}.lp""
model.write(str(lp_path))
model.optimize()
if model.Status != GRB.OPTIMAL:
raise RuntimeError(f""{case_name} did not solve to optimality. Status={model.Status}"")

print(f""{case_name} objective = {float(model.ObjVal)}"")
print(f""LP file = {lp_path}"")
print(""Non-zero variables:"")
non_zero = []
for v in model.getVars():
if abs(v.X) > 1e-9:
non_zero.append((v.VarName, v.X))

if not non_zero:
print(""(none)"")
else:
for name, value in non_zero:
print(f""{name} = {value}"")


folder = DATA_ROOT / ""UFLP1""
demand_rows = read_csv_rows(folder / ""demand.csv"")
fixed_rows = read_csv_rows(folder / ""fixed_cost.csv"")
trans_rows = read_csv_rows(folder / ""transportation_costs.csv"")

places = [row[0] for row in demand_rows[1:]]
demand = [float(row[1]) for row in demand_rows[1:]]
facilities = [row[0] for row in fixed_rows[1:]]
fixed_cost = [float(row[1]) for row in fixed_rows[1:]]
transport_cost = [[float(v) for v in row[1:]] for row in trans_rows[1:]]

model = gp.Model(""UFLP1"", env=ENV)
y = model.addVars(facilities, vtype=GRB.BINARY, name=""y"")
x = model.addVars(facilities, range(len(places)), lb=0.0, name=""x"")

model.setObjective(
gp.quicksum(fixed_cost[i] * y[facilities[i]] for i in range(len(facilities)))
+ gp.quicksum(
transport_cost[i][j] * x[facilities[i], j]
for i in range(len(facilities))
for j in range(len(places))
),
GRB.MINIMIZE,
)

for j in range(len(places)):
model.addConstr(gp.quicksum(x[f, j] for f in facilities) >= demand[j], name=f""demand_{places[j]}"")
for i in range(len(facilities)):
for j in range(len(places)):
model.addConstr(x[facilities[i], j] <= demand[j] * y[facilities[i]], name=f""link_{facilities[i]}_{places[j]}"")

report_solution(model, ""UFLP1"")","\ Model UFLP1
\ LP format - for model browsing. Use MPS format to capture full model detail.
Minimize
98.88 y[S1] + 99.73 y[S2] + 94.01 y[S3] + 93.77 y[S4] + 107.59 y[S5]
+ 112.65 y[S6] + 0.08 x[S1,0] + 52.33 x[S1,1] + 73.57 x[S1,2]
+ 1237.33 x[S1,3] + 0.07 x[S1,4] + 112.16 x[S1,5] + 46.02 x[S2,0]
+ 175.23 x[S2,1] + 2026.83 x[S2,2] + 299.89 x[S2,3] + 966.53 x[S2,4]
+ 1590.42 x[S2,5] + 1031.74 x[S3,0] + 78.13 x[S3,1] + 99.02 x[S3,2]
+ 277.07 x[S3,3] + 884.45 x[S3,4] + 1800.86 x[S3,5] + 868.75 x[S4,0]
+ 94.2 x[S4,1] + 1776.34 x[S4,2] + 285.48 x[S4,3] + 868.85 x[S4,4]
+ 86.55 x[S4,5] + 1577 x[S5,0] + 760.15 x[S5,1] + 2090.19 x[S5,2]
+ 43.2 x[S5,3] + 1577.12 x[S5,4] + 1095.17 x[S5,5] + 49.14 x[S6,0]
+ 4.33 x[S6,1] + 2079.57 x[S6,2] + 277.04 x[S6,3] + 1032.01 x[S6,4]
+ 1543.49 x[S6,5]
Subject To
demand_C1: x[S1,0] + x[S2,0] + x[S3,0] + x[S4,0] + x[S5,0] + x[S6,0]
>= 216
demand_C2: x[S1,1] + x[S2,1] + x[S3,1] + x[S4,1] + x[S5,1] + x[S6,1]
>= 216
demand_C3: x[S1,2] + x[S2,2] + x[S3,2] + x[S4,2] + x[S5,2] + x[S6,2]
>= 216
demand_C4: x[S1,3] + x[S2,3] + x[S3,3] + x[S4,3] + x[S5,3] + x[S6,3]
>= 144
demand_C5: x[S1,4] + x[S2,4] + x[S3,4] + x[S4,4] + x[S5,4] + x[S6,4]
>= 144
demand_C6: x[S1,5] + x[S2,5] + x[S3,5] + x[S4,5] + x[S5,5] + x[S6,5]
>= 144
link_S1_C1: - 216 y[S1] + x[S1,0] <= 0
link_S1_C2: - 216 y[S1] + x[S1,1] <= 0
link_S1_C3: - 216 y[S1] + x[S1,2] <= 0
link_S1_C4: - 144 y[S1] + x[S1,3] <= 0
link_S1_C5: - 144 y[S1] + x[S1,4] <= 0
link_S1_C6: - 144 y[S1] + x[S1,5] <= 0
link_S2_C1: - 216 y[S2] + x[S2,0] <= 0
link_S2_C2: - 216 y[S2] + x[S2,1] <= 0
link_S2_C3: - 216 y[S2] + x[S2,2] <= 0
link_S2_C4: - 144 y[S2] + x[S2,3] <= 0
link_S2_C5: - 144 y[S2] + x[S2,4] <= 0
link_S2_C6: - 144 y[S2] + x[S2,5] <= 0
link_S3_C1: - 216 y[S3] + x[S3,0] <= 0
link_S3_C2: - 216 y[S3] + x[S3,1] <= 0
link_S3_C3: - 216 y[S3] + x[S3,2] <= 0
link_S3_C4: - 144 y[S3] + x[S3,3] <= 0
link_S3_C5: - 144 y[S3] + x[S3,4] <= 0
link_S3_C6: - 144 y[S3] + x[S3,5] <= 0
link_S4_C1: - 216 y[S4] + x[S4,0] <= 0
link_S4_C2: - 216 y[S4] + x[S4,1] <= 0
link_S4_C3: - 216 y[S4] + x[S4,2] <= 0
link_S4_C4: - 144 y[S4] + x[S4,3] <= 0
link_S4_C5: - 144 y[S4] + x[S4,4] <= 0
link_S4_C6: - 144 y[S4] + x[S4,5] <= 0
link_S5_C1: - 216 y[S5] + x[S5,0] <= 0
link_S5_C2: - 216 y[S5] + x[S5,1] <= 0
link_S5_C3: - 216 y[S5] + x[S5,2] <= 0
link_S5_C4: - 144 y[S5] + x[S5,3] <= 0
link_S5_C5: - 144 y[S5] + x[S5,4] <= 0
link_S5_C6: - 144 y[S5] + x[S5,5] <= 0
link_S6_C1: - 216 y[S6] + x[S6,0] <= 0
link_S6_C2: - 216 y[S6] + x[S6,1] <= 0
link_S6_C3: - 216 y[S6] + x[S6,2] <= 0
link_S6_C4: - 144 y[S6] + x[S6,3] <= 0
link_S6_C5: - 144 y[S6] + x[S6,4] <= 0
link_S6_C6: - 144 y[S6] + x[S6,5] <= 0
Bounds
Binaries
y[S1] y[S2] y[S3] y[S4] y[S5] y[S6]
End",35950.65,"y[S1] = 1.0
y[S4] = 1.0
y[S5] = 1.0
y[S6] = 1.0
x[S1,0] = 216.0
x[S1,2] = 216.0
x[S1,4] = 144.0
x[S4,5] = 144.0
x[S5,3] = 144.0
x[S6,1] = 216.0"
6,"In the context of Colorado Motor Vehicle Sales, multiple car dealerships require inventory, and several suppliers located in different cities can provide the necessary vehicles. Each supplier incurs a fixed cost upon starting operations, with the fixed cost data provided in “fixed_cost.csv.” Each dealership needs to source a certain number of vehicles from these suppliers. For each dealership, the transportation cost per vehicle from each supplier is recorded in “transportation_costs.csv.” Demand information can be gained in 'demand.csv'. The objective is to determine which suppliers to open so that the demand of all dealerships is met while minimizing the total cost. The decision variables y_i are binary, indicating whether a supplier is operational (open). The decision variables x_{ij} represent the quantity of vehicles that dealership S_j sources from supplier F_i. For each dealership, x_{ij} represents the proportion of the total supply obtained from different suppliers.",Facility Location Problem,"Data/UFLP2/demand.csv
Data/UFLP2/fixed_cost.csv
Data/UFLP2/transportation_costs.csv","\[
\begin{aligned}
\min\ & 100.64\, y_0 + 98.72\, y_1 + 100.18\, y_2 + 96.58\, y_3 + 95.75\, y_4 + 99.06\, y_5 + 101.78\, y_6 + 93.86\, y_7 \\
& + 1091.04\, x_{0,0} + 85.72\, x_{0,1} + 99.08\, x_{0,2} + 747.35\, x_{0,3} + 893.86\, x_{0,4} + 23.65\, x_{0,5} + 15.11\, x_{0,6} + 15.03\, x_{0,7} + 497.88\, x_{0,8} \\
& + 58.88\, x_{1,0} + 1617.16\, x_{1,1} + 1786.44\, x_{1,2} + 951.81\, x_{1,3} + 56.45\, x_{1,4} + 642.77\, x_{1,5} + 16.69\, x_{1,6} + 0.63\, x_{1,7} + 11.2\, x_{1,8} \\
& + 110.47\, x_{2,0} + 0.04\, x_{2,1} + 38.89\, x_{2,2} + 1397.95\, x_{2,3} + 2361.45\, x_{2,4} + 107.62\, x_{2,5} + 1598.5\, x_{2,6} + 76.41\, x_{2,7} + 1382.84\, x_{2,8} \\
& + 1458.85\, x_{3,0} + 1049.27\, x_{3,1} + 597.32\, x_{3,2} + 1731.9\, x_{3,3} + 69.09\, x_{3,4} + 1227.17\, x_{3,5} + 1187.55\, x_{3,6} + 1017.16\, x_{3,7} + 52.15\, x_{3,8} \\
& + 0.38\, x_{4,0} + 2315.52\, x_{4,1} + 1313.06\, x_{4,2} + 1253.71\, x_{4,3} + 50.24\, x_{4,4} + 29.19\, x_{4,5} + 60.17\, x_{4,6} + 1077.35\, x_{4,7} + 70.11\, x_{4,8} \\
& + 58.2\, x_{5,0} + 1395.81\, x_{5,1} + 84.6\, x_{5,2} + 830.64\, x_{5,3} + 1003.86\, x_{5,4} + 631.17\, x_{5,5} + 31.13\, x_{5,6} + 1.4\, x_{5,7} + 246.24\, x_{5,8} \\
& + 1255.23\, x_{6,0} + 1382.31\, x_{6,1} + 78.79\, x_{6,2} + 829.02\, x_{6,3} + 67.31\, x_{6,4} + 877.35\, x_{6,5} + 185.28\, x_{6,6} + 221.98\, x_{6,7} + 0.05\, x_{6,8} \\
& + 1990.09\, x_{7,0} + 1.23\, x_{7,1} + 38.97\, x_{7,2} + 1396.35\, x_{7,3} + 112.54\, x_{7,4} + 107.54\, x_{7,5} + 1596.74\, x_{7,6} + 76.32\, x_{7,7} + 1183.79\, x_{7,8} \\
\text{s.t. } 
& \sum_{i=0}^{7} x_{i,j} \ge D_j, \quad \forall j \in \{0, \dots, 8\}, \\
& x_{i,j} \le D_j y_i, \quad \forall i \in \{0, \dots, 7\}, j \in \{0, \dots, 8\}, \\
& \mathbf{D} = [4.74\times 10^9, 1.60\times 10^9, 5.09\times 10^9, 1.03\times 10^9, 1.19\times 10^{10}, 9.06\times 10^9, 5.34\times 10^9, 6.77\times 10^8, 3.24\times 10^9], \\
& y_i \in \{0,1\}, \quad x_{i,j} \ge 0.
\end{aligned}
\]","from pathlib import Path
import csv
import gurobipy as gp
from gurobipy import GRB


def read_csv_rows(path: Path) -> list[list[str]]:
with path.open(""r"", encoding=""utf-8-sig"", newline="""") as f:
return list(csv.reader(f))


DATA_ROOT = Path(""Test_Dataset/Large-scale-or/UFLP_testing"").resolve()
ENV = gp.Env(params={""OutputFlag"": 0})
print(f""DATA_ROOT = {DATA_ROOT}"")

OUTPUT_DIR = Path(""output/model/uflp_notebook_exports"").resolve()
OUTPUT_DIR.mkdir(parents=True, exist_ok=True)


def report_solution(model: gp.Model, case_name: str):
lp_path = OUTPUT_DIR / f""{case_name}.lp""
model.write(str(lp_path))
model.optimize()
if model.Status != GRB.OPTIMAL:
raise RuntimeError(f""{case_name} did not solve to optimality. Status={model.Status}"")

print(f""{case_name} objective = {float(model.ObjVal)}"")
print(f""LP file = {lp_path}"")
print(""Non-zero variables:"")
non_zero = []
for v in model.getVars():
if abs(v.X) > 1e-9:
non_zero.append((v.VarName, v.X))

if not non_zero:
print(""(none)"")
else:
for name, value in non_zero:
print(f""{name} = {value}"")



folder = DATA_ROOT / ""UFLP2""
demand_rows = read_csv_rows(folder / ""demand.csv"")
fixed_rows = read_csv_rows(folder / ""fixed_cost.csv"")
trans_rows = read_csv_rows(folder / ""transportation_costs.csv"")

places = [row[0] for row in demand_rows[1:]]
demand = [float(row[1]) for row in demand_rows[1:]]
facilities = [row[0] for row in fixed_rows[1:]]
fixed_cost = [float(row[1]) for row in fixed_rows[1:]]
transport_cost = [[float(v) for v in row[1:]] for row in trans_rows[1:]]

model = gp.Model(""UFLP2"", env=ENV)
y = model.addVars(facilities, vtype=GRB.BINARY, name=""y"")
x = model.addVars(facilities, range(len(places)), lb=0.0, name=""x"")

model.setObjective(
gp.quicksum(fixed_cost[i] * y[facilities[i]] for i in range(len(facilities)))
+ gp.quicksum(
transport_cost[i][j] * x[facilities[i], j]
for i in range(len(facilities))
for j in range(len(places))
),
GRB.MINIMIZE,
)

for j in range(len(places)):
model.addConstr(gp.quicksum(x[f, j] for f in facilities) >= demand[j], name=f""demand_{places[j]}"")
for i in range(len(facilities)):
for j in range(len(places)):
model.addConstr(x[facilities[i], j] <= demand[j] * y[facilities[i]], name=f""link_{facilities[i]}_{places[j]}"")

report_solution(model, ""UFLP2"")","\ Model UFLP2
\ LP format - for model browsing. Use MPS format to capture full model detail.
Minimize
100.64 y[S1] + 98.72 y[S2] + 100.18 y[S3] + 96.58 y[S4] + 95.75 y[S5]
+ 99.06 y[S6] + 101.78 y[S7] + 93.86 y[S8] + 1091.04 x[S1,0]
+ 85.72 x[S1,1] + 99.08 x[S1,2] + 747.35 x[S1,3] + 893.86 x[S1,4]
+ 23.65 x[S1,5] + 15.11 x[S1,6] + 15.03 x[S1,7] + 497.88 x[S1,8]
+ 58.88 x[S2,0] + 1617.16 x[S2,1] + 1786.44 x[S2,2] + 951.81 x[S2,3]
+ 56.45 x[S2,4] + 642.77 x[S2,5] + 16.69 x[S2,6] + 0.63 x[S2,7]
+ 11.2 x[S2,8] + 110.47 x[S3,0] + 0.04 x[S3,1] + 38.89 x[S3,2]
+ 1397.95 x[S3,3] + 2361.45 x[S3,4] + 107.62 x[S3,5] + 1598.5 x[S3,6]
+ 76.41 x[S3,7] + 1382.84 x[S3,8] + 1458.85 x[S4,0] + 1049.27 x[S4,1]
+ 597.32 x[S4,2] + 1731.9 x[S4,3] + 69.09 x[S4,4] + 1227.17 x[S4,5]
+ 1187.55 x[S4,6] + 1017.16 x[S4,7] + 52.15 x[S4,8] + 0.38 x[S5,0]
+ 2315.52 x[S5,1] + 1313.06 x[S5,2] + 1253.71 x[S5,3] + 50.24 x[S5,4]
+ 29.19 x[S5,5] + 60.17 x[S5,6] + 1077.35 x[S5,7] + 70.11 x[S5,8]
+ 58.2 x[S6,0] + 1395.81 x[S6,1] + 84.6 x[S6,2] + 830.64 x[S6,3]
+ 1003.86 x[S6,4] + 631.17 x[S6,5] + 31.13 x[S6,6] + 1.4 x[S6,7]
+ 246.24 x[S6,8] + 1255.23 x[S7,0] + 1382.31 x[S7,1] + 78.79 x[S7,2]
+ 829.02 x[S7,3] + 67.31 x[S7,4] + 877.35 x[S7,5] + 185.28 x[S7,6]
+ 221.98 x[S7,7] + 0.05 x[S7,8] + 1990.09 x[S8,0] + 1.23 x[S8,1]
+ 38.97 x[S8,2] + 1396.35 x[S8,3] + 112.54 x[S8,4] + 107.54 x[S8,5]
+ 1596.74 x[S8,6] + 76.32 x[S8,7] + 1183.79 x[S8,8]
Subject To
demand_C1: x[S1,0] + x[S2,0] + x[S3,0] + x[S4,0] + x[S5,0] + x[S6,0]
+ x[S7,0] + x[S8,0] >= 4.742532e+09
demand_C2: x[S1,1] + x[S2,1] + x[S3,1] + x[S4,1] + x[S5,1] + x[S6,1]
+ x[S7,1] + x[S8,1] >= 1.600594e+09
demand_C3: x[S1,2] + x[S2,2] + x[S3,2] + x[S4,2] + x[S5,2] + x[S6,2]
+ x[S7,2] + x[S8,2] >= 5.086889e+09
demand_C4: x[S1,3] + x[S2,3] + x[S3,3] + x[S4,3] + x[S5,3] + x[S6,3]
+ x[S7,3] + x[S8,3] >= 1.027326e+09
demand_C5: x[S1,4] + x[S2,4] + x[S3,4] + x[S4,4] + x[S5,4] + x[S6,4]
+ x[S7,4] + x[S8,4] >= 1.1926044e+10
demand_C6: x[S1,5] + x[S2,5] + x[S3,5] + x[S4,5] + x[S5,5] + x[S6,5]
+ x[S7,5] + x[S8,5] >= 9.058407e+09
demand_C7: x[S1,6] + x[S2,6] + x[S3,6] + x[S4,6] + x[S5,6] + x[S6,6]
+ x[S7,6] + x[S8,6] >= 5.344367e+09
demand_C8: x[S1,7] + x[S2,7] + x[S3,7] + x[S4,7] + x[S5,7] + x[S6,7]
+ x[S7,7] + x[S8,7] >= 6.77201e+08
demand_C9: x[S1,8] + x[S2,8] + x[S3,8] + x[S4,8] + x[S5,8] + x[S6,8]
+ x[S7,8] + x[S8,8] >= 3.236493e+09
link_S1_C1: - 4.742532e+09 y[S1] + x[S1,0] <= 0
link_S1_C2: - 1.600594e+09 y[S1] + x[S1,1] <= 0
link_S1_C3: - 5.086889e+09 y[S1] + x[S1,2] <= 0
link_S1_C4: - 1.027326e+09 y[S1] + x[S1,3] <= 0
link_S1_C5: - 1.1926044e+10 y[S1] + x[S1,4] <= 0
link_S1_C6: - 9.058407e+09 y[S1] + x[S1,5] <= 0
link_S1_C7: - 5.344367e+09 y[S1] + x[S1,6] <= 0
link_S1_C8: - 6.77201e+08 y[S1] + x[S1,7] <= 0
link_S1_C9: - 3.236493e+09 y[S1] + x[S1,8] <= 0
link_S2_C1: - 4.742532e+09 y[S2] + x[S2,0] <= 0
link_S2_C2: - 1.600594e+09 y[S2] + x[S2,1] <= 0
link_S2_C3: - 5.086889e+09 y[S2] + x[S2,2] <= 0
link_S2_C4: - 1.027326e+09 y[S2] + x[S2,3] <= 0
link_S2_C5: - 1.1926044e+10 y[S2] + x[S2,4] <= 0
link_S2_C6: - 9.058407e+09 y[S2] + x[S2,5] <= 0
link_S2_C7: - 5.344367e+09 y[S2] + x[S2,6] <= 0
link_S2_C8: - 6.77201e+08 y[S2] + x[S2,7] <= 0
link_S2_C9: - 3.236493e+09 y[S2] + x[S2,8] <= 0
link_S3_C1: - 4.742532e+09 y[S3] + x[S3,0] <= 0
link_S3_C2: - 1.600594e+09 y[S3] + x[S3,1] <= 0
link_S3_C3: - 5.086889e+09 y[S3] + x[S3,2] <= 0
link_S3_C4: - 1.027326e+09 y[S3] + x[S3,3] <= 0
link_S3_C5: - 1.1926044e+10 y[S3] + x[S3,4] <= 0
link_S3_C6: - 9.058407e+09 y[S3] + x[S3,5] <= 0
link_S3_C7: - 5.344367e+09 y[S3] + x[S3,6] <= 0
link_S3_C8: - 6.77201e+08 y[S3] + x[S3,7] <= 0
link_S3_C9: - 3.236493e+09 y[S3] + x[S3,8] <= 0
link_S4_C1: - 4.742532e+09 y[S4] + x[S4,0] <= 0
link_S4_C2: - 1.600594e+09 y[S4] + x[S4,1] <= 0
link_S4_C3: - 5.086889e+09 y[S4] + x[S4,2] <= 0
link_S4_C4: - 1.027326e+09 y[S4] + x[S4,3] <= 0
link_S4_C5: - 1.1926044e+10 y[S4] + x[S4,4] <= 0
link_S4_C6: - 9.058407e+09 y[S4] + x[S4,5] <= 0
link_S4_C7: - 5.344367e+09 y[S4] + x[S4,6] <= 0
link_S4_C8: - 6.77201e+08 y[S4] + x[S4,7] <= 0
link_S4_C9: - 3.236493e+09 y[S4] + x[S4,8] <= 0
link_S5_C1: - 4.742532e+09 y[S5] + x[S5,0] <= 0
link_S5_C2: - 1.600594e+09 y[S5] + x[S5,1] <= 0
link_S5_C3: - 5.086889e+09 y[S5] + x[S5,2] <= 0
link_S5_C4: - 1.027326e+09 y[S5] + x[S5,3] <= 0
link_S5_C5: - 1.1926044e+10 y[S5] + x[S5,4] <= 0
link_S5_C6: - 9.058407e+09 y[S5] + x[S5,5] <= 0
link_S5_C7: - 5.344367e+09 y[S5] + x[S5,6] <= 0
link_S5_C8: - 6.77201e+08 y[S5] + x[S5,7] <= 0
link_S5_C9: - 3.236493e+09 y[S5] + x[S5,8] <= 0
link_S6_C1: - 4.742532e+09 y[S6] + x[S6,0] <= 0
link_S6_C2: - 1.600594e+09 y[S6] + x[S6,1] <= 0
link_S6_C3: - 5.086889e+09 y[S6] + x[S6,2] <= 0
link_S6_C4: - 1.027326e+09 y[S6] + x[S6,3] <= 0
link_S6_C5: - 1.1926044e+10 y[S6] + x[S6,4] <= 0
link_S6_C6: - 9.058407e+09 y[S6] + x[S6,5] <= 0
link_S6_C7: - 5.344367e+09 y[S6] + x[S6,6] <= 0
link_S6_C8: - 6.77201e+08 y[S6] + x[S6,7] <= 0
link_S6_C9: - 3.236493e+09 y[S6] + x[S6,8] <= 0
link_S7_C1: - 4.742532e+09 y[S7] + x[S7,0] <= 0
link_S7_C2: - 1.600594e+09 y[S7] + x[S7,1] <= 0
link_S7_C3: - 5.086889e+09 y[S7] + x[S7,2] <= 0
link_S7_C4: - 1.027326e+09 y[S7] + x[S7,3] <= 0
link_S7_C5: - 1.1926044e+10 y[S7] + x[S7,4] <= 0
link_S7_C6: - 9.058407e+09 y[S7] + x[S7,5] <= 0
link_S7_C7: - 5.344367e+09 y[S7] + x[S7,6] <= 0
link_S7_C8: - 6.77201e+08 y[S7] + x[S7,7] <= 0
link_S7_C9: - 3.236493e+09 y[S7] + x[S7,8] <= 0
link_S8_C1: - 4.742532e+09 y[S8] + x[S8,0] <= 0
link_S8_C2: - 1.600594e+09 y[S8] + x[S8,1] <= 0
link_S8_C3: - 5.086889e+09 y[S8] + x[S8,2] <= 0
link_S8_C4: - 1.027326e+09 y[S8] + x[S8,3] <= 0
link_S8_C5: - 1.1926044e+10 y[S8] + x[S8,4] <= 0
link_S8_C6: - 9.058407e+09 y[S8] + x[S8,5] <= 0
link_S8_C7: - 5.344367e+09 y[S8] + x[S8,6] <= 0
link_S8_C8: - 6.77201e+08 y[S8] + x[S8,7] <= 0
link_S8_C9: - 3.236493e+09 y[S8] + x[S8,8] <= 0
Bounds
Binaries
y[S1] y[S2] y[S3] y[S4] y[S5] y[S6] y[S7] y[S8]
End",1.86E+12,"y[S1] = 1.0
y[S2] = 1.0
y[S3] = 1.0
y[S4] = 1.0
y[S5] = 1.0
y[S6] = 1.0
y[S7] = 1.0
y[S8] = 1.0
x[S1,3] = 1027326000.0
x[S1,5] = 9058407000.0
x[S1,6] = 5344367000.0
x[S2,7] = 677201000.0
x[S3,1] = 1600594000.0
x[S3,2] = 5086889000.0
x[S5,0] = 4742532000.0
x[S5,4] = 11926044000.0
x[S7,8] = 3236493000.0"
7,"In the Superstore chain, multiple branches require inventory replenishment, and several suppliers located in different cities can provide the necessary goods. Each supplier incurs a fixed cost upon starting operations, with the fixed cost data provided in the “fixed_cost.csv” file. Each branch needs to source a certain quantity of goods from these suppliers. For each branch, the transportation cost per unit of goods from each supplier is recorded in the “transportation_costs.csv” file. Demand information can be gained in 'demand.csv'. The objective is to determine which suppliers to activate so that the demand of all branches is met while minimizing the total cost. The decision variables y_i are binary, indicating whether a supplier is operational (open). The decision variables x_{ij} represent the quantity of goods that branch S_j sources from supplier F_i. For each branch, x_{ij} represents the proportion of the total supply obtained from different suppliers. These decision variables help determine the optimal allocation of supply to minimize the total of fixed and transportation costs.",Facility Location Problem,"Data/UFLP5/demand.csv
Data/UFLP5/fixed_cost.csv
Data/UFLP5/transportation_costs.csv","\[
\begin{aligned}
\min\ & 97.65\, y_0 + 99.76\, y_1 + 100.76\, y_2 + 105.32\, y_3 + 98.88\, y_4 \\
& + 150.74\, x_{0,0} + 0.02\, x_{0,1} + 49.13\, x_{0,2} + 2080.15\, x_{0,3} + 426.4\, x_{0,4} \\
& + 233.05\, x_{1,0} + 97.73\, x_{1,1} + 49.84\, x_{1,2} + 1982.39\, x_{1,3} + 23.96\, x_{1,4} \\
& + 55.68\, x_{2,0} + 935.61\, x_{2,1} + 4.03\, x_{2,2} + 73.09\, x_{2,3} + 525.32\, x_{2,4} \\
& + 1483.82\, x_{3,0} + 1801.08\, x_{3,1} + 112.16\, x_{3,2} + 816.05\, x_{3,3} + 107.01\, x_{3,4} \\
& + 1119.47\, x_{4,0} + 884.31\, x_{4,1} + 0.08\, x_{4,2} + 1544.95\, x_{4,3} + 543.67\, x_{4,4} \\
\text{s.t. } 
& x_{0,0} + x_{1,0} + x_{2,0} + x_{3,0} + x_{4,0} \ge 143, \\
& x_{0,1} + x_{1,1} + x_{2,1} + x_{3,1} + x_{4,1} \ge 6, \\
& x_{0,2} + x_{1,2} + x_{2,2} + x_{3,2} + x_{4,2} \ge 10, \\
& x_{0,3} + x_{1,3} + x_{2,3} + x_{3,3} + x_{4,3} \ge 25, \\
& x_{0,4} + x_{1,4} + x_{2,4} + x_{3,4} + x_{4,4} \ge 3, \\
& x_{i,j} \le d_j y_i,\ \forall i \in \{0,\dots,4\}, j \in \{0,\dots,4\}, \\
& d_j = 
\begin{cases} 
143, & j=0, \\
6, & j=1, \\
10, & j=2, \\
25, & j=3, \\
3, & j=4,
\end{cases} \\
& y_i \in \{0,1\},\quad x_{i,j} \ge 0.
\end{aligned}
\]","from pathlib import Path
import csv
import gurobipy as gp
from gurobipy import GRB


def read_csv_rows(path: Path) -> list[list[str]]:
with path.open(""r"", encoding=""utf-8-sig"", newline="""") as f:
return list(csv.reader(f))


DATA_ROOT = Path(""Test_Dataset/Large-scale-or/UFLP_testing"").resolve()
ENV = gp.Env(params={""OutputFlag"": 0})
print(f""DATA_ROOT = {DATA_ROOT}"")

OUTPUT_DIR = Path(""output/model/uflp_notebook_exports"").resolve()
OUTPUT_DIR.mkdir(parents=True, exist_ok=True)


def report_solution(model: gp.Model, case_name: str):
lp_path = OUTPUT_DIR / f""{case_name}.lp""
model.write(str(lp_path))
model.optimize()
if model.Status != GRB.OPTIMAL:
raise RuntimeError(f""{case_name} did not solve to optimality. Status={model.Status}"")

print(f""{case_name} objective = {float(model.ObjVal)}"")
print(f""LP file = {lp_path}"")
print(""Non-zero variables:"")
non_zero = []
for v in model.getVars():
if abs(v.X) > 1e-9:
non_zero.append((v.VarName, v.X))

if not non_zero:
print(""(none)"")
else:
for name, value in non_zero:
print(f""{name} = {value}"")

folder = DATA_ROOT / ""UFLP5""
demand_rows = read_csv_rows(folder / ""demand.csv"")
fixed_rows = read_csv_rows(folder / ""fixed_cost.csv"")
trans_rows = read_csv_rows(folder / ""transportation_costs.csv"")

places = [row[0] for row in demand_rows[1:]]
demand = [float(row[1]) for row in demand_rows[1:]]
facilities = [row[0] for row in fixed_rows[1:]]
fixed_cost = [float(row[1]) for row in fixed_rows[1:]]
transport_cost = [[float(v) for v in row[1:]] for row in trans_rows[1:]]

model = gp.Model(""UFLP5"", env=ENV)
y = model.addVars(facilities, vtype=GRB.BINARY, name=""y"")
x = model.addVars(facilities, range(len(places)), lb=0.0, name=""x"")

model.setObjective(
gp.quicksum(fixed_cost[i] * y[facilities[i]] for i in range(len(facilities)))
+ gp.quicksum(
transport_cost[i][j] * x[facilities[i], j]
for i in range(len(facilities))
for j in range(len(places))
),
GRB.MINIMIZE,
)

for j in range(len(places)):
model.addConstr(gp.quicksum(x[f, j] for f in facilities) >= demand[j], name=f""demand_{places[j]}"")
for i in range(len(facilities)):
for j in range(len(places)):
model.addConstr(x[facilities[i], j] <= demand[j] * y[facilities[i]], name=f""link_{facilities[i]}_{places[j]}"")

report_solution(model, ""UFLP5"")","\ Model UFLP5
\ LP format - for model browsing. Use MPS format to capture full model detail.
Minimize
97.65 y[S1] + 99.76 y[S2] + 100.76 y[S3] + 105.32 y[S4] + 98.88 y[S5]
+ 150.74 x[S1,0] + 0.02 x[S1,1] + 49.13 x[S1,2] + 2080.15 x[S1,3]
+ 426.4 x[S1,4] + 233.05 x[S2,0] + 97.73 x[S2,1] + 49.84 x[S2,2]
+ 1982.39 x[S2,3] + 23.96 x[S2,4] + 55.68 x[S3,0] + 935.61 x[S3,1]
+ 4.03 x[S3,2] + 73.09 x[S3,3] + 525.32 x[S3,4] + 1483.82 x[S4,0]
+ 1801.08 x[S4,1] + 112.16 x[S4,2] + 816.05 x[S4,3] + 107.01 x[S4,4]
+ 1119.47 x[S5,0] + 884.31 x[S5,1] + 0.08 x[S5,2] + 1544.95 x[S5,3]
+ 543.67 x[S5,4]
Subject To
demand_C1: x[S1,0] + x[S2,0] + x[S3,0] + x[S4,0] + x[S5,0] >= 143
demand_C2: x[S1,1] + x[S2,1] + x[S3,1] + x[S4,1] + x[S5,1] >= 6
demand_C3: x[S1,2] + x[S2,2] + x[S3,2] + x[S4,2] + x[S5,2] >= 10
demand_C4: x[S1,3] + x[S2,3] + x[S3,3] + x[S4,3] + x[S5,3] >= 25
demand_C5: x[S1,4] + x[S2,4] + x[S3,4] + x[S4,4] + x[S5,4] >= 3
link_S1_C1: - 143 y[S1] + x[S1,0] <= 0
link_S1_C2: - 6 y[S1] + x[S1,1] <= 0
link_S1_C3: - 10 y[S1] + x[S1,2] <= 0
link_S1_C4: - 25 y[S1] + x[S1,3] <= 0
link_S1_C5: - 3 y[S1] + x[S1,4] <= 0
link_S2_C1: - 143 y[S2] + x[S2,0] <= 0
link_S2_C2: - 6 y[S2] + x[S2,1] <= 0
link_S2_C3: - 10 y[S2] + x[S2,2] <= 0
link_S2_C4: - 25 y[S2] + x[S2,3] <= 0
link_S2_C5: - 3 y[S2] + x[S2,4] <= 0
link_S3_C1: - 143 y[S3] + x[S3,0] <= 0
link_S3_C2: - 6 y[S3] + x[S3,1] <= 0
link_S3_C3: - 10 y[S3] + x[S3,2] <= 0
link_S3_C4: - 25 y[S3] + x[S3,3] <= 0
link_S3_C5: - 3 y[S3] + x[S3,4] <= 0
link_S4_C1: - 143 y[S4] + x[S4,0] <= 0
link_S4_C2: - 6 y[S4] + x[S4,1] <= 0
link_S4_C3: - 10 y[S4] + x[S4,2] <= 0
link_S4_C4: - 25 y[S4] + x[S4,3] <= 0
link_S4_C5: - 3 y[S4] + x[S4,4] <= 0
link_S5_C1: - 143 y[S5] + x[S5,0] <= 0
link_S5_C2: - 6 y[S5] + x[S5,1] <= 0
link_S5_C3: - 10 y[S5] + x[S5,2] <= 0
link_S5_C4: - 25 y[S5] + x[S5,3] <= 0
link_S5_C5: - 3 y[S5] + x[S5,4] <= 0
Bounds
Binaries
y[S1] y[S2] y[S3] y[S4] y[S5]
End",10199.96,"Non-zero variables:
y[S1] = 1.0
y[S2] = 1.0
y[S3] = 1.0
x[S1,1] = 6.0
x[S2,4] = 3.0
x[S3,0] = 143.0
x[S3,2] = 10.0
x[S3,3] = 25.0"
8,"The Iowa Department of Commerce requires that any store selling alcohol in bottled form for off-premises consumption must hold a Class “E” liquor license, a typical arrangement for most state liquor regulatory authorities. All alcohol sales from stores registered with the Iowa Department of Commerce are recorded in the department’s system, which is publicly released as open data by the State of Iowa. Several suppliers located in different cities can provide the necessary liquor products to these licensed stores. Each supplier incurs a fixed cost when starting operations, with the fixed cost data provided in “fixed_cost.csv.” The Department needs to source a unit of each liquor product for the stores from these suppliers. For each product, the transportation cost per unit from each supplier to each store is recorded in “transportation_costs.csv.” Additionally, each store has a specific demand for these products, which is provided in “demand.csv.” The objective is to determine which suppliers to activate so that the demand for all liquor products across all licensed stores is met while minimizing the total cost. The decision variables y_i are binary, indicating whether a supplier is operational (open). The decision variables x_{ij} represent the quantity of goods that each store S_j sources from supplier F_i.",Facility Location Problem,"Data/UFLP6/demand.csv
Data/UFLP6/fixed_cost.csv
Data/UFLP6/transportation_costs.csv","\[
\begin{aligned}
\min\ & 96.58\, y_0 + 94.06\, y_1 + 94.37\, y_2 + 82.88\, y_3 + 94.96\, y_4 \\
& + 694.68\, x_{0,0} + 17.48\, x_{0,1} + 20.07\, x_{0,2} + 199.02\, x_{0,3} + 1685.53\, x_{0,4} \\
& + 15.13\, x_{1,0} + 1.5\, x_{1,1} + 1.43\, x_{1,2} + 27.88\, x_{1,3} + 90.69\, x_{1,4} \\
& + 2.34\, x_{2,0} + 349.34\, x_{2,1} + 246.6\, x_{2,2} + 41.3\, x_{2,3} + 78.73\, x_{2,4} \\
& + 1181.6\, x_{3,0} + 1458.53\, x_{3,1} + 1646.36\, x_{3,2} + 1924.55\, x_{3,3} + 38.93\, x_{3,4} \\
& + 1030.8\, x_{4,0} + 43.48\, x_{4,1} + 932.43\, x_{4,2} + 55.39\, x_{4,3} + 103.84\, x_{4,4} \\
\text{s.t. } 
& x_{0,0} + x_{1,0} + x_{2,0} + x_{3,0} + x_{4,0} \ge 2397, \\
& x_{0,1} + x_{1,1} + x_{2,1} + x_{3,1} + x_{4,1} \ge 1889, \\
& x_{0,2} + x_{1,2} + x_{2,2} + x_{3,2} + x_{4,2} \ge 2518, \\
& x_{0,3} + x_{1,3} + x_{2,3} + x_{3,3} + x_{4,3} \ge 3218, \\
& x_{0,4} + x_{1,4} + x_{2,4} + x_{3,4} + x_{4,4} \ge 1813, \\
& x_{i,j} \le d_j y_i,\ \forall i \in \{0,\dots,4\}, j \in \{0,\dots,4\}, \\
& d_j = 
\begin{cases} 
2397, & j=0, \\
1889, & j=1, \\
2518, & j=2, \\
3218, & j=3, \\
1813, & j=4,
\end{cases} \\
& y_i \in \{0,1\},\quad x_{i,j} \ge 0.
\end{aligned}
\]","from pathlib import Path
import csv
import gurobipy as gp
from gurobipy import GRB


def read_csv_rows(path: Path) -> list[list[str]]:
with path.open(""r"", encoding=""utf-8-sig"", newline="""") as f:
return list(csv.reader(f))


DATA_ROOT = Path(""Test_Dataset/Large-scale-or/UFLP_testing"").resolve()
ENV = gp.Env(params={""OutputFlag"": 0})
print(f""DATA_ROOT = {DATA_ROOT}"")

OUTPUT_DIR = Path(""output/model/uflp_notebook_exports"").resolve()
OUTPUT_DIR.mkdir(parents=True, exist_ok=True)


def report_solution(model: gp.Model, case_name: str):
lp_path = OUTPUT_DIR / f""{case_name}.lp""
model.write(str(lp_path))
model.optimize()
if model.Status != GRB.OPTIMAL:
raise RuntimeError(f""{case_name} did not solve to optimality. Status={model.Status}"")

print(f""{case_name} objective = {float(model.ObjVal)}"")
print(f""LP file = {lp_path}"")
print(""Non-zero variables:"")
non_zero = []
for v in model.getVars():
if abs(v.X) > 1e-9:
non_zero.append((v.VarName, v.X))

if not non_zero:
print(""(none)"")
else:
for name, value in non_zero:
print(f""{name} = {value}"")

folder = DATA_ROOT / ""UFLP6""
demand_rows = read_csv_rows(folder / ""demand.csv"")
fixed_rows = read_csv_rows(folder / ""fixed_cost.csv"")
trans_rows = read_csv_rows(folder / ""transportation_costs.csv"")

places = [row[0] for row in demand_rows[1:]]
demand = [float(row[1]) for row in demand_rows[1:]]
facilities = [row[0] for row in fixed_rows[1:]]
fixed_cost = [float(row[1]) for row in fixed_rows[1:]]
transport_cost = [[float(v) for v in row[1:]] for row in trans_rows[1:]]

model = gp.Model(""UFLP6"", env=ENV)
y = model.addVars(facilities, vtype=GRB.BINARY, name=""y"")
x = model.addVars(facilities, range(len(places)), lb=0.0, name=""x"")

model.setObjective(
gp.quicksum(fixed_cost[i] * y[facilities[i]] for i in range(len(facilities)))
+ gp.quicksum(
transport_cost[i][j] * x[facilities[i], j]
for i in range(len(facilities))
for j in range(len(places))
),
GRB.MINIMIZE,
)

for j in range(len(places)):
model.addConstr(gp.quicksum(x[f, j] for f in facilities) >= demand[j], name=f""demand_{places[j]}"")
for i in range(len(facilities)):
for j in range(len(places)):
model.addConstr(x[facilities[i], j] <= demand[j] * y[facilities[i]], name=f""link_{facilities[i]}_{places[j]}"")

report_solution(model, ""UFLP6"")","\ Model UFLP6
\ LP format - for model browsing. Use MPS format to capture full model detail.
Minimize
96.58 y[MOUNT_AYR] + 94.06 y[WAUKEE] + 94.37 y[WAVERLY] + 82.88 y[PELLA]
+ 94.96 y[DES_MOINES] + 694.68 x[MOUNT_AYR,0] + 17.48 x[MOUNT_AYR,1]
+ 20.07 x[MOUNT_AYR,2] + 199.02 x[MOUNT_AYR,3] + 1685.53 x[MOUNT_AYR,4]
+ 15.13 x[WAUKEE,0] + 1.5 x[WAUKEE,1] + 1.43 x[WAUKEE,2]
+ 27.88 x[WAUKEE,3] + 90.69 x[WAUKEE,4] + 2.34 x[WAVERLY,0]
+ 349.34 x[WAVERLY,1] + 246.6 x[WAVERLY,2] + 41.3 x[WAVERLY,3]
+ 78.73 x[WAVERLY,4] + 1181.6 x[PELLA,0] + 1458.53 x[PELLA,1]
+ 1646.36 x[PELLA,2] + 1924.55 x[PELLA,3] + 38.93 x[PELLA,4]
+ 1030.8 x[DES_MOINES,0] + 43.48 x[DES_MOINES,1]
+ 932.43 x[DES_MOINES,2] + 55.39 x[DES_MOINES,3]
+ 103.84 x[DES_MOINES,4]
Subject To
demand_Customer_1: x[MOUNT_AYR,0] + x[WAUKEE,0] + x[WAVERLY,0]
+ x[PELLA,0] + x[DES_MOINES,0] >= 2397
demand_Customer_2: x[MOUNT_AYR,1] + x[WAUKEE,1] + x[WAVERLY,1]
+ x[PELLA,1] + x[DES_MOINES,1] >= 1889
demand_Customer_3: x[MOUNT_AYR,2] + x[WAUKEE,2] + x[WAVERLY,2]
+ x[PELLA,2] + x[DES_MOINES,2] >= 2518
demand_Customer_4: x[MOUNT_AYR,3] + x[WAUKEE,3] + x[WAVERLY,3]
+ x[PELLA,3] + x[DES_MOINES,3] >= 3218
demand_Customer_5: x[MOUNT_AYR,4] + x[WAUKEE,4] + x[WAVERLY,4]
+ x[PELLA,4] + x[DES_MOINES,4] >= 1813
link_MOUNT_AYR_Customer_1: - 2397 y[MOUNT_AYR] + x[MOUNT_AYR,0] <= 0
link_MOUNT_AYR_Customer_2: - 1889 y[MOUNT_AYR] + x[MOUNT_AYR,1] <= 0
link_MOUNT_AYR_Customer_3: - 2518 y[MOUNT_AYR] + x[MOUNT_AYR,2] <= 0
link_MOUNT_AYR_Customer_4: - 3218 y[MOUNT_AYR] + x[MOUNT_AYR,3] <= 0
link_MOUNT_AYR_Customer_5: - 1813 y[MOUNT_AYR] + x[MOUNT_AYR,4] <= 0
link_WAUKEE_Customer_1: - 2397 y[WAUKEE] + x[WAUKEE,0] <= 0
link_WAUKEE_Customer_2: - 1889 y[WAUKEE] + x[WAUKEE,1] <= 0
link_WAUKEE_Customer_3: - 2518 y[WAUKEE] + x[WAUKEE,2] <= 0
link_WAUKEE_Customer_4: - 3218 y[WAUKEE] + x[WAUKEE,3] <= 0
link_WAUKEE_Customer_5: - 1813 y[WAUKEE] + x[WAUKEE,4] <= 0
link_WAVERLY_Customer_1: - 2397 y[WAVERLY] + x[WAVERLY,0] <= 0
link_WAVERLY_Customer_2: - 1889 y[WAVERLY] + x[WAVERLY,1] <= 0
link_WAVERLY_Customer_3: - 2518 y[WAVERLY] + x[WAVERLY,2] <= 0
link_WAVERLY_Customer_4: - 3218 y[WAVERLY] + x[WAVERLY,3] <= 0
link_WAVERLY_Customer_5: - 1813 y[WAVERLY] + x[WAVERLY,4] <= 0
link_PELLA_Customer_1: - 2397 y[PELLA] + x[PELLA,0] <= 0
link_PELLA_Customer_2: - 1889 y[PELLA] + x[PELLA,1] <= 0
link_PELLA_Customer_3: - 2518 y[PELLA] + x[PELLA,2] <= 0
link_PELLA_Customer_4: - 3218 y[PELLA] + x[PELLA,3] <= 0
link_PELLA_Customer_5: - 1813 y[PELLA] + x[PELLA,4] <= 0
link_DES_MOINES_Customer_1: - 2397 y[DES_MOINES] + x[DES_MOINES,0] <= 0
link_DES_MOINES_Customer_2: - 1889 y[DES_MOINES] + x[DES_MOINES,1] <= 0
link_DES_MOINES_Customer_3: - 2518 y[DES_MOINES] + x[DES_MOINES,2] <= 0
link_DES_MOINES_Customer_4: - 3218 y[DES_MOINES] + x[DES_MOINES,3] <= 0
link_DES_MOINES_Customer_5: - 1813 y[DES_MOINES] + x[DES_MOINES,4] <= 0
Bounds
Binaries
y[MOUNT_AYR] y[WAUKEE] y[WAVERLY] y[PELLA] y[DES_MOINES]
End",172612.46,"Non-zero variables:
y[WAUKEE] = 1.0
y[WAVERLY] = 1.0
y[PELLA] = 1.0
x[WAUKEE,1] = 1889.0
x[WAUKEE,2] = 2518.0
x[WAUKEE,3] = 3218.0
x[WAVERLY,0] = 2397.0
x[PELLA,4] = 1813.0"
9,"On the Bandcamp sales platform, independent musicians and bands require inventory replenishment through warehouses. Multiple distribution warehouses, located in different cities, can provide the necessary inventory. Each warehouse incurs a fixed cost when starting operations, and the fixed cost data is provided in the “fixed_cost.csv” file. Each musician or band needs to source a certain quantity of goods from these warehouses. For each musician or band, the transportation cost per unit of goods from each warehouse is recorded in the “transportation_costs.csv” file. Demand information can be gained in 'demand.csv'. The objective is to determine which warehouses should be activated so that the demand of all musicians and bands is met while minimizing the total cost. The decision variables y_i are binary, indicating whether a warehouse is operational. The decision variables x_{ij} represent the quantity of goods that musician or band S_j sources from warehouse F_i. For each musician or band, x_{ij} represents the proportion of the total supply obtained from different warehouses.",Facility Location Problem,"Data/UFLP7/demand.csv
Data/UFLP7/fixed_cost.csv
Data/UFLP7/transportation_costs.csv","\[
\begin{aligned}
\min\ & 102.33\, y_0 + 94.92\, y_1 + 91.83\, y_2 + 98.71\, y_3 + 95.73\, y_4 + 99.96\, y_5 + 98.16\, y_6 \\
& + 1506.22\, x_{0,0} + 70.9\, x_{0,1} + 8.44\, x_{0,2} + 260.27\, x_{0,3} + 197.47\, x_{0,4} + 71.71\, x_{0,5} + 61.19\, x_{0,6} \\
& + 1732.65\, x_{1,0} + 1780.72\, x_{1,1} + 567.44\, x_{1,2} + 448.68\, x_{1,3} + 29\, x_{1,4} + 1484.91\, x_{1,5} + 963.92\, x_{1,6} \\
& + 115.66\, x_{2,0} + 100.76\, x_{2,1} + 64.68\, x_{2,2} + 1324.53\, x_{2,3} + 64.99\, x_{2,4} + 134.88\, x_{2,5} + 2102.83\, x_{2,6} \\
& + 1254.78\, x_{3,0} + 1115.63\, x_{3,1} + 52.31\, x_{3,2} + 1036.16\, x_{3,3} + 892.63\, x_{3,4} + 1464.04\, x_{3,5} + 1383.41\, x_{3,6} \\
& + 42.9\, x_{4,0} + 891.01\, x_{4,1} + 1013.94\, x_{4,2} + 1128.72\, x_{4,3} + 58.91\, x_{4,4} + 42.89\, x_{4,5} + 1570.31\, x_{4,6} \\
& + 0.7\, x_{5,0} + 139.46\, x_{5,1} + 70.03\, x_{5,2} + 79.15\, x_{5,3} + 1482\, x_{5,4} + 0.91\, x_{5,5} + 110.46\, x_{5,6} \\
& + 1732.3\, x_{6,0} + 1780.44\, x_{6,1} + 486.5\, x_{6,2} + 523.74\, x_{6,3} + 522.08\, x_{6,4} + 82.48\, x_{6,5} + 826.41\, x_{6,6} \\
\text{s.t. } 
& x_{0,0} + x_{1,0} + x_{2,0} + x_{3,0} + x_{4,0} + x_{5,0} + x_{6,0} \ge 1083, \\
& x_{0,1} + x_{1,1} + x_{2,1} + x_{3,1} + x_{4,1} + x_{5,1} + x_{6,1} \ge 776, \\
& x_{0,2} + x_{1,2} + x_{2,2} + x_{3,2} + x_{4,2} + x_{5,2} + x_{6,2} \ge 16214, \\
& x_{0,3} + x_{1,3} + x_{2,3} + x_{3,3} + x_{4,3} + x_{5,3} + x_{6,3} \ge 553, \\
& x_{0,4} + x_{1,4} + x_{2,4} + x_{3,4} + x_{4,4} + x_{5,4} + x_{6,4} \ge 17106, \\
& x_{0,5} + x_{1,5} + x_{2,5} + x_{3,5} + x_{4,5} + x_{5,5} + x_{6,5} \ge 594, \\
& x_{0,6} + x_{1,6} + x_{2,6} + x_{3,6} + x_{4,6} + x_{5,6} + x_{6,6} \ge 732, \\
& x_{i,j} \le d_j y_i,\ \forall i \in \{0,\dots,6\}, j \in \{0,\dots,6\}, \\
& d_j = 
\begin{cases} 
1083, & j=0, \\
776, & j=1, \\
16214, & j=2, \\
553, & j=3, \\
17106, & j=4, \\
594, & j=5, \\
732, & j=6,
\end{cases} \\
& y_i \in \{0,1\},\quad x_{i,j} \ge 0.
\end{aligned}
\]","from pathlib import Path
import csv
import gurobipy as gp
from gurobipy import GRB


def read_csv_rows(path: Path) -> list[list[str]]:
with path.open(""r"", encoding=""utf-8-sig"", newline="""") as f:
return list(csv.reader(f))


DATA_ROOT = Path(""Test_Dataset/Large-scale-or/UFLP_testing"").resolve()
ENV = gp.Env(params={""OutputFlag"": 0})
print(f""DATA_ROOT = {DATA_ROOT}"")

OUTPUT_DIR = Path(""output/model/uflp_notebook_exports"").resolve()
OUTPUT_DIR.mkdir(parents=True, exist_ok=True)


def report_solution(model: gp.Model, case_name: str):
lp_path = OUTPUT_DIR / f""{case_name}.lp""
model.write(str(lp_path))
model.optimize()
if model.Status != GRB.OPTIMAL:
raise RuntimeError(f""{case_name} did not solve to optimality. Status={model.Status}"")

print(f""{case_name} objective = {float(model.ObjVal)}"")
print(f""LP file = {lp_path}"")
print(""Non-zero variables:"")
non_zero = []
for v in model.getVars():
if abs(v.X) > 1e-9:
non_zero.append((v.VarName, v.X))

if not non_zero:
print(""(none)"")
else:
for name, value in non_zero:
print(f""{name} = {value}"")


folder = DATA_ROOT / ""UFLP7""
demand_rows = read_csv_rows(folder / ""demand.csv"")
fixed_rows = read_csv_rows(folder / ""fixed_cost.csv"")
trans_rows = read_csv_rows(folder / ""transportation_costs.csv"")

places = [row[0] for row in demand_rows[1:]]
demand = [float(row[1]) for row in demand_rows[1:]]
facilities = [row[0] for row in fixed_rows[1:]]
fixed_cost = [float(row[1]) for row in fixed_rows[1:]]
transport_cost = [[float(v) for v in row[1:]] for row in trans_rows[1:]]

model = gp.Model(""UFLP7"", env=ENV)
y = model.addVars(facilities, vtype=GRB.BINARY, name=""y"")
x = model.addVars(facilities, range(len(places)), lb=0.0, name=""x"")

model.setObjective(
gp.quicksum(fixed_cost[i] * y[facilities[i]] for i in range(len(facilities)))
+ gp.quicksum(
transport_cost[i][j] * x[facilities[i], j]
for i in range(len(facilities))
for j in range(len(places))
),
GRB.MINIMIZE,
)

for j in range(len(places)):
model.addConstr(gp.quicksum(x[f, j] for f in facilities) >= demand[j], name=f""demand_{places[j]}"")
for i in range(len(facilities)):
for j in range(len(places)):
model.addConstr(x[facilities[i], j] <= demand[j] * y[facilities[i]], name=f""link_{facilities[i]}_{places[j]}"")

report_solution(model, ""UFLP7"")","\ Model UFLP7
\ LP format - for model browsing. Use MPS format to capture full model detail.
Minimize
102.33 y[S1] + 94.92 y[S2] + 91.83 y[S3] + 98.71 y[S4] + 95.73 y[S5]
+ 99.96 y[S6] + 98.16 y[S7] + 1506.22 x[S1,0] + 70.9 x[S1,1]
+ 8.44 x[S1,2] + 260.27 x[S1,3] + 197.47 x[S1,4] + 71.71 x[S1,5]
+ 61.19 x[S1,6] + 1732.65 x[S2,0] + 1780.72 x[S2,1] + 567.44 x[S2,2]
+ 448.68 x[S2,3] + 29 x[S2,4] + 1484.91 x[S2,5] + 963.92 x[S2,6]
+ 115.66 x[S3,0] + 100.76 x[S3,1] + 64.68 x[S3,2] + 1324.53 x[S3,3]
+ 64.99 x[S3,4] + 134.88 x[S3,5] + 2102.83 x[S3,6] + 1254.78 x[S4,0]
+ 1115.63 x[S4,1] + 52.31 x[S4,2] + 1036.16 x[S4,3] + 892.63 x[S4,4]
+ 1464.04 x[S4,5] + 1383.41 x[S4,6] + 42.9 x[S5,0] + 891.01 x[S5,1]
+ 1013.94 x[S5,2] + 1128.72 x[S5,3] + 58.91 x[S5,4] + 42.89 x[S5,5]
+ 1570.31 x[S5,6] + 0.7 x[S6,0] + 139.46 x[S6,1] + 70.03 x[S6,2]
+ 79.15 x[S6,3] + 1482 x[S6,4] + 0.91 x[S6,5] + 110.46 x[S6,6]
+ 1732.3 x[S7,0] + 1780.44 x[S7,1] + 486.5 x[S7,2] + 523.74 x[S7,3]
+ 522.08 x[S7,4] + 82.48 x[S7,5] + 826.41 x[S7,6]
Subject To
demand_C1: x[S1,0] + x[S2,0] + x[S3,0] + x[S4,0] + x[S5,0] + x[S6,0]
+ x[S7,0] >= 1083
demand_C2: x[S1,1] + x[S2,1] + x[S3,1] + x[S4,1] + x[S5,1] + x[S6,1]
+ x[S7,1] >= 776
demand_C3: x[S1,2] + x[S2,2] + x[S3,2] + x[S4,2] + x[S5,2] + x[S6,2]
+ x[S7,2] >= 16214
demand_C4: x[S1,3] + x[S2,3] + x[S3,3] + x[S4,3] + x[S5,3] + x[S6,3]
+ x[S7,3] >= 553
demand_C5: x[S1,4] + x[S2,4] + x[S3,4] + x[S4,4] + x[S5,4] + x[S6,4]
+ x[S7,4] >= 17106
demand_C6: x[S1,5] + x[S2,5] + x[S3,5] + x[S4,5] + x[S5,5] + x[S6,5]
+ x[S7,5] >= 594
demand_C7: x[S1,6] + x[S2,6] + x[S3,6] + x[S4,6] + x[S5,6] + x[S6,6]
+ x[S7,6] >= 732
link_S1_C1: - 1083 y[S1] + x[S1,0] <= 0
link_S1_C2: - 776 y[S1] + x[S1,1] <= 0
link_S1_C3: - 16214 y[S1] + x[S1,2] <= 0
link_S1_C4: - 553 y[S1] + x[S1,3] <= 0
link_S1_C5: - 17106 y[S1] + x[S1,4] <= 0
link_S1_C6: - 594 y[S1] + x[S1,5] <= 0
link_S1_C7: - 732 y[S1] + x[S1,6] <= 0
link_S2_C1: - 1083 y[S2] + x[S2,0] <= 0
link_S2_C2: - 776 y[S2] + x[S2,1] <= 0
link_S2_C3: - 16214 y[S2] + x[S2,2] <= 0
link_S2_C4: - 553 y[S2] + x[S2,3] <= 0
link_S2_C5: - 17106 y[S2] + x[S2,4] <= 0
link_S2_C6: - 594 y[S2] + x[S2,5] <= 0
link_S2_C7: - 732 y[S2] + x[S2,6] <= 0
link_S3_C1: - 1083 y[S3] + x[S3,0] <= 0
link_S3_C2: - 776 y[S3] + x[S3,1] <= 0
link_S3_C3: - 16214 y[S3] + x[S3,2] <= 0
link_S3_C4: - 553 y[S3] + x[S3,3] <= 0
link_S3_C5: - 17106 y[S3] + x[S3,4] <= 0
link_S3_C6: - 594 y[S3] + x[S3,5] <= 0
link_S3_C7: - 732 y[S3] + x[S3,6] <= 0
link_S4_C1: - 1083 y[S4] + x[S4,0] <= 0
link_S4_C2: - 776 y[S4] + x[S4,1] <= 0
link_S4_C3: - 16214 y[S4] + x[S4,2] <= 0
link_S4_C4: - 553 y[S4] + x[S4,3] <= 0
link_S4_C5: - 17106 y[S4] + x[S4,4] <= 0
link_S4_C6: - 594 y[S4] + x[S4,5] <= 0
link_S4_C7: - 732 y[S4] + x[S4,6] <= 0
link_S5_C1: - 1083 y[S5] + x[S5,0] <= 0
link_S5_C2: - 776 y[S5] + x[S5,1] <= 0
link_S5_C3: - 16214 y[S5] + x[S5,2] <= 0
link_S5_C4: - 553 y[S5] + x[S5,3] <= 0
link_S5_C5: - 17106 y[S5] + x[S5,4] <= 0
link_S5_C6: - 594 y[S5] + x[S5,5] <= 0
link_S5_C7: - 732 y[S5] + x[S5,6] <= 0
link_S6_C1: - 1083 y[S6] + x[S6,0] <= 0
link_S6_C2: - 776 y[S6] + x[S6,1] <= 0
link_S6_C3: - 16214 y[S6] + x[S6,2] <= 0
link_S6_C4: - 553 y[S6] + x[S6,3] <= 0
link_S6_C5: - 17106 y[S6] + x[S6,4] <= 0
link_S6_C6: - 594 y[S6] + x[S6,5] <= 0
link_S6_C7: - 732 y[S6] + x[S6,6] <= 0
link_S7_C1: - 1083 y[S7] + x[S7,0] <= 0
link_S7_C2: - 776 y[S7] + x[S7,1] <= 0
link_S7_C3: - 16214 y[S7] + x[S7,2] <= 0
link_S7_C4: - 553 y[S7] + x[S7,3] <= 0
link_S7_C5: - 17106 y[S7] + x[S7,4] <= 0
link_S7_C6: - 594 y[S7] + x[S7,5] <= 0
link_S7_C7: - 732 y[S7] + x[S7,6] <= 0
Bounds
Binaries
y[S1] y[S2] y[S3] y[S4] y[S5] y[S6] y[S7]
End",778095.44,"Non-zero variables:
y[S1] = 1.0
y[S2] = 1.0
y[S6] = 1.0
x[S1,1] = 776.0
x[S1,2] = 16214.0
x[S1,6] = 732.0
x[S2,4] = 17106.0
x[S6,0] = 1083.0
x[S6,3] = 553.0
x[S6,5] = 594.0"
10,"multiple supermarkets require inventory, and several suppliers located in different cities can provide the necessary goods. Each supplier incurs a fixed cost upon starting operations, with the fixed cost data provided in ""fixed_cost.csv."" Each supermarket needs to source a unit good from these suppliers. For each supermarket, the transportation cost per unit of goods from each supplier is recorded in ""transportation_costs.csv."" Demand information can be gained in 'demand.csv'. The objective is to determine which suppliers to open so that the demand of all supermarkets is met while minimizing the total cost. The decision variables y_i are binary, indicating whether a supplier is operational (open). The decision variables x_ij represent the quantity of goods that supermarket S_j sources from supplier F_i. For each supermarket, x_ij represents the proportion of the total supply obtained from different suppliers. These decision variables help determine the optimal allocation of supply to minimize the total of fixed and transportation costs.",Facility Location Problem,"Data/UFLP8/demand.csv
Data/UFLP8/fixed_cost.csv
Data/UFLP8/transportation_costs.csv","\[
\begin{aligned}
\min\ & \sum_{i=1}^{24} f_i y_i + \sum_{i=1}^{24} \sum_{j=0}^{24} c_{i,j} x_{i,j} \\
\text{s.t. } 
& \sum_{i=1}^{24} x_{i,j} \ge D_j, \quad \forall j \in \{0, \dots, 24\}, \\
& x_{i,j} \le D_j y_i, \quad \forall i \in \{1, \dots, 24\}, j \in \{0, \dots, 24\}, \\
& \mathbf{D} = [1097, 61, 11, 7, 82, 37, 483, 582, 223, 89, 60, 55, 122, 66, 12, 21, 53, 105, 1, 253, 10, 53, 24, 122, 42], \\
& y_i \in \{0,1\}, \quad x_{i,j} \ge 0.
\end{aligned}
\]","from pathlib import Path
import csv
import gurobipy as gp
from gurobipy import GRB


def read_csv_rows(path: Path) -> list[list[str]]:
with path.open(""r"", encoding=""utf-8-sig"", newline="""") as f:
return list(csv.reader(f))


DATA_ROOT = Path(""Test_Dataset/Large-scale-or/UFLP_testing"").resolve()
ENV = gp.Env(params={""OutputFlag"": 0})
print(f""DATA_ROOT = {DATA_ROOT}"")

OUTPUT_DIR = Path(""output/model/uflp_notebook_exports"").resolve()
OUTPUT_DIR.mkdir(parents=True, exist_ok=True)


def report_solution(model: gp.Model, case_name: str):
lp_path = OUTPUT_DIR / f""{case_name}.lp""
model.write(str(lp_path))
model.optimize()
if model.Status != GRB.OPTIMAL:
raise RuntimeError(f""{case_name} did not solve to optimality. Status={model.Status}"")

print(f""{case_name} objective = {float(model.ObjVal)}"")
print(f""LP file = {lp_path}"")
print(""Non-zero variables:"")
non_zero = []
for v in model.getVars():
if abs(v.X) > 1e-9:
non_zero.append((v.VarName, v.X))

if not non_zero:
print(""(none)"")
else:
for name, value in non_zero:
print(f""{name} = {value}"")

folder = DATA_ROOT / ""UFLP8""
demand_rows = read_csv_rows(folder / ""demand.csv"")
fixed_rows = read_csv_rows(folder / ""fixed_cost.csv"")
trans_rows = read_csv_rows(folder / ""transportation_costs.csv"")

places = [row[0] for row in demand_rows[1:]]
demand = [float(row[1]) for row in demand_rows[1:]]
facilities = [row[0] for row in fixed_rows[1:]]
fixed_cost = [float(row[1]) for row in fixed_rows[1:]]
transport_cost = [[float(v) for v in row[1:]] for row in trans_rows[1:]]

model = gp.Model(""UFLP8"", env=ENV)
y = model.addVars(facilities, vtype=GRB.BINARY, name=""y"")
x = model.addVars(facilities, range(len(places)), lb=0.0, name=""x"")

model.setObjective(
gp.quicksum(fixed_cost[i] * y[facilities[i]] for i in range(len(facilities)))
+ gp.quicksum(
transport_cost[i][j] * x[facilities[i], j]
for i in range(len(facilities))
for j in range(len(places))
),
GRB.MINIMIZE,
)

for j in range(len(places)):
model.addConstr(gp.quicksum(x[f, j] for f in facilities) >= demand[j], name=f""demand_{places[j]}"")
for i in range(len(facilities)):
for j in range(len(places)):
model.addConstr(x[facilities[i], j] <= demand[j] * y[facilities[i]], name=f""link_{facilities[i]}_{places[j]}"")

report_solution(model, ""UFLP8"")","\ Model UFLP8
\ LP format - for model browsing. Use MPS format to capture full model detail.
Minimize
98.88 y[S1] + 99.73 y[S2] + 94.01 y[S3] + 93.77 y[S4] + 107.59 y[S5]
+ 112.65 y[S6] + 97.05 y[S7] + 103 y[S8] + 90.45 y[S9] + 96.73 y[S10]
+ 96.43 y[S11] + 112.19 y[S12] + 102.58 y[S13] + 88.85 y[S14]
+ 82.57 y[S15] + 91.65 y[S16] + 101.38 y[S17] + 102.59 y[S18]
+ 105.97 y[S19] + 85.31 y[S20] + 104.52 y[S21] + 100.2 y[S22]
+ 103.79 y[S23] + 105.27 y[S24] + 284.11 x[S1,0] + 53.78 x[S1,1]
+ 10.62 x[S1,2] + 111.27 x[S1,3] + 158.5 x[S1,4] + 8.79 x[S1,5]
+ 53.79 x[S1,6] + 8.84 x[S1,7] + 1911.43 x[S1,8] + 8.87 x[S1,9]
+ 1129.47 x[S1,10] + 185.53 x[S1,11] + 319.81 x[S1,12] + 79.72 x[S1,13]
+ 185.84 x[S1,14] + 210.58 x[S1,15] + 79.72 x[S1,16] + 8.87 x[S1,17]
+ 8.81 x[S1,18] + 5.07 x[S1,19] + 8.79 x[S1,20] + 2032.76 x[S1,21]
+ 1129.44 x[S1,22] + 79.79 x[S1,23] + 191.46 x[S1,24] + 7.19 x[S2,0]
+ 1031.96 x[S2,1] + 90.94 x[S2,2] + 276.97 x[S2,3] + 0.45 x[S2,4]
+ 0.2 x[S2,5] + 49.14 x[S2,6] + 1.05 x[S2,7] + 2079.54 x[S2,8]
+ 1.45 x[S2,9] + 49.14 x[S2,10] + 0.05 x[S2,11] + 497.49 x[S2,12]
+ 1542.16 x[S2,13] + 1.15 x[S2,14] + 368.32 x[S2,15] + 85.68 x[S2,16]
+ 0.09 x[S2,17] + 0.5 x[S2,18] + 4.08 x[S2,19] + 1828.82 x[S2,21]
+ 49.14 x[S2,22] + 1543.43 x[S2,23] + 72.39 x[S2,24] + 151.1 x[S3,0]
+ 884.48 x[S3,1] + 4.33 x[S3,2] + 277.04 x[S3,3] + 0.33 x[S3,4]
+ 0.19 x[S3,5] + 49.14 x[S3,6] + 0.99 x[S3,7] + 99.03 x[S3,8]
+ 1.63 x[S3,9] + 884.47 x[S3,10] + 0.96 x[S3,11] + 497.55 x[S3,12]
+ 1542.22 x[S3,13] + 1.28 x[S3,14] + 20.47 x[S3,15] + 1799.25 x[S3,16]
+ 0.09 x[S3,17] + 0.02 x[S3,18] + 85.83 x[S3,19] + 1828.87 x[S3,21]
+ 49.14 x[S3,22] + 85.75 x[S3,23] + 4.02 x[S3,24] + 144.16 x[S4,0]
+ 868.75 x[S4,1] + 94.2 x[S4,2] + 285.48 x[S4,3] + 16.93 x[S4,4]
+ 0.94 x[S4,5] + 868.78 x[S4,6] + 16.6 x[S4,7] + 98.69 x[S4,8]
+ 19.74 x[S4,9] + 868.74 x[S4,10] + 19.85 x[S4,11] + 504.7 x[S4,12]
+ 1816.02 x[S4,13] + 0.95 x[S4,14] + 433.81 x[S4,15] + 1816.01 x[S4,16]
+ 0.99 x[S4,17] + 19.71 x[S4,18] + 96.16 x[S4,19] + 0.95 x[S4,20]
+ 102.5 x[S4,21] + 868.7 x[S4,22] + 1557.86 x[S4,23] + 56.07 x[S4,24]
+ 151.34 x[S5,0] + 1030.88 x[S5,1] + 91.43 x[S5,2] + 13.24 x[S5,3]
+ 0.72 x[S5,4] + 0.87 x[S5,5] + 49.09 x[S5,6] + 0.01 x[S5,7]
+ 99.05 x[S5,8] + 0.84 x[S5,9] + 883.6 x[S5,10] + 0.58 x[S5,11]
+ 23.74 x[S5,12] + 85.73 x[S5,13] + 0.94 x[S5,14] + 430.67 x[S5,15]
+ 1543.13 x[S5,16] + 0.08 x[S5,17] + 0.62 x[S5,18] + 74.45 x[S5,19]
+ 2134.66 x[S5,21] + 883.57 x[S5,22] + 85.8 x[S5,23] + 71.9 x[S5,24]
+ 7.18 x[S6,0] + 49.13 x[S6,1] + 90.72 x[S6,2] + 277.57 x[S6,3]
+ 0.37 x[S6,4] + 0.58 x[S6,5] + 1031.74 x[S6,6] + 0.76 x[S6,7]
+ 1782.98 x[S6,8] + 1.06 x[S6,9] + 884.31 x[S6,10] + 0.34 x[S6,11]
+ 23.72 x[S6,12] + 85.69 x[S6,13] + 0.69 x[S6,14] + 368.87 x[S6,15]
+ 85.69 x[S6,16] + 0.06 x[S6,17] + 0.02 x[S6,18] + 4.11 x[S6,19]
+ 0.65 x[S6,20] + 101.61 x[S6,21] + 1031.65 x[S6,22] + 1543.73 x[S6,23]
+ 84.63 x[S6,24] + 104.38 x[S7,0] + 1324.35 x[S7,1] + 1829.39 x[S7,2]
+ 1857.57 x[S7,3] + 1782.69 x[S7,4] + 2079.47 x[S7,5] + 1324.31 x[S7,6]
+ 2080.29 x[S7,7] + 2080.99 x[S7,9] + 1545.08 x[S7,10] + 99.07 x[S7,11]
+ 1653.07 x[S7,12] + 816.75 x[S7,13] + 1783.53 x[S7,14]
+ 1687.72 x[S7,15] + 700.07 x[S7,16] + 99.12 x[S7,17] + 1782.78 x[S7,18]
+ 1728.93 x[S7,19] + 99.03 x[S7,20] + 604.42 x[S7,21] + 73.58 x[S7,22]
+ 816.05 x[S7,23] + 2026.83 x[S7,24] + 129.51 x[S8,0] + 1031.96 x[S8,1]
+ 4.33 x[S8,2] + 276.97 x[S8,3] + 0.02 x[S8,4] + 0.23 x[S8,5]
+ 884.56 x[S8,6] + 1.22 x[S8,7] + 2079.54 x[S8,8] + 1.69 x[S8,9]
+ 49.14 x[S8,10] + 0.05 x[S8,11] + 426.42 x[S8,12] + 85.68 x[S8,13]
+ 1.34 x[S8,14] + 429.71 x[S8,15] + 85.68 x[S8,16] + 1.89 x[S8,17]
+ 0.5 x[S8,18] + 73.51 x[S8,19] + 101.6 x[S8,21] + 884.49 x[S8,22]
+ 1543.43 x[S8,23] + 4.02 x[S8,24] + 50.93 x[S9,0] + 5.75 x[S9,1]
+ 1057.85 x[S9,2] + 58.62 x[S9,3] + 47.63 x[S9,4] + 1000.41 x[S9,5]
+ 103.48 x[S9,6] + 47.6 x[S9,7] + 1642.85 x[S9,8] + 47.59 x[S9,9]
+ 5.75 x[S9,10] + 999.94 x[S9,11] + 1201.65 x[S9,12] + 2420.6 x[S9,13]
+ 47.61 x[S9,14] + 1116.98 x[S9,15] + 2420.61 x[S9,16]
+ 1000.29 x[S9,17] + 857.22 x[S9,18] + 51.1 x[S9,19] + 1000.61 x[S9,20]
+ 2068.65 x[S9,21] + 120.63 x[S9,22] + 115.2 x[S9,23] + 943.94 x[S9,24]
+ 129.62 x[S10,0] + 884.35 x[S10,1] + 91.1 x[S10,2] + 277.12 x[S10,3]
+ 0.27 x[S10,4] + 0.07 x[S10,5] + 1031.78 x[S10,6] + 0.91 x[S10,7]
+ 99.03 x[S10,8] + 0.08 x[S10,9] + 49.13 x[S10,10] + 0.04 x[S10,11]
+ 426.53 x[S10,12] + 85.69 x[S10,13] + 1.27 x[S10,14] + 429.82 x[S10,15]
+ 85.69 x[S10,16] + 1.9 x[S10,17] + 0.02 x[S10,18] + 4.09 x[S10,19]
+ 0.01 x[S10,20] + 2133.83 x[S10,21] + 1031.7 x[S10,22]
+ 85.76 x[S10,23] + 4.01 x[S10,24] + 53.3 x[S11,0] + 941.91 x[S11,2]
+ 58.92 x[S11,3] + 1031.61 x[S11,4] + 49.13 x[S11,5] + 0.03 x[S11,6]
+ 1030.99 x[S11,7] + 1324.29 x[S11,8] + 49.1 x[S11,9] + 0.08 x[S11,10]
+ 49.12 x[S11,11] + 1386.05 x[S11,12] + 2356.29 x[S11,13]
+ 1031.44 x[S11,14] + 1102.66 x[S11,15] + 112.2 x[S11,16]
+ 884.53 x[S11,17] + 884.16 x[S11,18] + 52.24 x[S11,19]
+ 49.14 x[S11,20] + 97.76 x[S11,21] + 0.14 x[S11,22] + 2018.83 x[S11,23]
+ 828.38 x[S11,24] + 959.55 x[S12,0] + 0.11 x[S12,1] + 941.98 x[S12,2]
+ 1237.42 x[S12,3] + 49.13 x[S12,4] + 1031.86 x[S12,5] + 0.09 x[S12,6]
+ 1031.07 x[S12,7] + 73.57 x[S12,8] + 49.1 x[S12,9] + 0.12 x[S12,10]
+ 1031.53 x[S12,11] + 1188.11 x[S12,12] + 112.2 x[S12,13]
+ 49.12 x[S12,14] + 61.26 x[S12,15] + 112.2 x[S12,16]
+ 1032.04 x[S12,17] + 884.23 x[S12,18] + 52.24 x[S12,19]
+ 884.64 x[S12,20] + 97.75 x[S12,21] + 0.17 x[S12,22]
+ 2018.76 x[S12,23] + 46.03 x[S12,24] + 29.04 x[S13,0] + 465.91 x[S13,1]
+ 574.83 x[S13,2] + 33.15 x[S13,3] + 23.68 x[S13,4] + 497.4 x[S13,5]
+ 543.59 x[S13,6] + 23.65 x[S13,7] + 88.88 x[S13,8] + 23.66 x[S13,9]
+ 25.88 x[S13,10] + 426.19 x[S13,11] + 741.75 x[S13,12]
+ 1924.94 x[S13,13] + 23.68 x[S13,14] + 657.88 x[S13,15]
+ 106.94 x[S13,16] + 23.71 x[S13,17] + 426.19 x[S13,18]
+ 26.46 x[S13,19] + 426.54 x[S13,20] + 2204.14 x[S13,21]
+ 465.88 x[S13,22] + 1926.26 x[S13,23] + 364.94 x[S13,24]
+ 1169.27 x[S14,0] + 84.55 x[S14,1] + 1153.9 x[S14,2] + 1308.84 x[S14,3]
+ 1091.55 x[S14,4] + 935.78 x[S14,5] + 4.03 x[S14,6] + 51.95 x[S14,7]
+ 1315.59 x[S14,8] + 51.95 x[S14,9] + 4.03 x[S14,10] + 1091.34 x[S14,11]
+ 1464.92 x[S14,12] + 2320.65 x[S14,13] + 51.97 x[S14,14]
+ 1365.32 x[S14,15] + 1989.14 x[S14,16] + 51.99 x[S14,17]
+ 51.97 x[S14,18] + 1160.76 x[S14,19] + 935.96 x[S14,20]
+ 1987.66 x[S14,21] + 84.55 x[S14,22] + 110.45 x[S14,23]
+ 49.07 x[S14,24] + 609.46 x[S15,0] + 25.89 x[S15,1] + 27.36 x[S15,2]
+ 33.14 x[S15,3] + 497.05 x[S15,4] + 23.67 x[S15,5] + 543.77 x[S15,6]
+ 23.64 x[S15,7] + 1600.02 x[S15,8] + 23.65 x[S15,9] + 543.73 x[S15,10]
+ 23.67 x[S15,11] + 865.28 x[S15,12] + 2245.7 x[S15,13]
+ 23.67 x[S15,14] + 767.44 x[S15,15] + 106.94 x[S15,16]
+ 426.56 x[S15,17] + 496.98 x[S15,18] + 555.49 x[S15,19]
+ 497.39 x[S15,20] + 2571.8 x[S15,21] + 466.03 x[S15,22]
+ 1926.21 x[S15,23] + 20.26 x[S15,24] + 150.9 x[S16,0]
+ 1031.21 x[S16,1] + 77.99 x[S16,2] + 13.24 x[S16,3] + 0.52 x[S16,4]
+ 0.84 x[S16,5] + 49.11 x[S16,6] + 0.27 x[S16,7] + 2080.31 x[S16,8]
+ 0.6 x[S16,9] + 883.89 x[S16,10] + 0.2 x[S16,11] + 23.74 x[S16,12]
+ 85.72 x[S16,13] + 0.44 x[S16,14] + 430.73 x[S16,15]
+ 1800.04 x[S16,16] + 0.06 x[S16,17] + 0.02 x[S16,18] + 86.8 x[S16,19]
+ 0.05 x[S16,20] + 2134.3 x[S16,21] + 883.86 x[S16,22] + 85.79 x[S16,23]
+ 72.29 x[S16,24] + 14.33 x[S17,0] + 44.6 x[S17,1] + 206.66 x[S17,2]
+ 263.28 x[S17,3] + 7.16 x[S17,4] + 128.78 x[S17,5] + 936.53 x[S17,6]
+ 150.32 x[S17,7] + 1683.01 x[S17,8] + 150.9 x[S17,9] + 936.49 x[S17,10]
+ 150.74 x[S17,11] + 23.89 x[S17,12] + 1870.02 x[S17,13]
+ 151.01 x[S17,14] + 354.07 x[S17,15] + 1870.01 x[S17,16]
+ 7.23 x[S17,17] + 7.16 x[S17,18] + 147.76 x[S17,19] + 7.16 x[S17,20]
+ 106.12 x[S17,21] + 936.46 x[S17,22] + 1871.57 x[S17,23]
+ 3.3 x[S17,24] + 358.76 x[S18,0] + 861.72 x[S18,1] + 353.14 x[S18,2]
+ 12.03 x[S18,3] + 277.21 x[S18,4] + 237.35 x[S18,5] + 47.87 x[S18,6]
+ 277.56 x[S18,7] + 1806.57 x[S18,8] + 238.51 x[S18,9]
+ 1005.34 x[S18,10] + 238.1 x[S18,11] + 330.4 x[S18,12]
+ 84.09 x[S18,13] + 13.24 x[S18,14] + 287.15 x[S18,15]
+ 1513.54 x[S18,16] + 239.04 x[S18,17] + 13.2 x[S18,18]
+ 11.51 x[S18,19] + 237.45 x[S18,20] + 101.34 x[S18,21]
+ 1005.32 x[S18,22] + 1514.88 x[S18,23] + 10.58 x[S18,24]
+ 1728.02 x[S19,0] + 2021.48 x[S19,1] + 1740.76 x[S19,2]
+ 1561.67 x[S19,3] + 1541.23 x[S19,4] + 1797.88 x[S19,5]
+ 112.3 x[S19,6] + 85.66 x[S19,7] + 38.99 x[S19,8] + 1798.84 x[S19,9]
+ 112.3 x[S19,10] + 1798.36 x[S19,11] + 65.76 x[S19,12] + 1.79 x[S19,13]
+ 1798.43 x[S19,14] + 1478.04 x[S19,15] + 0.1 x[S19,16]
+ 1541.17 x[S19,17] + 85.63 x[S19,18] + 82.1 x[S19,19]
+ 1540.87 x[S19,20] + 312.48 x[S19,21] + 112.31 x[S19,22]
+ 2.68 x[S19,23] + 88.22 x[S19,24] + 233.05 x[S20,0] + 49.83 x[S20,1]
+ 167.65 x[S20,2] + 9.98 x[S20,3] + 83.77 x[S20,4] + 97.37 x[S20,5]
+ 897.05 x[S20,6] + 98.26 x[S20,7] + 1982.39 x[S20,8] + 4.71 x[S20,9]
+ 49.83 x[S20,10] + 4.68 x[S20,11] + 20.07 x[S20,12] + 1514.76 x[S20,13]
+ 4.7 x[S20,14] + 16.41 x[S20,15] + 1767.22 x[S20,16] + 85.12 x[S20,17]
+ 83.86 x[S20,18] + 65.21 x[S20,19] + 97.43 x[S20,20] + 100.97 x[S20,21]
+ 896.99 x[S20,22] + 84.23 x[S20,23] + 90.24 x[S20,24] + 61.02 x[S21,0]
+ 1535.53 x[S21,1] + 64.02 x[S21,2] + 1267.63 x[S21,3] + 68.22 x[S21,4]
+ 68.23 x[S21,5] + 1535.55 x[S21,6] + 1227.86 x[S21,7]
+ 1384.44 x[S21,8] + 68.18 x[S21,9] + 85.31 x[S21,10] + 68.2 x[S21,11]
+ 1528.81 x[S21,12] + 45.92 x[S21,13] + 1227.27 x[S21,14]
+ 1359.65 x[S21,15] + 826.63 x[S21,16] + 68.14 x[S21,17]
+ 1227.86 x[S21,18] + 1238.57 x[S21,19] + 1432.54 x[S21,20]
+ 917.87 x[S21,21] + 1535.48 x[S21,22] + 964.05 x[S21,23]
+ 1512.29 x[S21,24] + 599.12 x[S22,0] + 75.1 x[S22,1] + 36.2 x[S22,2]
+ 777.67 x[S22,3] + 40.47 x[S22,4] + 849.98 x[S22,5] + 1351.75 x[S22,6]
+ 40.47 x[S22,7] + 99.53 x[S22,8] + 849.24 x[S22,9] + 1351.7 x[S22,10]
+ 728.08 x[S22,11] + 1008.69 x[S22,12] + 1094.67 x[S22,13]
+ 727.84 x[S22,14] + 1039.91 x[S22,15] + 1277.11 x[S22,16]
+ 40.4 x[S22,17] + 728.39 x[S22,18] + 858.5 x[S22,19] + 40.47 x[S22,20]
+ 1211.25 x[S22,21] + 75.09 x[S22,22] + 1277.7 x[S22,23]
+ 798.66 x[S22,24] + 28.79 x[S23,0] + 539.23 x[S23,1] + 572.07 x[S23,2]
+ 703.48 x[S23,3] + 496.8 x[S23,4] + 496.93 x[S23,5] + 539.26 x[S23,6]
+ 496.23 x[S23,7] + 89.73 x[S23,8] + 425.46 x[S23,9] + 462.19 x[S23,10]
+ 23.65 x[S23,11] + 877.15 x[S23,12] + 1936.1 x[S23,13]
+ 496.74 x[S23,14] + 668.46 x[S23,15] + 2258.78 x[S23,16]
+ 23.68 x[S23,17] + 496.72 x[S23,18] + 478.37 x[S23,19]
+ 497.15 x[S23,20] + 2217.08 x[S23,21] + 539.19 x[S23,22]
+ 1937.44 x[S23,23] + 366.61 x[S23,24] + 79.03 x[S24,0]
+ 1120.79 x[S24,1] + 31.71 x[S24,2] + 250.08 x[S24,3] + 4.52 x[S24,4]
+ 4.51 x[S24,5] + 960.71 x[S24,6] + 95.26 x[S24,7] + 1801 x[S24,8]
+ 94.96 x[S24,9] + 1120.78 x[S24,10] + 4.51 x[S24,11] + 468.25 x[S24,12]
+ 1716.48 x[S24,13] + 81.13 x[S24,14] + 357.92 x[S24,15]
+ 1716.48 x[S24,16] + 4.47 x[S24,17] + 81.32 x[S24,18] + 79.41 x[S24,19]
+ 4.5 x[S24,20] + 1750.35 x[S24,21] + 1120.74 x[S24,22]
+ 1717.92 x[S24,23] + 176.78 x[S24,24]
Subject To
demand_C1: x[S1,0] + x[S2,0] + x[S3,0] + x[S4,0] + x[S5,0] + x[S6,0]
+ x[S7,0] + x[S8,0] + x[S9,0] + x[S10,0] + x[S11,0] + x[S12,0]
+ x[S13,0] + x[S14,0] + x[S15,0] + x[S16,0] + x[S17,0] + x[S18,0]
+ x[S19,0] + x[S20,0] + x[S21,0] + x[S22,0] + x[S23,0] + x[S24,0]
>= 1097
demand_C2: x[S1,1] + x[S2,1] + x[S3,1] + x[S4,1] + x[S5,1] + x[S6,1]
+ x[S7,1] + x[S8,1] + x[S9,1] + x[S10,1] + x[S11,1] + x[S12,1]
+ x[S13,1] + x[S14,1] + x[S15,1] + x[S16,1] + x[S17,1] + x[S18,1]
+ x[S19,1] + x[S20,1] + x[S21,1] + x[S22,1] + x[S23,1] + x[S24,1] >= 61
demand_C3: x[S1,2] + x[S2,2] + x[S3,2] + x[S4,2] + x[S5,2] + x[S6,2]
+ x[S7,2] + x[S8,2] + x[S9,2] + x[S10,2] + x[S11,2] + x[S12,2]
+ x[S13,2] + x[S14,2] + x[S15,2] + x[S16,2] + x[S17,2] + x[S18,2]
+ x[S19,2] + x[S20,2] + x[S21,2] + x[S22,2] + x[S23,2] + x[S24,2] >= 11
demand_C4: x[S1,3] + x[S2,3] + x[S3,3] + x[S4,3] + x[S5,3] + x[S6,3]
+ x[S7,3] + x[S8,3] + x[S9,3] + x[S10,3] + x[S11,3] + x[S12,3]
+ x[S13,3] + x[S14,3] + x[S15,3] + x[S16,3] + x[S17,3] + x[S18,3]
+ x[S19,3] + x[S20,3] + x[S21,3] + x[S22,3] + x[S23,3] + x[S24,3] >= 7
demand_C5: x[S1,4] + x[S2,4] + x[S3,4] + x[S4,4] + x[S5,4] + x[S6,4]
+ x[S7,4] + x[S8,4] + x[S9,4] + x[S10,4] + x[S11,4] + x[S12,4]
+ x[S13,4] + x[S14,4] + x[S15,4] + x[S16,4] + x[S17,4] + x[S18,4]
+ x[S19,4] + x[S20,4] + x[S21,4] + x[S22,4] + x[S23,4] + x[S24,4] >= 82
demand_C6: x[S1,5] + x[S2,5] + x[S3,5] + x[S4,5] + x[S5,5] + x[S6,5]
+ x[S7,5] + x[S8,5] + x[S9,5] + x[S10,5] + x[S11,5] + x[S12,5]
+ x[S13,5] + x[S14,5] + x[S15,5] + x[S16,5] + x[S17,5] + x[S18,5]
+ x[S19,5] + x[S20,5] + x[S21,5] + x[S22,5] + x[S23,5] + x[S24,5] >= 37
demand_C7: x[S1,6] + x[S2,6] + x[S3,6] + x[S4,6] + x[S5,6] + x[S6,6]
+ x[S7,6] + x[S8,6] + x[S9,6] + x[S10,6] + x[S11,6] + x[S12,6]
+ x[S13,6] + x[S14,6] + x[S15,6] + x[S16,6] + x[S17,6] + x[S18,6]
+ x[S19,6] + x[S20,6] + x[S21,6] + x[S22,6] + x[S23,6] + x[S24,6]
>= 483
demand_C8: x[S1,7] + x[S2,7] + x[S3,7] + x[S4,7] + x[S5,7] + x[S6,7]
+ x[S7,7] + x[S8,7] + x[S9,7] + x[S10,7] + x[S11,7] + x[S12,7]
+ x[S13,7] + x[S14,7] + x[S15,7] + x[S16,7] + x[S17,7] + x[S18,7]
+ x[S19,7] + x[S20,7] + x[S21,7] + x[S22,7] + x[S23,7] + x[S24,7]
>= 582
demand_C9: x[S1,8] + x[S2,8] + x[S3,8] + x[S4,8] + x[S5,8] + x[S6,8]
+ x[S7,8] + x[S8,8] + x[S9,8] + x[S10,8] + x[S11,8] + x[S12,8]
+ x[S13,8] + x[S14,8] + x[S15,8] + x[S16,8] + x[S17,8] + x[S18,8]
+ x[S19,8] + x[S20,8] + x[S21,8] + x[S22,8] + x[S23,8] + x[S24,8]
>= 223
demand_C10: x[S1,9] + x[S2,9] + x[S3,9] + x[S4,9] + x[S5,9] + x[S6,9]
+ x[S7,9] + x[S8,9] + x[S9,9] + x[S10,9] + x[S11,9] + x[S12,9]
+ x[S13,9] + x[S14,9] + x[S15,9] + x[S16,9] + x[S17,9] + x[S18,9]
+ x[S19,9] + x[S20,9] + x[S21,9] + x[S22,9] + x[S23,9] + x[S24,9] >= 89
demand_C11: x[S1,10] + x[S2,10] + x[S3,10] + x[S4,10] + x[S5,10]
+ x[S6,10] + x[S7,10] + x[S8,10] + x[S9,10] + x[S10,10] + x[S11,10]
+ x[S12,10] + x[S13,10] + x[S14,10] + x[S15,10] + x[S16,10] + x[S17,10]
+ x[S18,10] + x[S19,10] + x[S20,10] + x[S21,10] + x[S22,10] + x[S23,10]
+ x[S24,10] >= 60
demand_C12: x[S1,11] + x[S2,11] + x[S3,11] + x[S4,11] + x[S5,11]
+ x[S6,11] + x[S7,11] + x[S8,11] + x[S9,11] + x[S10,11] + x[S11,11]
+ x[S12,11] + x[S13,11] + x[S14,11] + x[S15,11] + x[S16,11] + x[S17,11]
+ x[S18,11] + x[S19,11] + x[S20,11] + x[S21,11] + x[S22,11] + x[S23,11]
+ x[S24,11] >= 55
demand_C13: x[S1,12] + x[S2,12] + x[S3,12] + x[S4,12] + x[S5,12]
+ x[S6,12] + x[S7,12] + x[S8,12] + x[S9,12] + x[S10,12] + x[S11,12]
+ x[S12,12] + x[S13,12] + x[S14,12] + x[S15,12] + x[S16,12] + x[S17,12]
+ x[S18,12] + x[S19,12] + x[S20,12] + x[S21,12] + x[S22,12] + x[S23,12]
+ x[S24,12] >= 122
demand_C14: x[S1,13] + x[S2,13] + x[S3,13] + x[S4,13] + x[S5,13]
+ x[S6,13] + x[S7,13] + x[S8,13] + x[S9,13] + x[S10,13] + x[S11,13]
+ x[S12,13] + x[S13,13] + x[S14,13] + x[S15,13] + x[S16,13] + x[S17,13]
+ x[S18,13] + x[S19,13] + x[S20,13] + x[S21,13] + x[S22,13] + x[S23,13]
+ x[S24,13] >= 66
demand_C15: x[S1,14] + x[S2,14] + x[S3,14] + x[S4,14] + x[S5,14]
+ x[S6,14] + x[S7,14] + x[S8,14] + x[S9,14] + x[S10,14] + x[S11,14]
+ x[S12,14] + x[S13,14] + x[S14,14] + x[S15,14] + x[S16,14] + x[S17,14]
+ x[S18,14] + x[S19,14] + x[S20,14] + x[S21,14] + x[S22,14] + x[S23,14]
+ x[S24,14] >= 12
demand_C16: x[S1,15] + x[S2,15] + x[S3,15] + x[S4,15] + x[S5,15]
+ x[S6,15] + x[S7,15] + x[S8,15] + x[S9,15] + x[S10,15] + x[S11,15]
+ x[S12,15] + x[S13,15] + x[S14,15] + x[S15,15] + x[S16,15] + x[S17,15]
+ x[S18,15] + x[S19,15] + x[S20,15] + x[S21,15] + x[S22,15] + x[S23,15]
+ x[S24,15] >= 21
demand_C17: x[S1,16] + x[S2,16] + x[S3,16] + x[S4,16] + x[S5,16]
+ x[S6,16] + x[S7,16] + x[S8,16] + x[S9,16] + x[S10,16] + x[S11,16]
+ x[S12,16] + x[S13,16] + x[S14,16] + x[S15,16] + x[S16,16] + x[S17,16]
+ x[S18,16] + x[S19,16] + x[S20,16] + x[S21,16] + x[S22,16] + x[S23,16]
+ x[S24,16] >= 53
demand_C18: x[S1,17] + x[S2,17] + x[S3,17] + x[S4,17] + x[S5,17]
+ x[S6,17] + x[S7,17] + x[S8,17] + x[S9,17] + x[S10,17] + x[S11,17]
+ x[S12,17] + x[S13,17] + x[S14,17] + x[S15,17] + x[S16,17] + x[S17,17]
+ x[S18,17] + x[S19,17] + x[S20,17] + x[S21,17] + x[S22,17] + x[S23,17]
+ x[S24,17] >= 105
demand_C19: x[S1,18] + x[S2,18] + x[S3,18] + x[S4,18] + x[S5,18]
+ x[S6,18] + x[S7,18] + x[S8,18] + x[S9,18] + x[S10,18] + x[S11,18]
+ x[S12,18] + x[S13,18] + x[S14,18] + x[S15,18] + x[S16,18] + x[S17,18]
+ x[S18,18] + x[S19,18] + x[S20,18] + x[S21,18] + x[S22,18] + x[S23,18]
+ x[S24,18] >= 1
demand_C20: x[S1,19] + x[S2,19] + x[S3,19] + x[S4,19] + x[S5,19]
+ x[S6,19] + x[S7,19] + x[S8,19] + x[S9,19] + x[S10,19] + x[S11,19]
+ x[S12,19] + x[S13,19] + x[S14,19] + x[S15,19] + x[S16,19] + x[S17,19]
+ x[S18,19] + x[S19,19] + x[S20,19] + x[S21,19] + x[S22,19] + x[S23,19]
+ x[S24,19] >= 253
demand_C21: x[S1,20] + x[S2,20] + x[S3,20] + x[S4,20] + x[S5,20]
+ x[S6,20] + x[S7,20] + x[S8,20] + x[S9,20] + x[S10,20] + x[S11,20]
+ x[S12,20] + x[S13,20] + x[S14,20] + x[S15,20] + x[S16,20] + x[S17,20]
+ x[S18,20] + x[S19,20] + x[S20,20] + x[S21,20] + x[S22,20] + x[S23,20]
+ x[S24,20] >= 10
demand_C22: x[S1,21] + x[S2,21] + x[S3,21] + x[S4,21] + x[S5,21]
+ x[S6,21] + x[S7,21] + x[S8,21] + x[S9,21] + x[S10,21] + x[S11,21]
+ x[S12,21] + x[S13,21] + x[S14,21] + x[S15,21] + x[S16,21] + x[S17,21]
+ x[S18,21] + x[S19,21] + x[S20,21] + x[S21,21] + x[S22,21] + x[S23,21]
+ x[S24,21] >= 53
demand_C23: x[S1,22] + x[S2,22] + x[S3,22] + x[S4,22] + x[S5,22]
+ x[S6,22] + x[S7,22] + x[S8,22] + x[S9,22] + x[S10,22] + x[S11,22]
+ x[S12,22] + x[S13,22] + x[S14,22] + x[S15,22] + x[S16,22] + x[S17,22]
+ x[S18,22] + x[S19,22] + x[S20,22] + x[S21,22] + x[S22,22] + x[S23,22]
+ x[S24,22] >= 24
demand_C24: x[S1,23] + x[S2,23] + x[S3,23] + x[S4,23] + x[S5,23]
+ x[S6,23] + x[S7,23] + x[S8,23] + x[S9,23] + x[S10,23] + x[S11,23]
+ x[S12,23] + x[S13,23] + x[S14,23] + x[S15,23] + x[S16,23] + x[S17,23]
+ x[S18,23] + x[S19,23] + x[S20,23] + x[S21,23] + x[S22,23] + x[S23,23]
+ x[S24,23] >= 122
demand_C25: x[S1,24] + x[S2,24] + x[S3,24] + x[S4,24] + x[S5,24]
+ x[S6,24] + x[S7,24] + x[S8,24] + x[S9,24] + x[S10,24] + x[S11,24]
+ x[S12,24] + x[S13,24] + x[S14,24] + x[S15,24] + x[S16,24] + x[S17,24]
+ x[S18,24] + x[S19,24] + x[S20,24] + x[S21,24] + x[S22,24] + x[S23,24]
+ x[S24,24] >= 42
link_S1_C1: - 1097 y[S1] + x[S1,0] <= 0
link_S1_C2: - 61 y[S1] + x[S1,1] <= 0
link_S1_C3: - 11 y[S1] + x[S1,2] <= 0
link_S1_C4: - 7 y[S1] + x[S1,3] <= 0
link_S1_C5: - 82 y[S1] + x[S1,4] <= 0
link_S1_C6: - 37 y[S1] + x[S1,5] <= 0
link_S1_C7: - 483 y[S1] + x[S1,6] <= 0
link_S1_C8: - 582 y[S1] + x[S1,7] <= 0
link_S1_C9: - 223 y[S1] + x[S1,8] <= 0
link_S1_C10: - 89 y[S1] + x[S1,9] <= 0
link_S1_C11: - 60 y[S1] + x[S1,10] <= 0
link_S1_C12: - 55 y[S1] + x[S1,11] <= 0
link_S1_C13: - 122 y[S1] + x[S1,12] <= 0
link_S1_C14: - 66 y[S1] + x[S1,13] <= 0
link_S1_C15: - 12 y[S1] + x[S1,14] <= 0
link_S1_C16: - 21 y[S1] + x[S1,15] <= 0
link_S1_C17: - 53 y[S1] + x[S1,16] <= 0
link_S1_C18: - 105 y[S1] + x[S1,17] <= 0
link_S1_C19: - y[S1] + x[S1,18] <= 0
link_S1_C20: - 253 y[S1] + x[S1,19] <= 0
link_S1_C21: - 10 y[S1] + x[S1,20] <= 0
link_S1_C22: - 53 y[S1] + x[S1,21] <= 0
link_S1_C23: - 24 y[S1] + x[S1,22] <= 0
link_S1_C24: - 122 y[S1] + x[S1,23] <= 0
link_S1_C25: - 42 y[S1] + x[S1,24] <= 0
link_S2_C1: - 1097 y[S2] + x[S2,0] <= 0
link_S2_C2: - 61 y[S2] + x[S2,1] <= 0
link_S2_C3: - 11 y[S2] + x[S2,2] <= 0
link_S2_C4: - 7 y[S2] + x[S2,3] <= 0
link_S2_C5: - 82 y[S2] + x[S2,4] <= 0
link_S2_C6: - 37 y[S2] + x[S2,5] <= 0
link_S2_C7: - 483 y[S2] + x[S2,6] <= 0
link_S2_C8: - 582 y[S2] + x[S2,7] <= 0
link_S2_C9: - 223 y[S2] + x[S2,8] <= 0
link_S2_C10: - 89 y[S2] + x[S2,9] <= 0
link_S2_C11: - 60 y[S2] + x[S2,10] <= 0
link_S2_C12: - 55 y[S2] + x[S2,11] <= 0
link_S2_C13: - 122 y[S2] + x[S2,12] <= 0
link_S2_C14: - 66 y[S2] + x[S2,13] <= 0
link_S2_C15: - 12 y[S2] + x[S2,14] <= 0
link_S2_C16: - 21 y[S2] + x[S2,15] <= 0
link_S2_C17: - 53 y[S2] + x[S2,16] <= 0
link_S2_C18: - 105 y[S2] + x[S2,17] <= 0
link_S2_C19: - y[S2] + x[S2,18] <= 0
link_S2_C20: - 253 y[S2] + x[S2,19] <= 0
link_S2_C21: - 10 y[S2] + x[S2,20] <= 0
link_S2_C22: - 53 y[S2] + x[S2,21] <= 0
link_S2_C23: - 24 y[S2] + x[S2,22] <= 0
link_S2_C24: - 122 y[S2] + x[S2,23] <= 0
link_S2_C25: - 42 y[S2] + x[S2,24] <= 0
link_S3_C1: - 1097 y[S3] + x[S3,0] <= 0
link_S3_C2: - 61 y[S3] + x[S3,1] <= 0
link_S3_C3: - 11 y[S3] + x[S3,2] <= 0
link_S3_C4: - 7 y[S3] + x[S3,3] <= 0
link_S3_C5: - 82 y[S3] + x[S3,4] <= 0
link_S3_C6: - 37 y[S3] + x[S3,5] <= 0
link_S3_C7: - 483 y[S3] + x[S3,6] <= 0
link_S3_C8: - 582 y[S3] + x[S3,7] <= 0
link_S3_C9: - 223 y[S3] + x[S3,8] <= 0
link_S3_C10: - 89 y[S3] + x[S3,9] <= 0
link_S3_C11: - 60 y[S3] + x[S3,10] <= 0
link_S3_C12: - 55 y[S3] + x[S3,11] <= 0
link_S3_C13: - 122 y[S3] + x[S3,12] <= 0
link_S3_C14: - 66 y[S3] + x[S3,13] <= 0
link_S3_C15: - 12 y[S3] + x[S3,14] <= 0
link_S3_C16: - 21 y[S3] + x[S3,15] <= 0
link_S3_C17: - 53 y[S3] + x[S3,16] <= 0
link_S3_C18: - 105 y[S3] + x[S3,17] <= 0
link_S3_C19: - y[S3] + x[S3,18] <= 0
link_S3_C20: - 253 y[S3] + x[S3,19] <= 0
link_S3_C21: - 10 y[S3] + x[S3,20] <= 0
link_S3_C22: - 53 y[S3] + x[S3,21] <= 0
link_S3_C23: - 24 y[S3] + x[S3,22] <= 0
link_S3_C24: - 122 y[S3] + x[S3,23] <= 0
link_S3_C25: - 42 y[S3] + x[S3,24] <= 0
link_S4_C1: - 1097 y[S4] + x[S4,0] <= 0
link_S4_C2: - 61 y[S4] + x[S4,1] <= 0
link_S4_C3: - 11 y[S4] + x[S4,2] <= 0
link_S4_C4: - 7 y[S4] + x[S4,3] <= 0
link_S4_C5: - 82 y[S4] + x[S4,4] <= 0
link_S4_C6: - 37 y[S4] + x[S4,5] <= 0
link_S4_C7: - 483 y[S4] + x[S4,6] <= 0
link_S4_C8: - 582 y[S4] + x[S4,7] <= 0
link_S4_C9: - 223 y[S4] + x[S4,8] <= 0
link_S4_C10: - 89 y[S4] + x[S4,9] <= 0
link_S4_C11: - 60 y[S4] + x[S4,10] <= 0
link_S4_C12: - 55 y[S4] + x[S4,11] <= 0
link_S4_C13: - 122 y[S4] + x[S4,12] <= 0
link_S4_C14: - 66 y[S4] + x[S4,13] <= 0
link_S4_C15: - 12 y[S4] + x[S4,14] <= 0
link_S4_C16: - 21 y[S4] + x[S4,15] <= 0
link_S4_C17: - 53 y[S4] + x[S4,16] <= 0
link_S4_C18: - 105 y[S4] + x[S4,17] <= 0
link_S4_C19: - y[S4] + x[S4,18] <= 0
link_S4_C20: - 253 y[S4] + x[S4,19] <= 0
link_S4_C21: - 10 y[S4] + x[S4,20] <= 0
link_S4_C22: - 53 y[S4] + x[S4,21] <= 0
link_S4_C23: - 24 y[S4] + x[S4,22] <= 0
link_S4_C24: - 122 y[S4] + x[S4,23] <= 0
link_S4_C25: - 42 y[S4] + x[S4,24] <= 0
link_S5_C1: - 1097 y[S5] + x[S5,0] <= 0
link_S5_C2: - 61 y[S5] + x[S5,1] <= 0
link_S5_C3: - 11 y[S5] + x[S5,2] <= 0
link_S5_C4: - 7 y[S5] + x[S5,3] <= 0
link_S5_C5: - 82 y[S5] + x[S5,4] <= 0
link_S5_C6: - 37 y[S5] + x[S5,5] <= 0
link_S5_C7: - 483 y[S5] + x[S5,6] <= 0
link_S5_C8: - 582 y[S5] + x[S5,7] <= 0
link_S5_C9: - 223 y[S5] + x[S5,8] <= 0
link_S5_C10: - 89 y[S5] + x[S5,9] <= 0
link_S5_C11: - 60 y[S5] + x[S5,10] <= 0
link_S5_C12: - 55 y[S5] + x[S5,11] <= 0
link_S5_C13: - 122 y[S5] + x[S5,12] <= 0
link_S5_C14: - 66 y[S5] + x[S5,13] <= 0
link_S5_C15: - 12 y[S5] + x[S5,14] <= 0
link_S5_C16: - 21 y[S5] + x[S5,15] <= 0
link_S5_C17: - 53 y[S5] + x[S5,16] <= 0
link_S5_C18: - 105 y[S5] + x[S5,17] <= 0
link_S5_C19: - y[S5] + x[S5,18] <= 0
link_S5_C20: - 253 y[S5] + x[S5,19] <= 0
link_S5_C21: - 10 y[S5] + x[S5,20] <= 0
link_S5_C22: - 53 y[S5] + x[S5,21] <= 0
link_S5_C23: - 24 y[S5] + x[S5,22] <= 0
link_S5_C24: - 122 y[S5] + x[S5,23] <= 0
link_S5_C25: - 42 y[S5] + x[S5,24] <= 0
link_S6_C1: - 1097 y[S6] + x[S6,0] <= 0
link_S6_C2: - 61 y[S6] + x[S6,1] <= 0
link_S6_C3: - 11 y[S6] + x[S6,2] <= 0
link_S6_C4: - 7 y[S6] + x[S6,3] <= 0
link_S6_C5: - 82 y[S6] + x[S6,4] <= 0
link_S6_C6: - 37 y[S6] + x[S6,5] <= 0
link_S6_C7: - 483 y[S6] + x[S6,6] <= 0
link_S6_C8: - 582 y[S6] + x[S6,7] <= 0
link_S6_C9: - 223 y[S6] + x[S6,8] <= 0
link_S6_C10: - 89 y[S6] + x[S6,9] <= 0
link_S6_C11: - 60 y[S6] + x[S6,10] <= 0
link_S6_C12: - 55 y[S6] + x[S6,11] <= 0
link_S6_C13: - 122 y[S6] + x[S6,12] <= 0
link_S6_C14: - 66 y[S6] + x[S6,13] <= 0
link_S6_C15: - 12 y[S6] + x[S6,14] <= 0
link_S6_C16: - 21 y[S6] + x[S6,15] <= 0
link_S6_C17: - 53 y[S6] + x[S6,16] <= 0
link_S6_C18: - 105 y[S6] + x[S6,17] <= 0
link_S6_C19: - y[S6] + x[S6,18] <= 0
link_S6_C20: - 253 y[S6] + x[S6,19] <= 0
link_S6_C21: - 10 y[S6] + x[S6,20] <= 0
link_S6_C22: - 53 y[S6] + x[S6,21] <= 0
link_S6_C23: - 24 y[S6] + x[S6,22] <= 0
link_S6_C24: - 122 y[S6] + x[S6,23] <= 0
link_S6_C25: - 42 y[S6] + x[S6,24] <= 0
link_S7_C1: - 1097 y[S7] + x[S7,0] <= 0
link_S7_C2: - 61 y[S7] + x[S7,1] <= 0
link_S7_C3: - 11 y[S7] + x[S7,2] <= 0
link_S7_C4: - 7 y[S7] + x[S7,3] <= 0
link_S7_C5: - 82 y[S7] + x[S7,4] <= 0
link_S7_C6: - 37 y[S7] + x[S7,5] <= 0
link_S7_C7: - 483 y[S7] + x[S7,6] <= 0
link_S7_C8: - 582 y[S7] + x[S7,7] <= 0
link_S7_C9: - 223 y[S7] + x[S7,8] <= 0
link_S7_C10: - 89 y[S7] + x[S7,9] <= 0
link_S7_C11: - 60 y[S7] + x[S7,10] <= 0
link_S7_C12: - 55 y[S7] + x[S7,11] <= 0
link_S7_C13: - 122 y[S7] + x[S7,12] <= 0
link_S7_C14: - 66 y[S7] + x[S7,13] <= 0
link_S7_C15: - 12 y[S7] + x[S7,14] <= 0
link_S7_C16: - 21 y[S7] + x[S7,15] <= 0
link_S7_C17: - 53 y[S7] + x[S7,16] <= 0
link_S7_C18: - 105 y[S7] + x[S7,17] <= 0
link_S7_C19: - y[S7] + x[S7,18] <= 0
link_S7_C20: - 253 y[S7] + x[S7,19] <= 0
link_S7_C21: - 10 y[S7] + x[S7,20] <= 0
link_S7_C22: - 53 y[S7] + x[S7,21] <= 0
link_S7_C23: - 24 y[S7] + x[S7,22] <= 0
link_S7_C24: - 122 y[S7] + x[S7,23] <= 0
link_S7_C25: - 42 y[S7] + x[S7,24] <= 0
link_S8_C1: - 1097 y[S8] + x[S8,0] <= 0
link_S8_C2: - 61 y[S8] + x[S8,1] <= 0
link_S8_C3: - 11 y[S8] + x[S8,2] <= 0
link_S8_C4: - 7 y[S8] + x[S8,3] <= 0
link_S8_C5: - 82 y[S8] + x[S8,4] <= 0
link_S8_C6: - 37 y[S8] + x[S8,5] <= 0
link_S8_C7: - 483 y[S8] + x[S8,6] <= 0
link_S8_C8: - 582 y[S8] + x[S8,7] <= 0
link_S8_C9: - 223 y[S8] + x[S8,8] <= 0
link_S8_C10: - 89 y[S8] + x[S8,9] <= 0
link_S8_C11: - 60 y[S8] + x[S8,10] <= 0
link_S8_C12: - 55 y[S8] + x[S8,11] <= 0
link_S8_C13: - 122 y[S8] + x[S8,12] <= 0
link_S8_C14: - 66 y[S8] + x[S8,13] <= 0
link_S8_C15: - 12 y[S8] + x[S8,14] <= 0
link_S8_C16: - 21 y[S8] + x[S8,15] <= 0
link_S8_C17: - 53 y[S8] + x[S8,16] <= 0
link_S8_C18: - 105 y[S8] + x[S8,17] <= 0
link_S8_C19: - y[S8] + x[S8,18] <= 0
link_S8_C20: - 253 y[S8] + x[S8,19] <= 0
link_S8_C21: - 10 y[S8] + x[S8,20] <= 0
link_S8_C22: - 53 y[S8] + x[S8,21] <= 0
link_S8_C23: - 24 y[S8] + x[S8,22] <= 0
link_S8_C24: - 122 y[S8] + x[S8,23] <= 0
link_S8_C25: - 42 y[S8] + x[S8,24] <= 0
link_S9_C1: - 1097 y[S9] + x[S9,0] <= 0
link_S9_C2: - 61 y[S9] + x[S9,1] <= 0
link_S9_C3: - 11 y[S9] + x[S9,2] <= 0
link_S9_C4: - 7 y[S9] + x[S9,3] <= 0
link_S9_C5: - 82 y[S9] + x[S9,4] <= 0
link_S9_C6: - 37 y[S9] + x[S9,5] <= 0
link_S9_C7: - 483 y[S9] + x[S9,6] <= 0
link_S9_C8: - 582 y[S9] + x[S9,7] <= 0
link_S9_C9: - 223 y[S9] + x[S9,8] <= 0
link_S9_C10: - 89 y[S9] + x[S9,9] <= 0
link_S9_C11: - 60 y[S9] + x[S9,10] <= 0
link_S9_C12: - 55 y[S9] + x[S9,11] <= 0
link_S9_C13: - 122 y[S9] + x[S9,12] <= 0
link_S9_C14: - 66 y[S9] + x[S9,13] <= 0
link_S9_C15: - 12 y[S9] + x[S9,14] <= 0
link_S9_C16: - 21 y[S9] + x[S9,15] <= 0
link_S9_C17: - 53 y[S9] + x[S9,16] <= 0
link_S9_C18: - 105 y[S9] + x[S9,17] <= 0
link_S9_C19: - y[S9] + x[S9,18] <= 0
link_S9_C20: - 253 y[S9] + x[S9,19] <= 0
link_S9_C21: - 10 y[S9] + x[S9,20] <= 0
link_S9_C22: - 53 y[S9] + x[S9,21] <= 0
link_S9_C23: - 24 y[S9] + x[S9,22] <= 0
link_S9_C24: - 122 y[S9] + x[S9,23] <= 0
link_S9_C25: - 42 y[S9] + x[S9,24] <= 0
link_S10_C1: - 1097 y[S10] + x[S10,0] <= 0
link_S10_C2: - 61 y[S10] + x[S10,1] <= 0
link_S10_C3: - 11 y[S10] + x[S10,2] <= 0
link_S10_C4: - 7 y[S10] + x[S10,3] <= 0
link_S10_C5: - 82 y[S10] + x[S10,4] <= 0
link_S10_C6: - 37 y[S10] + x[S10,5] <= 0
link_S10_C7: - 483 y[S10] + x[S10,6] <= 0
link_S10_C8: - 582 y[S10] + x[S10,7] <= 0
link_S10_C9: - 223 y[S10] + x[S10,8] <= 0
link_S10_C10: - 89 y[S10] + x[S10,9] <= 0
link_S10_C11: - 60 y[S10] + x[S10,10] <= 0
link_S10_C12: - 55 y[S10] + x[S10,11] <= 0
link_S10_C13: - 122 y[S10] + x[S10,12] <= 0
link_S10_C14: - 66 y[S10] + x[S10,13] <= 0
link_S10_C15: - 12 y[S10] + x[S10,14] <= 0
link_S10_C16: - 21 y[S10] + x[S10,15] <= 0
link_S10_C17: - 53 y[S10] + x[S10,16] <= 0
link_S10_C18: - 105 y[S10] + x[S10,17] <= 0
link_S10_C19: - y[S10] + x[S10,18] <= 0
link_S10_C20: - 253 y[S10] + x[S10,19] <= 0
link_S10_C21: - 10 y[S10] + x[S10,20] <= 0
link_S10_C22: - 53 y[S10] + x[S10,21] <= 0
link_S10_C23: - 24 y[S10] + x[S10,22] <= 0
link_S10_C24: - 122 y[S10] + x[S10,23] <= 0
link_S10_C25: - 42 y[S10] + x[S10,24] <= 0
link_S11_C1: - 1097 y[S11] + x[S11,0] <= 0
link_S11_C2: - 61 y[S11] + x[S11,1] <= 0
link_S11_C3: - 11 y[S11] + x[S11,2] <= 0
link_S11_C4: - 7 y[S11] + x[S11,3] <= 0
link_S11_C5: - 82 y[S11] + x[S11,4] <= 0
link_S11_C6: - 37 y[S11] + x[S11,5] <= 0
link_S11_C7: - 483 y[S11] + x[S11,6] <= 0
link_S11_C8: - 582 y[S11] + x[S11,7] <= 0
link_S11_C9: - 223 y[S11] + x[S11,8] <= 0
link_S11_C10: - 89 y[S11] + x[S11,9] <= 0
link_S11_C11: - 60 y[S11] + x[S11,10] <= 0
link_S11_C12: - 55 y[S11] + x[S11,11] <= 0
link_S11_C13: - 122 y[S11] + x[S11,12] <= 0
link_S11_C14: - 66 y[S11] + x[S11,13] <= 0
link_S11_C15: - 12 y[S11] + x[S11,14] <= 0
link_S11_C16: - 21 y[S11] + x[S11,15] <= 0
link_S11_C17: - 53 y[S11] + x[S11,16] <= 0
link_S11_C18: - 105 y[S11] + x[S11,17] <= 0
link_S11_C19: - y[S11] + x[S11,18] <= 0
link_S11_C20: - 253 y[S11] + x[S11,19] <= 0
link_S11_C21: - 10 y[S11] + x[S11,20] <= 0
link_S11_C22: - 53 y[S11] + x[S11,21] <= 0
link_S11_C23: - 24 y[S11] + x[S11,22] <= 0
link_S11_C24: - 122 y[S11] + x[S11,23] <= 0
link_S11_C25: - 42 y[S11] + x[S11,24] <= 0
link_S12_C1: - 1097 y[S12] + x[S12,0] <= 0
link_S12_C2: - 61 y[S12] + x[S12,1] <= 0
link_S12_C3: - 11 y[S12] + x[S12,2] <= 0
link_S12_C4: - 7 y[S12] + x[S12,3] <= 0
link_S12_C5: - 82 y[S12] + x[S12,4] <= 0
link_S12_C6: - 37 y[S12] + x[S12,5] <= 0
link_S12_C7: - 483 y[S12] + x[S12,6] <= 0
link_S12_C8: - 582 y[S12] + x[S12,7] <= 0
link_S12_C9: - 223 y[S12] + x[S12,8] <= 0
link_S12_C10: - 89 y[S12] + x[S12,9] <= 0
link_S12_C11: - 60 y[S12] + x[S12,10] <= 0
link_S12_C12: - 55 y[S12] + x[S12,11] <= 0
link_S12_C13: - 122 y[S12] + x[S12,12] <= 0
link_S12_C14: - 66 y[S12] + x[S12,13] <= 0
link_S12_C15: - 12 y[S12] + x[S12,14] <= 0
link_S12_C16: - 21 y[S12] + x[S12,15] <= 0
link_S12_C17: - 53 y[S12] + x[S12,16] <= 0
link_S12_C18: - 105 y[S12] + x[S12,17] <= 0
link_S12_C19: - y[S12] + x[S12,18] <= 0
link_S12_C20: - 253 y[S12] + x[S12,19] <= 0
link_S12_C21: - 10 y[S12] + x[S12,20] <= 0
link_S12_C22: - 53 y[S12] + x[S12,21] <= 0
link_S12_C23: - 24 y[S12] + x[S12,22] <= 0
link_S12_C24: - 122 y[S12] + x[S12,23] <= 0
link_S12_C25: - 42 y[S12] + x[S12,24] <= 0
link_S13_C1: - 1097 y[S13] + x[S13,0] <= 0
link_S13_C2: - 61 y[S13] + x[S13,1] <= 0
link_S13_C3: - 11 y[S13] + x[S13,2] <= 0
link_S13_C4: - 7 y[S13] + x[S13,3] <= 0
link_S13_C5: - 82 y[S13] + x[S13,4] <= 0
link_S13_C6: - 37 y[S13] + x[S13,5] <= 0
link_S13_C7: - 483 y[S13] + x[S13,6] <= 0
link_S13_C8: - 582 y[S13] + x[S13,7] <= 0
link_S13_C9: - 223 y[S13] + x[S13,8] <= 0
link_S13_C10: - 89 y[S13] + x[S13,9] <= 0
link_S13_C11: - 60 y[S13] + x[S13,10] <= 0
link_S13_C12: - 55 y[S13] + x[S13,11] <= 0
link_S13_C13: - 122 y[S13] + x[S13,12] <= 0
link_S13_C14: - 66 y[S13] + x[S13,13] <= 0
link_S13_C15: - 12 y[S13] + x[S13,14] <= 0
link_S13_C16: - 21 y[S13] + x[S13,15] <= 0
link_S13_C17: - 53 y[S13] + x[S13,16] <= 0
link_S13_C18: - 105 y[S13] + x[S13,17] <= 0
link_S13_C19: - y[S13] + x[S13,18] <= 0
link_S13_C20: - 253 y[S13] + x[S13,19] <= 0
link_S13_C21: - 10 y[S13] + x[S13,20] <= 0
link_S13_C22: - 53 y[S13] + x[S13,21] <= 0
link_S13_C23: - 24 y[S13] + x[S13,22] <= 0
link_S13_C24: - 122 y[S13] + x[S13,23] <= 0
link_S13_C25: - 42 y[S13] + x[S13,24] <= 0
link_S14_C1: - 1097 y[S14] + x[S14,0] <= 0
link_S14_C2: - 61 y[S14] + x[S14,1] <= 0
link_S14_C3: - 11 y[S14] + x[S14,2] <= 0
link_S14_C4: - 7 y[S14] + x[S14,3] <= 0
link_S14_C5: - 82 y[S14] + x[S14,4] <= 0
link_S14_C6: - 37 y[S14] + x[S14,5] <= 0
link_S14_C7: - 483 y[S14] + x[S14,6] <= 0
link_S14_C8: - 582 y[S14] + x[S14,7] <= 0
link_S14_C9: - 223 y[S14] + x[S14,8] <= 0",18461.11,"Non-zero variables:
y[S2] = 1.0
y[S5] = 1.0
y[S7] = 1.0
y[S8] = 1.0
y[S11] = 1.0
y[S19] = 1.0
y[S20] = 1.0
x[S2,0] = 1097.0
x[S2,5] = 37.0
x[S2,11] = 55.0
x[S2,18] = 1.0
x[S2,19] = 253.0
x[S2,20] = 10.0
x[S5,7] = 582.0
x[S5,9] = 89.0
x[S5,14] = 12.0
x[S5,17] = 105.0
x[S5,20] = 10.0
x[S7,8] = 223.0
x[S8,2] = 11.0
x[S8,4] = 82.0
x[S8,20] = 10.0
x[S8,24] = 42.0
x[S11,1] = 61.0
x[S11,6] = 483.0
x[S11,10] = 60.0
x[S11,21] = 53.0
x[S11,22] = 24.0
x[S19,13] = 66.0
x[S19,16] = 53.0
x[S19,23] = 122.0
x[S20,3] = 7.0
x[S20,12] = 122.0
x[S20,15] = 21.0"
11,"On the Bandcamp sales platform, independent musicians and bands require inventory replenishment through warehouses. Multiple distribution warehouses, located in different cities, can provide the necessary inventory. Each warehouse incurs a fixed cost when starting operations, and the fixed cost data is provided in the “fixed_cost.csv” file. Each musician or band needs to source a certain quantity of goods from these warehouses. For each musician or band, the transportation cost per unit of goods from each warehouse is recorded in the “transportation_costs.csv” file. Demand information can be gained in 'demand.csv'. The objective is to determine which warehouses should be activated so that the demand of all musicians and bands is met while minimizing the total cost. The decision variables y_i are binary, indicating whether a warehouse is operational. The decision variables x_{ij} represent the quantity of goods that musician or band S_j sources from warehouse F_i. For each musician or band, x_{ij} represents the proportion of the total supply obtained from different warehouses.",Facility Location Problem,"Data/UFLP9/demand.csv
Data/UFLP9/fixed_cost.csv
Data/UFLP9/transportation_costs.csv","\[
\begin{aligned}
\min\ & 102.33\, y_0 + 94.92\, y_1 + 91.83\, y_2 \\
& + 1506.22\, x_{0,0} + 70.9\, x_{0,1} + 8.44\, x_{0,2} \\
& + 1732.65\, x_{1,0} + 1780.72\, x_{1,1} + 567.44\, x_{1,2} \\
& + 115.66\, x_{2,0} + 100.76\, x_{2,1} + 64.68\, x_{2,2} \\
\text{s.t. } 
& x_{0,0} + x_{1,0} + x_{2,0} \ge 1083, \\
& x_{0,1} + x_{1,1} + x_{2,1} \ge 776, \\
& x_{0,2} + x_{1,2} + x_{2,2} \ge 16214, \\
& x_{i,j} \le d_j y_i,\ \forall i \in \{0,1,2\}, j \in \{0,1,2\}, \\
& d_j = 
\begin{cases} 
1083, & j=0, \\
776, & j=1, \\
16214, & j=2,
\end{cases} \\
& y_i \in \{0,1\},\quad x_{i,j} \ge 0.
\end{aligned}
\]","from pathlib import Path
import csv
import gurobipy as gp
from gurobipy import GRB


def read_csv_rows(path: Path) -> list[list[str]]:
with path.open(""r"", encoding=""utf-8-sig"", newline="""") as f:
return list(csv.reader(f))


DATA_ROOT = Path(""Test_Dataset/Large-scale-or/UFLP_testing"").resolve()
ENV = gp.Env(params={""OutputFlag"": 0})
print(f""DATA_ROOT = {DATA_ROOT}"")

OUTPUT_DIR = Path(""output/model/uflp_notebook_exports"").resolve()
OUTPUT_DIR.mkdir(parents=True, exist_ok=True)


def report_solution(model: gp.Model, case_name: str):
lp_path = OUTPUT_DIR / f""{case_name}.lp""
model.write(str(lp_path))
model.optimize()
if model.Status != GRB.OPTIMAL:
raise RuntimeError(f""{case_name} did not solve to optimality. Status={model.Status}"")

print(f""{case_name} objective = {float(model.ObjVal)}"")
print(f""LP file = {lp_path}"")
print(""Non-zero variables:"")
non_zero = []
for v in model.getVars():
if abs(v.X) > 1e-9:
non_zero.append((v.VarName, v.X))

if not non_zero:
print(""(none)"")
else:
for name, value in non_zero:
print(f""{name} = {value}"")

folder = DATA_ROOT / ""UFLP9""
demand_rows = read_csv_rows(folder / ""demand.csv"")
fixed_rows = read_csv_rows(folder / ""fixed_cost.csv"")
trans_rows = read_csv_rows(folder / ""transportation_costs.csv"")

places = [row[0] for row in demand_rows[1:]]
demand = [float(row[1]) for row in demand_rows[1:]]
facilities = [row[0] for row in fixed_rows[1:]]
fixed_cost = [float(row[1]) for row in fixed_rows[1:]]
transport_cost = [[float(v) for v in row[1:]] for row in trans_rows[1:]]

model = gp.Model(""UFLP9"", env=ENV)
y = model.addVars(facilities, vtype=GRB.BINARY, name=""y"")
x = model.addVars(facilities, range(len(places)), lb=0.0, name=""x"")

model.setObjective(
gp.quicksum(fixed_cost[i] * y[facilities[i]] for i in range(len(facilities)))
+ gp.quicksum(
transport_cost[i][j] * x[facilities[i], j]
for i in range(len(facilities))
for j in range(len(places))
),
GRB.MINIMIZE,
)

for j in range(len(places)):
model.addConstr(gp.quicksum(x[f, j] for f in facilities) >= demand[j], name=f""demand_{places[j]}"")
for i in range(len(facilities)):
for j in range(len(places)):
model.addConstr(x[facilities[i], j] <= demand[j] * y[facilities[i]], name=f""link_{facilities[i]}_{places[j]}"")

report_solution(model, ""UFLP9"")","\ Model UFLP9
\ LP format - for model browsing. Use MPS format to capture full model detail.
Minimize
102.33 y[S1] + 94.92 y[S2] + 91.83 y[S3] + 1506.22 x[S1,0] + 70.9 x[S1,1]
+ 8.44 x[S1,2] + 1732.65 x[S2,0] + 1780.72 x[S2,1] + 567.44 x[S2,2]
+ 115.66 x[S3,0] + 100.76 x[S3,1] + 64.68 x[S3,2]
Subject To
demand_C1: x[S1,0] + x[S2,0] + x[S3,0] >= 1083
demand_C2: x[S1,1] + x[S2,1] + x[S3,1] >= 776
demand_C3: x[S1,2] + x[S2,2] + x[S3,2] >= 16214
link_S1_C1: - 1083 y[S1] + x[S1,0] <= 0
link_S1_C2: - 776 y[S1] + x[S1,1] <= 0
link_S1_C3: - 16214 y[S1] + x[S1,2] <= 0
link_S2_C1: - 1083 y[S2] + x[S2,0] <= 0
link_S2_C2: - 776 y[S2] + x[S2,1] <= 0
link_S2_C3: - 16214 y[S2] + x[S2,2] <= 0
link_S3_C1: - 1083 y[S3] + x[S3,0] <= 0
link_S3_C2: - 776 y[S3] + x[S3,1] <= 0
link_S3_C3: - 16214 y[S3] + x[S3,2] <= 0
Bounds
Binaries
y[S1] y[S2] y[S3]
End",317318.5,"Non-zero variables:
y[S1] = 1.0
y[S3] = 1.0
x[S1,1] = 776.0
x[S1,2] = 16214.0
x[S3,0] = 1083.0"
12,"Several supermarkets require inventory replenishment, and multiple suppliers located across various cities are capable of providing the needed goods. Each supplier incurs a one-time fixed cost when activated, with these costs detailed in “fixed_cost.csv.” Every supermarket must procure a unit of goods from the available suppliers. The per-unit transportation cost from each supplier to each supermarket is listed in “transportation_costs.csv,” while demand data is available in “demand.csv.” The goal is to identify which suppliers to activate in order to fulfill all supermarket demands at the lowest possible total cost. Binary decision variables y_i indicate whether supplier F_i is operational. Variables x_{ij} represent the share of supply that supermarket S_j receives from supplier F_i. These variables are used to determine the most cost-effective distribution strategy, minimizing the sum of fixed and transportation costs.",Facility Location Problem,"Data/UFLP10/demand.csv
Data/UFLP10/fixed_cost.csv
Data/UFLP10/transportation_costs.csv","\[
\begin{aligned}
\min\ & 105.97\, y_0 + 85.31\, y_1 \\
& + 339608.16\, x_{0,0} + 322289.28\, x_{0,1} \\
& + 10.08\, x_{1,0} + 11301.12\, x_{1,1} \\
\text{s.t. } 
& x_{0,0} + x_{1,0} = 1, \\
& x_{0,1} + x_{1,1} = 1, \\
& x_{i,j} \le y_i,\ \forall i \in \{0,1\}, j \in \{0,1\}, \\
& y_i \in \{0,1\}, \\
& 0 \le x_{i,j} \le 1,\ \forall i,j.
\end{aligned}
\]","from pathlib import Path
import csv
import gurobipy as gp
from gurobipy import GRB


def read_csv_rows(path: Path) -> list[list[str]]:
with path.open(""r"", encoding=""utf-8-sig"", newline="""") as f:
return list(csv.reader(f))


DATA_ROOT = Path(""Test_Dataset/Large-scale-or/UFLP_testing"").resolve()
ENV = gp.Env(params={""OutputFlag"": 0})
print(f""DATA_ROOT = {DATA_ROOT}"")

OUTPUT_DIR = Path(""output/model/uflp_notebook_exports"").resolve()
OUTPUT_DIR.mkdir(parents=True, exist_ok=True)


def report_solution(model: gp.Model, case_name: str):
lp_path = OUTPUT_DIR / f""{case_name}.lp""
model.write(str(lp_path))
model.optimize()
if model.Status != GRB.OPTIMAL:
raise RuntimeError(f""{case_name} did not solve to optimality. Status={model.Status}"")

print(f""{case_name} objective = {float(model.ObjVal)}"")
print(f""LP file = {lp_path}"")
print(""Non-zero variables:"")
non_zero = []
for v in model.getVars():
if abs(v.X) > 1e-9:
non_zero.append((v.VarName, v.X))

if not non_zero:
print(""(none)"")
else:
for name, value in non_zero:
print(f""{name} = {value}"")

folder = DATA_ROOT / ""UFLP10""
demand_rows = read_csv_rows(folder / ""demand.csv"")
fixed_rows = read_csv_rows(folder / ""fixed_cost.csv"")
trans_rows = read_csv_rows(folder / ""transportation_costs.csv"")

customers = [row[0] for row in demand_rows[1:]]
demand = [float(row[1]) for row in demand_rows[1:]]
suppliers = [row[0] for row in fixed_rows[1:]]
fixed_cost = [float(row[1]) for row in fixed_rows[1:]]
transport_cost = [[float(v) for v in row[1:]] for row in trans_rows[1:]]

model = gp.Model(""UFLP10"", env=ENV)
y = model.addVars(suppliers, vtype=GRB.BINARY, name=""y"")
x = model.addVars(suppliers, range(len(customers)), lb=0.0, ub=1.0, name=""x"")

model.setObjective(
gp.quicksum(fixed_cost[i] * y[suppliers[i]] for i in range(len(suppliers)))
+ gp.quicksum(
transport_cost[i][j] * demand[j] * x[suppliers[i], j]
for i in range(len(suppliers))
for j in range(len(customers))
),
GRB.MINIMIZE,
)

for j in range(len(customers)):
model.addConstr(gp.quicksum(x[s, j] for s in suppliers) == 1, name=f""allocation_{customers[j]}"")
for i in range(len(suppliers)):
for j in range(len(customers)):
model.addConstr(x[suppliers[i], j] <= y[suppliers[i]], name=f""link_{suppliers[i]}_{customers[j]}"")

report_solution(model, ""UFLP10"")","\ Model UFLP10
\ LP format - for model browsing. Use MPS format to capture full model detail.
Minimize
105.97 y[S1] + 85.31 y[S2] + 339608.16 x[S1,0] + 322289.28 x[S1,1]
+ 10.08 x[S2,0] + 11301.12 x[S2,1]
Subject To
allocation_C1: x[S1,0] + x[S2,0] = 1
allocation_C2: x[S1,1] + x[S2,1] = 1
link_S1_C1: - y[S1] + x[S1,0] <= 0
link_S1_C2: - y[S1] + x[S1,1] <= 0
link_S2_C1: - y[S2] + x[S2,0] <= 0
link_S2_C2: - y[S2] + x[S2,1] <= 0
Bounds
x[S1,0] <= 1
x[S1,1] <= 1
x[S2,0] <= 1
x[S2,1] <= 1
Binaries
y[S1] y[S2]
End",11396.51,"Non-zero variables:
y[S2] = 1.0
x[S2,0] = 1.0
x[S2,1] = 1.0"
13,"Red Bean Clothing Factory uses three specialized machines to produce various products. The labor, material, selling price, and variable cost per unit for therse products are given in 41.csv. It is known that the factory has a weekly labor capacity of 1650 units and a material capacity of 1850 units. The factory incurs a total fixed cost of $4500 per week, regardless of how many products are produced. Design a weekly production plan for the factory to maximize profit.",Production Planning,Data/Mixture2/41.csv,"\[
\begin{aligned}
\max_{x_0,\ldots,x_{197}} \quad
& 62 x_0 + 42 x_1 + 100 x_2 + 64 x_3 + 42 x_4 + 97 x_5 + 63 x_6 \\
&\quad + 61 x_7 + 45 x_8 + 98 x_9 + 63 x_{10} + 42 x_{11} + 100 x_{12}
+ 61 x_{13} + 43 x_{14} + 100 x_{15} + 46 x_{16} + 63 x_{17} + 42 x_{18}
+ 96 x_{19} \\
&\quad + 65 x_{20} + 43 x_{21} + 99 x_{22} + 67 x_{23} + 43 x_{24}
+ 100 x_{25} + 60 x_{26} + 41 x_{27} + 105 x_{28} + 61 x_{29} + 42 x_{30}
+ 100 x_{31} \\
&\quad + 63 x_{32} + 43 x_{33} + 100 x_{34} + 66 x_{35} + 41 x_{36}
+ 100 x_{37} + 62 x_{38} + 42 x_{39} + 100 x_{40} + 63 x_{41} + 44 x_{42}
+ 100 x_{43} \\
&\quad + 65 x_{44} + 44 x_{45} + 97 x_{46} + 67 x_{47} + 41 x_{48}
+ 100 x_{49} + 63 x_{50} + 43 x_{51} + 95 x_{52} + 65 x_{53} + 41 x_{54}
+ 102 x_{55} \\
&\quad + 67 x_{56} + 43 x_{57} + 100 x_{58} + 62 x_{59} + 42 x_{60}
+ 101 x_{61} + 64 x_{62} + 44 x_{63} + 99 x_{64} + 62 x_{65} + 43 x_{66}
+ 98 x_{67} \\
&\quad + 67 x_{68} + 43 x_{69} + 100 x_{70} + 63 x_{71} + 42 x_{72}
+ 105 x_{73} + 65 x_{74} + 44 x_{75} + 98 x_{76} + 67 x_{77} + 41 x_{78}
+ 100 x_{79} \\
&\quad + 63 x_{80} + 43 x_{81} + 100 x_{82} + 66 x_{83} + 43 x_{84}
+ 101 x_{85} + 60 x_{86} + 43 x_{87} + 100 x_{88} + 62 x_{89} + 43 x_{90}
+ 99 x_{91} \\
&\quad + 67 x_{92} + 43 x_{93} + 101 x_{94} + 61 x_{95} + 42 x_{96}
+ 100 x_{97} + 67 x_{98} + 44 x_{99} + 98 x_{100} + 63 x_{101} + 42 x_{102}
+ 101 x_{103} \\
&\quad + 65 x_{104} + 43 x_{105} + 101 x_{106} + 62 x_{107}
+ 41 x_{108} + 100 x_{109} + 64 x_{110} + 43 x_{111} + 96 x_{112}
+ 66 x_{113} + 44 x_{114} + 100 x_{115} \\
&\quad + 62 x_{116} + 43 x_{117} + 100 x_{118} + 67 x_{119} + 43 x_{120}
+ 98 x_{121} + 63 x_{122} + 44 x_{123} + 100 x_{124} + 66 x_{125}
+ 41 x_{126} + 101 x_{127} \\
&\quad + 63 x_{128} + 44 x_{129} + 101 x_{130} + 68 x_{131}
+ 41 x_{132} + 100 x_{133} + 65 x_{134} + 42 x_{135} + 99 x_{136}
+ 66 x_{137} + 43 x_{138} + 100 x_{139} \\
&\quad + 62 x_{140} + 43 x_{141} + 100 x_{142} + 63 x_{143} + 43 x_{144}
+ 100 x_{145} + 66 x_{146} + 42 x_{147} + 100 x_{148} + 63 x_{149}
+ 44 x_{150} + 98 x_{151} \\
&\quad + 63 x_{152} + 44 x_{153} + 98 x_{154} + 65 x_{155}
+ 41 x_{156} + 101 x_{157} + 66 x_{158} + 42 x_{159} + 101 x_{160}
+ 63 x_{161} + 101 x_{162} \\
&\quad + 64 x_{163} + 43 x_{164} + 99 x_{165} + 66 x_{166} + 43 x_{167}
+ 101 x_{168} + 62 x_{169} + 42 x_{170} + 101 x_{171} + 63 x_{172}
+ 43 x_{173} + 100 x_{174} \\
&\quad + 67 x_{175} + 44 x_{176} + 62 x_{177} + 41 x_{178}
+ 101 x_{179} + 64 x_{180} + 43 x_{181} + 102 x_{182} + 65 x_{183}
+ 43 x_{184} + 100 x_{185} \\
&\quad + 66 x_{186} + 44 x_{187} + 100 x_{188} + 62 x_{189}
+ 42 x_{190} + 98 x_{191} + 64 x_{192} + 43 x_{193} + 101 x_{194}
+ 44 x_{195} + 101 x_{196} + 68 x_{197} \\
&\quad - 4500 \\
\text{s.t.}\quad
& 3.1 x_0 + 2.1 x_1 + 6.5 x_2 + 3.4 x_3 + 2.5 x_4 + 5.9 x_5 + 3.5 x_6 \\
&\quad + 2.9 x_7 + 2.8 x_8 + 6.2 x_9 + 3.2 x_{10} + 2 x_{11} + 6.8 x_{12}
+ 3 x_{13} + 2.3 x_{14} + 7.2 x_{15} + 2.7 x_{16} + 3.3 x_{17} + 2.2 x_{18}
+ 6.1 x_{19} \\
&\quad + 3.6 x_{20} + 2.6 x_{21} + 6.4 x_{22} + 3.8 x_{23} + 2.4 x_{24}
+ 7 x_{25} + 2.9 x_{26} + 2 x_{27} + 6.7 x_{28} + 3 x_{29} + 2.1 x_{30}
+ 7.5 x_{31} \\
&\quad + 3.4 x_{32} + 2.6 x_{33} + 7.1 x_{34} + 3.7 x_{35} + 2.3 x_{36}
+ 6.3 x_{37} + 3.1 x_{38} + 2.5 x_{39} + 6.9 x_{40} + 3.2 x_{41} + 2.7 x_{42}
+ 7.4 x_{43} \\
&\quad + 3.5 x_{44} + 2.8 x_{45} + 6 x_{46} + 3.9 x_{47} + 2.1 x_{48}
+ 7.3 x_{49} + 3.3 x_{50} + 2.4 x_{51} + 5.8 x_{52} + 3.6 x_{53} + 2 x_{54}
+ 6.6 x_{55} \\
&\quad + 3.8 x_{56} + 2.2 x_{57} + 7.8 x_{58} + 3.1 x_{59} + 2.5 x_{60}
+ 6.5 x_{61} + 3.4 x_{62} + 2.7 x_{63} + 7 x_{64} + 3 x_{65} + 2.3 x_{66}
+ 6.1 x_{67} \\
&\quad + 3.7 x_{68} + 2.6 x_{69} + 7.6 x_{70} + 3.2 x_{71} + 2.1 x_{72}
+ 6.9 x_{73} + 3.5 x_{74} + 2.8 x_{75} + 6.2 x_{76} + 3.9 x_{77} + 2 x_{78}
+ 7.4 x_{79} \\
&\quad + 3.3 x_{80} + 2.4 x_{81} + 8 x_{82} + 3.6 x_{83} + 2.2 x_{84}
+ 6.7 x_{85} + 2.9 x_{86} + 2.5 x_{87} + 7.7 x_{88} + 3.1 x_{89} + 2.6 x_{90}
+ 6.3 x_{91} \\
&\quad + 3.8 x_{92} + 2.3 x_{93} + 7.2 x_{94} + 3 x_{95} + 2.1 x_{96}
+ 6.4 x_{97} + 4 x_{98} + 2.7 x_{99} + 6 x_{100} + 3.2 x_{101}
+ 2.2 x_{102} + 7.5 x_{103} \\
&\quad + 3.5 x_{104} + 2.4 x_{105} + 6.6 x_{106} + 3.1 x_{107}
+ 2 x_{108} + 7.9 x_{109} + 3.4 x_{110} + 2.6 x_{111} + 5.8 x_{112}
+ 3.7 x_{113} + 2.8 x_{114} + 8.2 x_{115} \\
&\quad + 3 x_{116} + 2.3 x_{117} + 6.8 x_{118} + 3.9 x_{119} + 2.5 x_{120}
+ 6.1 x_{121} + 3.3 x_{122} + 2.7 x_{123} + 6.9 x_{124} + 3.6 x_{125}
+ 2.1 x_{126} + 7.3 x_{127} \\
&\quad + 3.2 x_{128} + 2.8 x_{129} + 7 x_{130} + 4.1 x_{131}
+ 2 x_{132} + 8.5 x_{133} + 3.5 x_{134} + 2.2 x_{135} + 6.3 x_{136}
+ 3.7 x_{137} + 2.4 x_{138} + 8.1 x_{139} \\
&\quad + 3 x_{140} + 2.5 x_{141} + 6.7 x_{142} + 3.3 x_{143} + 2.6 x_{144}
+ 7.1 x_{145} + 3.8 x_{146} + 2.3 x_{147} + 6.5 x_{148} + 3.1 x_{149}
+ 2.9 x_{150} + 6.2 x_{151} \\
&\quad + 3.4 x_{152} + 2.7 x_{153} + 6 x_{154} + 3.6 x_{155}
+ 2 x_{156} + 6.9 x_{157} + 3.9 x_{158} + 2.4 x_{159} + 7.4 x_{160}
+ 3.2 x_{161} + 6.6 x_{162} \\
&\quad + 3.5 x_{163} + 2.5 x_{164} + 6.4 x_{165} + 3.7 x_{166}
+ 2.2 x_{167} + 7.6 x_{168} + 3 x_{169} + 2.3 x_{170} + 6.8 x_{171}
+ 3.3 x_{172} + 2.6 x_{173} + 8.3 x_{174} \\
&\quad + 3.8 x_{175} + 2.7 x_{176} + 3.1 x_{177} + 2 x_{178}
+ 7.7 x_{179} + 3.4 x_{180} + 2.4 x_{181} + 6.7 x_{182} + 3.6 x_{183}
+ 2.5 x_{184} + 6.5 x_{185} + 3.9 x_{186} \\
&\quad + 2.8 x_{187} + 7.2 x_{188} + 3.2 x_{189} + 2.1 x_{190}
+ 6.1 x_{191} + 3.5 x_{192} + 2.3 x_{193} + 7.5 x_{194} + 2.9 x_{195}
+ 6.6 x_{196} + 4 x_{197} \le 1650, \\
& 4.2 x_0 + 3.1 x_1 + 6.8 x_2 + 4.6 x_3 + 3.4 x_4 + 6.1 x_5 + 4 x_6 \\
&\quad + 3.9 x_7 + 3.7 x_8 + 6.4 x_9 + 4.3 x_{10} + 3 x_{11} + 7 x_{12}
+ 4.1 x_{13} + 3.3 x_{14} + 7.5 x_{15} + 3.6 x_{16} + 4.5 x_{17} + 3.2 x_{18}
+ 6.3 x_{19} \\
&\quad + 4.7 x_{20} + 3.5 x_{21} + 6.6 x_{22} + 4.9 x_{23} + 3.3 x_{24}
+ 7.2 x_{25} + 4 x_{26} + 3 x_{27} + 6.9 x_{28} + 4.1 x_{29} + 3.1 x_{30}
+ 7.8 x_{31} \\
&\quad + 4.4 x_{32} + 3.6 x_{33} + 7.4 x_{34} + 4.8 x_{35} + 3.2 x_{36}
+ 6.5 x_{37} + 4.2 x_{38} + 3.5 x_{39} + 7.1 x_{40} + 4.3 x_{41} + 3.7 x_{42}
+ 7.7 x_{43} \\
&\quad + 4.6 x_{44} + 3.8 x_{45} + 6.2 x_{46} + 5 x_{47} + 3 x_{48}
+ 7.6 x_{49} + 4.4 x_{50} + 3.3 x_{51} + 6 x_{52} + 4.7 x_{53} + 2.9 x_{54}
+ 6.9 x_{55} \\
&\quad + 4.9 x_{56} + 3.1 x_{57} + 8.1 x_{58} + 4.2 x_{59} + 3.4 x_{60}
+ 6.8 x_{61} + 4.5 x_{62} + 3.6 x_{63} + 7.3 x_{64} + 4.1 x_{65} + 3.2 x_{66}
+ 6.3 x_{67} \\
&\quad + 4.8 x_{68} + 3.5 x_{69} + 7.9 x_{70} + 4.3 x_{71} + 3 x_{72}
+ 7.1 x_{73} + 4.6 x_{74} + 3.7 x_{75} + 6.4 x_{76} + 5 x_{77} + 2.9 x_{78}
+ 7.7 x_{79} \\
&\quad + 4.4 x_{80} + 3.3 x_{81} + 8.3 x_{82} + 4.7 x_{83} + 3.1 x_{84}
+ 7 x_{85} + 4 x_{86} + 3.4 x_{87} + 8 x_{88} + 4.2 x_{89} + 3.5 x_{90}
+ 6.5 x_{91} \\
&\quad + 4.9 x_{92} + 3.2 x_{93} + 7.5 x_{94} + 4.1 x_{95} + 3 x_{96}
+ 6.6 x_{97} + 5.1 x_{98} + 3.6 x_{99} + 6.2 x_{100} + 4.3 x_{101}
+ 3.1 x_{102} + 7.8 x_{103} \\
&\quad + 4.6 x_{104} + 3.3 x_{105} + 6.9 x_{106} + 4.2 x_{107}
+ 2.9 x_{108} + 8.2 x_{109} + 4.5 x_{110} + 3.5 x_{111} + 6 x_{112}
+ 4.8 x_{113} + 3.7 x_{114} + 8.5 x_{115} \\
&\quad + 4.1 x_{116} + 3.2 x_{117} + 7.1 x_{118} + 5 x_{119} + 3.4 x_{120}
+ 6.3 x_{121} + 4.4 x_{122} + 3.6 x_{123} + 7.2 x_{124} + 4.7 x_{125}
+ 3 x_{126} + 7.6 x_{127} \\
&\quad + 4.3 x_{128} + 3.7 x_{129} + 7.3 x_{130} + 5.2 x_{131}
+ 2.9 x_{132} + 8.8 x_{133} + 4.6 x_{134} + 3.1 x_{135} + 6.5 x_{136}
+ 4.8 x_{137} + 3.3 x_{138} + 8.4 x_{139} \\
&\quad + 4.1 x_{140} + 3.4 x_{141} + 7 x_{142} + 4.4 x_{143} + 3.5 x_{144}
+ 7.4 x_{145} + 4.9 x_{146} + 3.2 x_{147} + 6.8 x_{148} + 4.2 x_{149}
+ 3.8 x_{150} + 6.4 x_{151} \\
&\quad + 4.5 x_{152} + 3.6 x_{153} + 6.2 x_{154} + 4.7 x_{155}
+ 2.9 x_{156} + 7.2 x_{157} + 5 x_{158} + 3.3 x_{159} + 7.7 x_{160}
+ 4.3 x_{161} + 6.9 x_{162} \\
&\quad + 4.6 x_{163} + 3.4 x_{164} + 6.6 x_{165} + 4.8 x_{166}
+ 3.1 x_{167} + 7.9 x_{168} + 4.1 x_{169} + 3.2 x_{170} + 7.1 x_{171}
+ 4.4 x_{172} + 3.5 x_{173} + 8.6 x_{174} \\
&\quad + 4.9 x_{175} + 3.6 x_{176} + 4.2 x_{177} + 2.9 x_{178}
+ 8 x_{179} + 4.5 x_{180} + 3.3 x_{181} + 7 x_{182} + 4.7 x_{183}
+ 3.4 x_{184} + 6.8 x_{185} + 5 x_{186} \\
&\quad + 3.7 x_{187} + 7.5 x_{188} + 4.3 x_{189} + 3 x_{190}
+ 6.3 x_{191} + 4.6 x_{192} + 3.2 x_{193} + 7.8 x_{194} + 3.8 x_{195}
+ 6.9 x_{196} + 5.1 x_{197} \le 1850, \\
& x_i \ge 0, \qquad i=0,1,\ldots,197.
\end{aligned}
\]","import csv
from pathlib import Path

import gurobipy as gp
from gurobipy import GRB


def read_csv_rows(path: Path) -> list[list[str]]:
with path.open(""r"", encoding=""utf-8-sig"", newline="""") as handle:
return list(csv.reader(handle))


def solve_mixture2():
mixture_root = Path(""Test_Dataset"") / ""Large-scale-or"" / ""Mixture_testing""
rows = read_csv_rows(mixture_root / ""Mixture2"" / ""41.csv"")
products = rows[1:]

model = gp.Model(""Mixture2"")

x = model.addVars(len(products), lb=0.0, name=""x"")

margins = [float(r[3]) - float(r[4]) for r in products]
labor = [float(r[1]) for r in products]
material = [float(r[2]) for r in products]

model.setObjective(
gp.quicksum(margins[i] * x[i] for i in range(len(products))) - 4500,
GRB.MAXIMIZE,
)

model.addConstr(
gp.quicksum(labor[i] * x[i] for i in range(len(products))) <= 1650,
name=""labor_capacity"",
)
model.addConstr(
gp.quicksum(material[i] * x[i] for i in range(len(products))) <= 1850,
name=""material_capacity"",
)

model.Params.OutputFlag = 0
model.optimize()

if model.Status == GRB.OPTIMAL:
print(f""Objective value: {model.ObjVal}"")
for v in model.getVars():
if abs(v.X) > 1e-9:
print(f""{v.VarName} = {v.X}"")
model.write(""Mixture2.lp"")
print(""Model written to Mixture2.lp"")
else:
print(f""Optimization ended with status {model.Status}"")


if __name__ == ""__main__"":
solve_mixture2()","\ Model Mixture2
\ LP format - for model browsing. Use MPS format to capture full model detail.
Maximize
62 x[0] + 42 x[1] + 100 x[2] + 64 x[3] + 42 x[4] + 97 x[5] + 63 x[6]
+ 61 x[7] + 45 x[8] + 98 x[9] + 63 x[10] + 42 x[11] + 100 x[12]
+ 61 x[13] + 43 x[14] + 100 x[15] + 46 x[16] + 63 x[17] + 42 x[18]
+ 96 x[19] + 65 x[20] + 43 x[21] + 99 x[22] + 67 x[23] + 43 x[24]
+ 100 x[25] + 60 x[26] + 41 x[27] + 105 x[28] + 61 x[29] + 42 x[30]
+ 100 x[31] + 63 x[32] + 43 x[33] + 100 x[34] + 66 x[35] + 41 x[36]
+ 100 x[37] + 62 x[38] + 42 x[39] + 100 x[40] + 63 x[41] + 44 x[42]
+ 100 x[43] + 65 x[44] + 44 x[45] + 97 x[46] + 67 x[47] + 41 x[48]
+ 100 x[49] + 63 x[50] + 43 x[51] + 95 x[52] + 65 x[53] + 41 x[54]
+ 102 x[55] + 67 x[56] + 43 x[57] + 100 x[58] + 62 x[59] + 42 x[60]
+ 101 x[61] + 64 x[62] + 44 x[63] + 99 x[64] + 62 x[65] + 43 x[66]
+ 98 x[67] + 67 x[68] + 43 x[69] + 100 x[70] + 63 x[71] + 42 x[72]
+ 105 x[73] + 65 x[74] + 44 x[75] + 98 x[76] + 67 x[77] + 41 x[78]
+ 100 x[79] + 63 x[80] + 43 x[81] + 100 x[82] + 66 x[83] + 43 x[84]
+ 101 x[85] + 60 x[86] + 43 x[87] + 100 x[88] + 62 x[89] + 43 x[90]
+ 99 x[91] + 67 x[92] + 43 x[93] + 101 x[94] + 61 x[95] + 42 x[96]
+ 100 x[97] + 67 x[98] + 44 x[99] + 98 x[100] + 63 x[101] + 42 x[102]
+ 101 x[103] + 65 x[104] + 43 x[105] + 101 x[106] + 62 x[107]
+ 41 x[108] + 100 x[109] + 64 x[110] + 43 x[111] + 96 x[112] + 66 x[113]
+ 44 x[114] + 100 x[115] + 62 x[116] + 43 x[117] + 100 x[118]
+ 67 x[119] + 43 x[120] + 98 x[121] + 63 x[122] + 44 x[123] + 100 x[124]
+ 66 x[125] + 41 x[126] + 101 x[127] + 63 x[128] + 44 x[129]
+ 101 x[130] + 68 x[131] + 41 x[132] + 100 x[133] + 65 x[134]
+ 42 x[135] + 99 x[136] + 66 x[137] + 43 x[138] + 100 x[139] + 62 x[140]
+ 43 x[141] + 100 x[142] + 63 x[143] + 43 x[144] + 100 x[145]
+ 66 x[146] + 42 x[147] + 100 x[148] + 63 x[149] + 44 x[150] + 98 x[151]
+ 63 x[152] + 44 x[153] + 98 x[154] + 65 x[155] + 41 x[156] + 101 x[157]
+ 66 x[158] + 42 x[159] + 101 x[160] + 63 x[161] + 101 x[162]
+ 64 x[163] + 43 x[164] + 99 x[165] + 66 x[166] + 43 x[167] + 101 x[168]
+ 62 x[169] + 42 x[170] + 101 x[171] + 63 x[172] + 43 x[173]
+ 100 x[174] + 67 x[175] + 44 x[176] + 62 x[177] + 41 x[178]
+ 101 x[179] + 64 x[180] + 43 x[181] + 102 x[182] + 65 x[183]
+ 43 x[184] + 100 x[185] + 66 x[186] + 44 x[187] + 100 x[188]
+ 62 x[189] + 42 x[190] + 98 x[191] + 64 x[192] + 43 x[193] + 101 x[194]
+ 44 x[195] + 101 x[196] + 68 x[197] - 4500 Constant
Subject To
labor_capacity: 3.1 x[0] + 2.1 x[1] + 6.5 x[2] + 3.4 x[3] + 2.5 x[4]
+ 5.9 x[5] + 3.5 x[6] + 2.9 x[7] + 2.8 x[8] + 6.2 x[9] + 3.2 x[10]
+ 2 x[11] + 6.8 x[12] + 3 x[13] + 2.3 x[14] + 7.2 x[15] + 2.7 x[16]
+ 3.3 x[17] + 2.2 x[18] + 6.1 x[19] + 3.6 x[20] + 2.6 x[21] + 6.4 x[22]
+ 3.8 x[23] + 2.4 x[24] + 7 x[25] + 2.9 x[26] + 2 x[27] + 6.7 x[28]
+ 3 x[29] + 2.1 x[30] + 7.5 x[31] + 3.4 x[32] + 2.6 x[33] + 7.1 x[34]
+ 3.7 x[35] + 2.3 x[36] + 6.3 x[37] + 3.1 x[38] + 2.5 x[39] + 6.9 x[40]
+ 3.2 x[41] + 2.7 x[42] + 7.4 x[43] + 3.5 x[44] + 2.8 x[45] + 6 x[46]
+ 3.9 x[47] + 2.1 x[48] + 7.3 x[49] + 3.3 x[50] + 2.4 x[51] + 5.8 x[52]
+ 3.6 x[53] + 2 x[54] + 6.6 x[55] + 3.8 x[56] + 2.2 x[57] + 7.8 x[58]
+ 3.1 x[59] + 2.5 x[60] + 6.5 x[61] + 3.4 x[62] + 2.7 x[63] + 7 x[64]
+ 3 x[65] + 2.3 x[66] + 6.1 x[67] + 3.7 x[68] + 2.6 x[69] + 7.6 x[70]
+ 3.2 x[71] + 2.1 x[72] + 6.9 x[73] + 3.5 x[74] + 2.8 x[75] + 6.2 x[76]
+ 3.9 x[77] + 2 x[78] + 7.4 x[79] + 3.3 x[80] + 2.4 x[81] + 8 x[82]
+ 3.6 x[83] + 2.2 x[84] + 6.7 x[85] + 2.9 x[86] + 2.5 x[87] + 7.7 x[88]
+ 3.1 x[89] + 2.6 x[90] + 6.3 x[91] + 3.8 x[92] + 2.3 x[93] + 7.2 x[94]
+ 3 x[95] + 2.1 x[96] + 6.4 x[97] + 4 x[98] + 2.7 x[99] + 6 x[100]
+ 3.2 x[101] + 2.2 x[102] + 7.5 x[103] + 3.5 x[104] + 2.4 x[105]
+ 6.6 x[106] + 3.1 x[107] + 2 x[108] + 7.9 x[109] + 3.4 x[110]
+ 2.6 x[111] + 5.8 x[112] + 3.7 x[113] + 2.8 x[114] + 8.2 x[115]
+ 3 x[116] + 2.3 x[117] + 6.8 x[118] + 3.9 x[119] + 2.5 x[120]
+ 6.1 x[121] + 3.3 x[122] + 2.7 x[123] + 6.9 x[124] + 3.6 x[125]
+ 2.1 x[126] + 7.3 x[127] + 3.2 x[128] + 2.8 x[129] + 7 x[130]
+ 4.1 x[131] + 2 x[132] + 8.5 x[133] + 3.5 x[134] + 2.2 x[135]
+ 6.3 x[136] + 3.7 x[137] + 2.4 x[138] + 8.1 x[139] + 3 x[140]
+ 2.5 x[141] + 6.7 x[142] + 3.3 x[143] + 2.6 x[144] + 7.1 x[145]
+ 3.8 x[146] + 2.3 x[147] + 6.5 x[148] + 3.1 x[149] + 2.9 x[150]
+ 6.2 x[151] + 3.4 x[152] + 2.7 x[153] + 6 x[154] + 3.6 x[155]
+ 2 x[156] + 6.9 x[157] + 3.9 x[158] + 2.4 x[159] + 7.4 x[160]
+ 3.2 x[161] + 6.6 x[162] + 3.5 x[163] + 2.5 x[164] + 6.4 x[165]
+ 3.7 x[166] + 2.2 x[167] + 7.6 x[168] + 3 x[169] + 2.3 x[170]
+ 6.8 x[171] + 3.3 x[172] + 2.6 x[173] + 8.3 x[174] + 3.8 x[175]
+ 2.7 x[176] + 3.1 x[177] + 2 x[178] + 7.7 x[179] + 3.4 x[180]
+ 2.4 x[181] + 6.7 x[182] + 3.6 x[183] + 2.5 x[184] + 6.5 x[185]
+ 3.9 x[186] + 2.8 x[187] + 7.2 x[188] + 3.2 x[189] + 2.1 x[190]
+ 6.1 x[191] + 3.5 x[192] + 2.3 x[193] + 7.5 x[194] + 2.9 x[195]
+ 6.6 x[196] + 4 x[197] <= 1650
material_capacity: 4.2 x[0] + 3.1 x[1] + 6.8 x[2] + 4.6 x[3] + 3.4 x[4]
+ 6.1 x[5] + 4 x[6] + 3.9 x[7] + 3.7 x[8] + 6.4 x[9] + 4.3 x[10]
+ 3 x[11] + 7 x[12] + 4.1 x[13] + 3.3 x[14] + 7.5 x[15] + 3.6 x[16]
+ 4.5 x[17] + 3.2 x[18] + 6.3 x[19] + 4.7 x[20] + 3.5 x[21] + 6.6 x[22]
+ 4.9 x[23] + 3.3 x[24] + 7.2 x[25] + 4 x[26] + 3 x[27] + 6.9 x[28]
+ 4.1 x[29] + 3.1 x[30] + 7.8 x[31] + 4.4 x[32] + 3.6 x[33] + 7.4 x[34]
+ 4.8 x[35] + 3.2 x[36] + 6.5 x[37] + 4.2 x[38] + 3.5 x[39] + 7.1 x[40]
+ 4.3 x[41] + 3.7 x[42] + 7.7 x[43] + 4.6 x[44] + 3.8 x[45] + 6.2 x[46]
+ 5 x[47] + 3 x[48] + 7.6 x[49] + 4.4 x[50] + 3.3 x[51] + 6 x[52]
+ 4.7 x[53] + 2.9 x[54] + 6.9 x[55] + 4.9 x[56] + 3.1 x[57] + 8.1 x[58]
+ 4.2 x[59] + 3.4 x[60] + 6.8 x[61] + 4.5 x[62] + 3.6 x[63] + 7.3 x[64]
+ 4.1 x[65] + 3.2 x[66] + 6.3 x[67] + 4.8 x[68] + 3.5 x[69] + 7.9 x[70]
+ 4.3 x[71] + 3 x[72] + 7.1 x[73] + 4.6 x[74] + 3.7 x[75] + 6.4 x[76]
+ 5 x[77] + 2.9 x[78] + 7.7 x[79] + 4.4 x[80] + 3.3 x[81] + 8.3 x[82]
+ 4.7 x[83] + 3.1 x[84] + 7 x[85] + 4 x[86] + 3.4 x[87] + 8 x[88]
+ 4.2 x[89] + 3.5 x[90] + 6.5 x[91] + 4.9 x[92] + 3.2 x[93] + 7.5 x[94]
+ 4.1 x[95] + 3 x[96] + 6.6 x[97] + 5.1 x[98] + 3.6 x[99] + 6.2 x[100]
+ 4.3 x[101] + 3.1 x[102] + 7.8 x[103] + 4.6 x[104] + 3.3 x[105]
+ 6.9 x[106] + 4.2 x[107] + 2.9 x[108] + 8.2 x[109] + 4.5 x[110]
+ 3.5 x[111] + 6 x[112] + 4.8 x[113] + 3.7 x[114] + 8.5 x[115]
+ 4.1 x[116] + 3.2 x[117] + 7.1 x[118] + 5 x[119] + 3.4 x[120]
+ 6.3 x[121] + 4.4 x[122] + 3.6 x[123] + 7.2 x[124] + 4.7 x[125]
+ 3 x[126] + 7.6 x[127] + 4.3 x[128] + 3.7 x[129] + 7.3 x[130]
+ 5.2 x[131] + 2.9 x[132] + 8.8 x[133] + 4.6 x[134] + 3.1 x[135]
+ 6.5 x[136] + 4.8 x[137] + 3.3 x[138] + 8.4 x[139] + 4.1 x[140]
+ 3.4 x[141] + 7 x[142] + 4.4 x[143] + 3.5 x[144] + 7.4 x[145]
+ 4.9 x[146] + 3.2 x[147] + 6.8 x[148] + 4.2 x[149] + 3.8 x[150]
+ 6.4 x[151] + 4.5 x[152] + 3.6 x[153] + 6.2 x[154] + 4.7 x[155]
+ 2.9 x[156] + 7.2 x[157] + 5 x[158] + 3.3 x[159] + 7.7 x[160]
+ 4.3 x[161] + 6.9 x[162] + 4.6 x[163] + 3.4 x[164] + 6.6 x[165]
+ 4.8 x[166] + 3.1 x[167] + 7.9 x[168] + 4.1 x[169] + 3.2 x[170]
+ 7.1 x[171] + 4.4 x[172] + 3.5 x[173] + 8.6 x[174] + 4.9 x[175]
+ 3.6 x[176] + 4.2 x[177] + 2.9 x[178] + 8 x[179] + 4.5 x[180]
+ 3.3 x[181] + 7 x[182] + 4.7 x[183] + 3.4 x[184] + 6.8 x[185]
+ 5 x[186] + 3.7 x[187] + 7.5 x[188] + 4.3 x[189] + 3 x[190]
+ 6.3 x[191] + 4.6 x[192] + 3.2 x[193] + 7.8 x[194] + 3.8 x[195]
+ 6.9 x[196] + 5.1 x[197] <= 1850
Bounds
Constant = 1
End",24877.39464,"x[7] = 159.00383141762453
x[112] = 204.9808429118774"
14,"A factory produces three products, I, II, and III. Each product goes through two processing procedures, A and B. The factory has two types of equipment, A1 and A2, to complete procedure A, and three types of equipment, B1, B2, and B3, to complete procedure B. Product I can be processed on either type of A equipment or any type of B equipment. Product II can be processed on any type of A equipment, but when completing procedure B, it can only be processed on B1 equipment. Product III can only be processed on A2 and B2 equipment. Given the processing time, raw material cost, product selling price, available equipment operating time, and equipment cost at full load for each type of equipment, as shown in 43.csv, determine the optimal production plan to maximize profit. All production quantities should be continuous.",Product Mix Optimization,Data/Mixture3/43.csv,"\[
\begin{aligned}
\max \quad
& 0.75\,x_{A1,I} + 1.15\,x_{A1,II} + 0.7753\,x_{A2,I} + 1.3611\,x_{A2,II}
+ 1.9148\,x_{A2,III} \\
&\quad - 0.375\,x_{B1,I} - 0.5\,x_{B1,II}
- 0.4474285714285715\,x_{B2,I} - 1.230428571428571\,x_{B2,III}
- 0.35\,x_{B3,I} \\
\text{s.t.}\quad
& 5x_{A1,I} + 10x_{A1,II} \le 6000, \\
& 7x_{A2,I} + 9x_{A2,II} + 12x_{A2,III} \le 10000, \\
& 6x_{B1,I} + 8x_{B1,II} \le 4000, \\
& 4x_{B2,I} + 11x_{B2,III} \le 7000, \\
& 7x_{B3,I} \le 4000, \\
& x_{A1,I} + x_{A2,I} - x_{B1,I} - x_{B2,I} - x_{B3,I} = 0, \\
& x_{A1,II} + x_{A2,II} - x_{B1,II} = 0, \\
& x_{A2,III} - x_{B2,III} = 0, \\
& x_{A1,I},x_{A1,II},x_{A2,I},x_{A2,II},x_{A2,III}, \\
& \qquad x_{B1,I},x_{B1,II},x_{B2,I},x_{B2,III},x_{B3,I} \ge 0.
\end{aligned}
\]","import csv
from pathlib import Path

import gurobipy as gp
from gurobipy import GRB


def read_csv_rows(path: Path) -> list[list[str]]:
with path.open(""r"", encoding=""utf-8-sig"", newline="""") as handle:
return list(csv.reader(handle))


def solve_mixture3():
mixture_root = Path(""Test_Dataset"") / ""Large-scale-or"" / ""Mixture_testing""
rows = read_csv_rows(mixture_root / ""Mixture3"" / ""43.csv"")

equipment = {row[0]: row for row in rows[1:8]}
raw_cost = {
""I"": float(rows[8][1]),
""II"": float(rows[8][2]),
""III"": float(rows[8][3]),
}
price = {
""I"": float(rows[9][1]),
""II"": float(rows[9][2]),
""III"": float(rows[9][3]),
}

used = {
(""A1"", ""I""): 5.0,
(""A1"", ""II""): 10.0,
(""A2"", ""I""): 7.0,
(""A2"", ""II""): 9.0,
(""A2"", ""III""): 12.0,
(""B1"", ""I""): 6.0,
(""B1"", ""II""): 8.0,
(""B2"", ""I""): 4.0,
(""B2"", ""III""): 11.0,
(""B3"", ""I""): 7.0,
}

cap = {k: float(v[4]) for k, v in equipment.items()}
cost_rate = {k: float(v[5]) / float(v[4]) for k, v in equipment.items()}

model = gp.Model(""Mixture3"")

x = {key: model.addVar(lb=0.0, name=f""x_{key[0]}_{key[1]}"") for key in used}

total_A = {
""I"": x[""A1"", ""I""] + x[""A2"", ""I""],
""II"": x[""A1"", ""II""] + x[""A2"", ""II""],
""III"": x[""A2"", ""III""],
}
total_B = {
""I"": x[""B1"", ""I""] + x[""B2"", ""I""] + x[""B3"", ""I""],
""II"": x[""B1"", ""II""],
""III"": x[""B2"", ""III""],
}

revenue_minus_raw = gp.quicksum(
(price[p] - raw_cost[p]) * total_A[p] for p in (""I"", ""II"", ""III"")
)
machine_cost = gp.quicksum(
cost_rate[e] * used[e, p] * x[e, p] for (e, p) in used
)

model.setObjective(revenue_minus_raw - machine_cost, GRB.MAXIMIZE)

model.addConstr(
used[""A1"", ""I""] * x[""A1"", ""I""] + used[""A1"", ""II""] * x[""A1"", ""II""] <= cap[""A1""],
name=""cap_A1"",
)
model.addConstr(
used[""A2"", ""I""] * x[""A2"", ""I""]
+ used[""A2"", ""II""] * x[""A2"", ""II""]
+ used[""A2"", ""III""] * x[""A2"", ""III""] <= cap[""A2""],
name=""cap_A2"",
)
model.addConstr(
used[""B1"", ""I""] * x[""B1"", ""I""] + used[""B1"", ""II""] * x[""B1"", ""II""] <= cap[""B1""],
name=""cap_B1"",
)
model.addConstr(
used[""B2"", ""I""] * x[""B2"", ""I""] + used[""B2"", ""III""] * x[""B2"", ""III""] <= cap[""B2""],
name=""cap_B2"",
)
model.addConstr(
used[""B3"", ""I""] * x[""B3"", ""I""] <= cap[""B3""],
name=""cap_B3"",
)

for p in (""I"", ""II"", ""III""):
model.addConstr(total_A[p] == total_B[p], name=f""balance_{p}"")

model.Params.OutputFlag = 0
model.optimize()

if model.Status == GRB.OPTIMAL:
print(f""Objective value: {model.ObjVal}"")
for v in model.getVars():
if abs(v.X) > 1e-9:
print(f""{v.VarName} = {v.X}"")
model.write(""Mixture3.lp"")
print(""Model written to Mixture3.lp"")
else:
print(f""Optimization ended with status {model.Status}"")


if __name__ == ""__main__"":
solve_mixture3()","\ Model Mixture3
\ LP format - for model browsing. Use MPS format to capture full model detail.
Maximize
0.75 x_A1_I + 1.15 x_A1_II + 0.7753 x_A2_I + 1.3611 x_A2_II
+ 1.9148 x_A2_III - 0.375 x_B1_I - 0.5 x_B1_II
- 0.4474285714285715 x_B2_I - 1.230428571428571 x_B2_III - 0.35 x_B3_I
Subject To
cap_A1: 5 x_A1_I + 10 x_A1_II <= 6000
cap_A2: 7 x_A2_I + 9 x_A2_II + 12 x_A2_III <= 10000
cap_B1: 6 x_B1_I + 8 x_B1_II <= 4000
cap_B2: 4 x_B2_I + 11 x_B2_III <= 7000
cap_B3: 7 x_B3_I <= 4000
balance_I: x_A1_I + x_A2_I - x_B1_I - x_B2_I - x_B3_I = 0
balance_II: x_A1_II + x_A2_II - x_B1_II = 0
balance_III: x_A2_III - x_B2_III = 0
Bounds
End",1146.566502,"x_A1_I = 1200.0
x_A2_I = 230.049261083744
x_A2_II = 500.0
x_A2_III = 324.1379310344827
x_B1_II = 500.0
x_B2_I = 858.6206896551727
x_B2_III = 324.1379310344827
x_B3_I = 571.4285714285714"
15,"In a regional electricity market, an electric utility is required to make purchasing and scheduling decisions for generation resources for a future planning period. The company has a choice of three main types of generation: coal, gas and renewables. Since contracts with suppliers are usually purchased on a 'lot' basis, where each lot corresponds to a fixed amount of generation and orders must be placed in whole lots, as described in energy.csv, the company needs to meet its total demand (200) and minimize costs.",Power Generation Planning,Data/Mixture5/energy.csv,"\[
\begin{aligned}
\min_{x_0,\ldots,x_{130}} \quad
& 37.62 x_0 + 44.43 x_1 + 34.76 x_2 + 33.17 x_3 + 40.83 x_4 + 33.5 x_5 \\
&\quad + 42.73 x_6 + 34.86 x_7 + 36.09 x_8 + 39.16 x_9 + 38.56 x_{10}
+ 35.52 x_{11} + 41.14 x_{12} + 36.05 x_{13} + 38.19 x_{14} + 35.37 x_{15} \\
&\quad + 44.61 x_{16} + 47.87 x_{17} + 32.68 x_{18} + 44.27 x_{19}
+ 43.97 x_{20} + 39.71 x_{21} + 30.75 x_{22} + 32.44 x_{23} + 34.61 x_{24}
+ 49.81 x_{25} \\
&\quad + 36.58 x_{26} + 44.24 x_{27} + 38.97 x_{28} + 33.27 x_{29}
+ 48.64 x_{30} + 35.46 x_{31} + 45.75 x_{32} + 49.34 x_{33} + 28.75 x_{34}
+ 26 x_{35} \\
&\quad + 28.53 x_{36} + 25.41 x_{37} + 24.15 x_{38} + 30.58 x_{39}
+ 29.17 x_{40} + 34.08 x_{41} + 30.74 x_{42} + 31.05 x_{43} + 30.2 x_{44}
+ 24.67 x_{45} \\
&\quad + 24.36 x_{46} + 34.63 x_{47} + 35.46 x_{48} + 35.01 x_{49}
+ 29.98 x_{50} + 25.56 x_{51} + 23.81 x_{52} + 29.03 x_{53} + 36.59 x_{54}
+ 34.55 x_{55} \\
&\quad + 26.07 x_{56} + 31.4 x_{57} + 36.24 x_{58} + 29.66 x_{59}
+ 34.36 x_{60} + 25.14 x_{61} + 35.69 x_{62} + 28.79 x_{63} + 31.47 x_{64}
+ 25.05 x_{65} \\
&\quad + 35.84 x_{66} + 30.61 x_{67} + 29.38 x_{68} + 36.09 x_{69}
+ 36.45 x_{70} + 30 x_{71} + 35.52 x_{72} + 30.89 x_{73} + 34.43 x_{74}
+ 28.78 x_{75} \\
&\quad + 28.61 x_{76} + 30.13 x_{77} + 25.23 x_{78} + 29.34 x_{79}
+ 35.83 x_{80} + 30.34 x_{81} + 29.24 x_{82} + 30.77 x_{83} + 24.04 x_{84}
+ 34.69 x_{85} \\
&\quad + 30.83 x_{86} + 31.29 x_{87} + 34.75 x_{88} + 35.89 x_{89}
+ 19.5 x_{90} + 25.82 x_{91} + 25.99 x_{92} + 23.78 x_{93} + 29.97 x_{94}
+ 19.66 x_{95} \\
&\quad + 24.68 x_{96} + 32.65 x_{97} + 32.04 x_{98} + 23.96 x_{99}
+ 25.15 x_{100} + 26.02 x_{101} + 18.74 x_{102} + 18.69 x_{103}
+ 18.04 x_{104} + 19.03 x_{105} \\
&\quad + 25.21 x_{106} + 30.86 x_{107} + 25.92 x_{108} + 26.16 x_{109}
+ 19.63 x_{110} + 19.48 x_{111} + 26.23 x_{112} + 18.85 x_{113}
+ 31.32 x_{114} + 25.49 x_{115} \\
&\quad + 25.32 x_{116} + 26 x_{117} + 18.34 x_{118} + 32.47 x_{119}
+ 25.3 x_{120} + 24.22 x_{121} + 24.63 x_{122} + 23.94 x_{123}
+ 32.77 x_{124} + 25.09 x_{125} \\
&\quad + 25.78 x_{126} + 24.16 x_{127} + 32.26 x_{128} + 31.96 x_{129}
+ 24.8 x_{130} \\
\text{s.t.}\quad
& 45 x_0 + 55 x_1 + 45 x_2 + 40 x_3 + 50 x_4 + 40 x_5 + 55 x_6 + 45 x_7 \\
&\quad + 45 x_8 + 50 x_9 + 50 x_{10} + 45 x_{11} + 50 x_{12} + 45 x_{13}
+ 50 x_{14} + 45 x_{15} + 55 x_{16} + 60 x_{17} + 40 x_{18} + 55 x_{19} \\
&\quad + 55 x_{20} + 50 x_{21} + 40 x_{22} + 40 x_{23} + 45 x_{24}
+ 60 x_{25} + 45 x_{26} + 55 x_{27} + 50 x_{28} + 40 x_{29} + 60 x_{30}
+ 45 x_{31} \\
&\quad + 55 x_{32} + 60 x_{33} + 30 x_{34} + 25 x_{35} + 30 x_{36}
+ 25 x_{37} + 25 x_{38} + 30 x_{39} + 30 x_{40} + 35 x_{41} + 30 x_{42}
+ 30 x_{43} + 30 x_{44} \\
&\quad + 25 x_{45} + 25 x_{46} + 35 x_{47} + 35 x_{48} + 35 x_{49}
+ 30 x_{50} + 25 x_{51} + 25 x_{52} + 30 x_{53} + 35 x_{54} + 35 x_{55}
+ 25 x_{56} + 30 x_{57} \\
&\quad + 35 x_{58} + 30 x_{59} + 35 x_{60} + 25 x_{61} + 35 x_{62}
+ 30 x_{63} + 30 x_{64} + 25 x_{65} + 35 x_{66} + 30 x_{67} + 30 x_{68}
+ 35 x_{69} + 35 x_{70} \\
&\quad + 30 x_{71} + 35 x_{72} + 30 x_{73} + 35 x_{74} + 30 x_{75}
+ 30 x_{76} + 30 x_{77} + 25 x_{78} + 30 x_{79} + 35 x_{80} + 30 x_{81}
+ 30 x_{82} + 30 x_{83} \\
&\quad + 25 x_{84} + 35 x_{85} + 30 x_{86} + 30 x_{87} + 35 x_{88}
+ 35 x_{89} + 15 x_{90} + 20 x_{91} + 20 x_{92} + 20 x_{93} + 25 x_{94}
+ 15 x_{95} + 20 x_{96} \\
&\quad + 25 x_{97} + 25 x_{98} + 20 x_{99} + 20 x_{100} + 20 x_{101}
+ 15 x_{102} + 15 x_{103} + 15 x_{104} + 15 x_{105} + 20 x_{106}
+ 25 x_{107} + 20 x_{108} \\
&\quad + 20 x_{109} + 15 x_{110} + 15 x_{111} + 20 x_{112} + 15 x_{113}
+ 25 x_{114} + 20 x_{115} + 20 x_{116} + 20 x_{117} + 15 x_{118}
+ 25 x_{119} + 20 x_{120} \\
&\quad + 20 x_{121} + 20 x_{122} + 20 x_{123} + 25 x_{124} + 20 x_{125}
+ 20 x_{126} + 20 x_{127} + 25 x_{128} + 25 x_{129} + 20 x_{130} \ge 200, \\
& x_i \in \mathbb{Z}_{\ge 0}, \qquad i=0,1,\ldots,130.
\end{aligned}
\]","import csv
from pathlib import Path

import gurobipy as gp
from gurobipy import GRB


def read_csv_rows(path: Path) -> list[list[str]]:
with path.open(""r"", encoding=""utf-8-sig"", newline="""") as handle:
return list(csv.reader(handle))


def solve_mixture5():
mixture_root = Path(""Test_Dataset"") / ""Large-scale-or"" / ""Mixture_testing""
rows = read_csv_rows(mixture_root / ""Mixture5"" / ""energy.csv"")

gen = [float(r[2]) for r in rows[1:]]
cost = [float(r[3]) for r in rows[1:]]

model = gp.Model(""Mixture5"")

x = model.addVars(len(gen), vtype=GRB.INTEGER, lb=0, name=""x"")

model.setObjective(
gp.quicksum(cost[i] * x[i] for i in range(len(gen))),
GRB.MINIMIZE,
)

model.addConstr(
gp.quicksum(gen[i] * x[i] for i in range(len(gen))) >= 200,
name=""demand"",
)

model.Params.OutputFlag = 0
model.optimize()

if model.Status == GRB.OPTIMAL:
print(f""Objective value: {model.ObjVal}"")
for v in model.getVars():
if abs(v.X) > 1e-9:
print(f""{v.VarName} = {v.X}"")
model.write(""Mixture5.lp"")
print(""Model written to Mixture5.lp"")
else:
print(f""Optimization ended with status {model.Status}"")


if __name__ == ""__main__"":
solve_mixture5()","\ Model Mixture5
\ LP format - for model browsing. Use MPS format to capture full model detail.
Minimize
37.62 x[0] + 44.43 x[1] + 34.76 x[2] + 33.17 x[3] + 40.83 x[4] + 33.5 x[5]
+ 42.73 x[6] + 34.86 x[7] + 36.09 x[8] + 39.16 x[9] + 38.56 x[10]
+ 35.52 x[11] + 41.14 x[12] + 36.05 x[13] + 38.19 x[14] + 35.37 x[15]
+ 44.61 x[16] + 47.87 x[17] + 32.68 x[18] + 44.27 x[19] + 43.97 x[20]
+ 39.71 x[21] + 30.75 x[22] + 32.44 x[23] + 34.61 x[24] + 49.81 x[25]
+ 36.58 x[26] + 44.24 x[27] + 38.97 x[28] + 33.27 x[29] + 48.64 x[30]
+ 35.46 x[31] + 45.75 x[32] + 49.34 x[33] + 28.75 x[34] + 26 x[35]
+ 28.53 x[36] + 25.41 x[37] + 24.15 x[38] + 30.58 x[39] + 29.17 x[40]
+ 34.08 x[41] + 30.74 x[42] + 31.05 x[43] + 30.2 x[44] + 24.67 x[45]
+ 24.36 x[46] + 34.63 x[47] + 35.46 x[48] + 35.01 x[49] + 29.98 x[50]
+ 25.56 x[51] + 23.81 x[52] + 29.03 x[53] + 36.59 x[54] + 34.55 x[55]
+ 26.07 x[56] + 31.4 x[57] + 36.24 x[58] + 29.66 x[59] + 34.36 x[60]
+ 25.14 x[61] + 35.69 x[62] + 28.79 x[63] + 31.47 x[64] + 25.05 x[65]
+ 35.84 x[66] + 30.61 x[67] + 29.38 x[68] + 36.09 x[69] + 36.45 x[70]
+ 30 x[71] + 35.52 x[72] + 30.89 x[73] + 34.43 x[74] + 28.78 x[75]
+ 28.61 x[76] + 30.13 x[77] + 25.23 x[78] + 29.34 x[79] + 35.83 x[80]
+ 30.34 x[81] + 29.24 x[82] + 30.77 x[83] + 24.04 x[84] + 34.69 x[85]
+ 30.83 x[86] + 31.29 x[87] + 34.75 x[88] + 35.89 x[89] + 19.5 x[90]
+ 25.82 x[91] + 25.99 x[92] + 23.78 x[93] + 29.97 x[94] + 19.66 x[95]
+ 24.68 x[96] + 32.65 x[97] + 32.04 x[98] + 23.96 x[99] + 25.15 x[100]
+ 26.02 x[101] + 18.74 x[102] + 18.69 x[103] + 18.04 x[104]
+ 19.03 x[105] + 25.21 x[106] + 30.86 x[107] + 25.92 x[108]
+ 26.16 x[109] + 19.63 x[110] + 19.48 x[111] + 26.23 x[112]
+ 18.85 x[113] + 31.32 x[114] + 25.49 x[115] + 25.32 x[116] + 26 x[117]
+ 18.34 x[118] + 32.47 x[119] + 25.3 x[120] + 24.22 x[121]
+ 24.63 x[122] + 23.94 x[123] + 32.77 x[124] + 25.09 x[125]
+ 25.78 x[126] + 24.16 x[127] + 32.26 x[128] + 31.96 x[129]
+ 24.8 x[130]
Subject To
demand: 45 x[0] + 55 x[1] + 45 x[2] + 40 x[3] + 50 x[4] + 40 x[5]
+ 55 x[6] + 45 x[7] + 45 x[8] + 50 x[9] + 50 x[10] + 45 x[11] + 50 x[12]
+ 45 x[13] + 50 x[14] + 45 x[15] + 55 x[16] + 60 x[17] + 40 x[18]
+ 55 x[19] + 55 x[20] + 50 x[21] + 40 x[22] + 40 x[23] + 45 x[24]
+ 60 x[25] + 45 x[26] + 55 x[27] + 50 x[28] + 40 x[29] + 60 x[30]
+ 45 x[31] + 55 x[32] + 60 x[33] + 30 x[34] + 25 x[35] + 30 x[36]
+ 25 x[37] + 25 x[38] + 30 x[39] + 30 x[40] + 35 x[41] + 30 x[42]
+ 30 x[43] + 30 x[44] + 25 x[45] + 25 x[46] + 35 x[47] + 35 x[48]
+ 35 x[49] + 30 x[50] + 25 x[51] + 25 x[52] + 30 x[53] + 35 x[54]
+ 35 x[55] + 25 x[56] + 30 x[57] + 35 x[58] + 30 x[59] + 35 x[60]
+ 25 x[61] + 35 x[62] + 30 x[63] + 30 x[64] + 25 x[65] + 35 x[66]
+ 30 x[67] + 30 x[68] + 35 x[69] + 35 x[70] + 30 x[71] + 35 x[72]
+ 30 x[73] + 35 x[74] + 30 x[75] + 30 x[76] + 30 x[77] + 25 x[78]
+ 30 x[79] + 35 x[80] + 30 x[81] + 30 x[82] + 30 x[83] + 25 x[84]
+ 35 x[85] + 30 x[86] + 30 x[87] + 35 x[88] + 35 x[89] + 15 x[90]
+ 20 x[91] + 20 x[92] + 20 x[93] + 25 x[94] + 15 x[95] + 20 x[96]
+ 25 x[97] + 25 x[98] + 20 x[99] + 20 x[100] + 20 x[101] + 15 x[102]
+ 15 x[103] + 15 x[104] + 15 x[105] + 20 x[106] + 25 x[107] + 20 x[108]
+ 20 x[109] + 15 x[110] + 15 x[111] + 20 x[112] + 15 x[113] + 25 x[114]
+ 20 x[115] + 20 x[116] + 20 x[117] + 15 x[118] + 25 x[119] + 20 x[120]
+ 20 x[121] + 20 x[122] + 20 x[123] + 25 x[124] + 20 x[125] + 20 x[126]
+ 20 x[127] + 25 x[128] + 25 x[129] + 20 x[130] >= 200
Bounds
Generals
x[0] x[1] x[2] x[3] x[4] x[5] x[6] x[7] x[8] x[9] x[10] x[11] x[12] x[13]
x[14] x[15] x[16] x[17] x[18] x[19] x[20] x[21] x[22] x[23] x[24] x[25]
x[26] x[27] x[28] x[29] x[30] x[31] x[32] x[33] x[34] x[35] x[36] x[37]
x[38] x[39] x[40] x[41] x[42] x[43] x[44] x[45] x[46] x[47] x[48] x[49]
x[50] x[51] x[52] x[53] x[54] x[55] x[56] x[57] x[58] x[59] x[60] x[61]
x[62] x[63] x[64] x[65] x[66] x[67] x[68] x[69] x[70] x[71] x[72] x[73]
x[74] x[75] x[76] x[77] x[78] x[79] x[80] x[81] x[82] x[83] x[84] x[85]
x[86] x[87] x[88] x[89] x[90] x[91] x[92] x[93] x[94] x[95] x[96] x[97]
x[98] x[99] x[100] x[101] x[102] x[103] x[104] x[105] x[106] x[107] x[108]
x[109] x[110] x[111] x[112] x[113] x[114] x[115] x[116] x[117] x[118]
x[119] x[120] x[121] x[122] x[123] x[124] x[125] x[126] x[127] x[128]
x[129] x[130]
End",152.76,x[14] = 4.0
16,"You are a nutritionist tasked with designing a one‑day meal plan using various available foods to minimize the total cost of the menu while meeting specific nutritional guidelines. Per‑serving nutrient and price information is provided in cost.csv, which lists Calories (kcal), Protein (g), Fat (g), Vitamin C (mg), and Cost (USD) for each food. Your plan must supply at least 2000 Calories, at least 50 g of protein, at least 60 mg of vitamin C, and no more than 70 g of fat. Portions may be fractional (e.g., 0.5 serving). Determine the optimal number of servings of each food that satisfies these requirements at the lowest possible cost, and clearly formulate the corresponding optimization model.",Diet Optimization,Test_Dataset/Large-scale-or/Others_example/Others4/cost.csv,"\[
\begin{aligned}
\min_{x_0,\ldots,x_{119}} \quad
& 0.4 x_0 + 0.5 x_1 + 0.3 x_2 + 0.25 x_3 + 0.38 x_4 + 0.75 x_5 \\
&\quad + 0.93 x_6 + 0.97 x_7 + 0.56 x_8 + 0.33 x_9 + 0.9 x_{10} + 1.35 x_{11}
+ 0.5 x_{12} + 0.69 x_{13} + 0.47 x_{14} + 1.03 x_{15} + 1.49 x_{16} \\
&\quad + 1.2 x_{17} + 0.55 x_{18} + 0.48 x_{19} + 0.54 x_{20} + 0.76 x_{21}
+ 0.86 x_{22} + 0.41 x_{23} + 1.49 x_{24} + 1.08 x_{25} + 1.03 x_{26} \\
&\quad + 1.14 x_{27} + 1.39 x_{28} + 0.44 x_{29} + 1.13 x_{30} + 1.09 x_{31}
+ 0.37 x_{32} + 0.99 x_{33} + 0.77 x_{34} + 0.96 x_{35} + 0.64 x_{36} \\
&\quad + 0.32 x_{37} + 0.87 x_{38} + 0.76 x_{39} + 1.14 x_{40} + 0.67 x_{41}
+ 0.72 x_{42} + 0.35 x_{43} + 0.47 x_{44} + 1.09 x_{45} + 0.35 x_{46} \\
&\quad + 1.06 x_{47} + 1.11 x_{48} + 1.01 x_{49} + 1.01 x_{50} + 1.17 x_{51}
+ 0.35 x_{52} + 1.16 x_{53} + 2.22 x_{54} + 1.69 x_{55} + 2.37 x_{56} \\
&\quad + 0.76 x_{57} + 0.52 x_{58} + 1.03 x_{59} + 0.82 x_{60} + 1.81 x_{61}
+ 0.71 x_{62} + 0.81 x_{63} + 1.77 x_{64} + 0.6 x_{65} + 0.76 x_{66} \\
&\quad + 1.62 x_{67} + 1.59 x_{68} + 1.12 x_{69} + 0.71 x_{70} + 0.81 x_{71}
+ 2.26 x_{72} + 1.32 x_{73} + 2.24 x_{74} + 1.11 x_{75} + 1.06 x_{76} \\
&\quad + 1.3 x_{77} + 1.02 x_{78} + 0.83 x_{79} + 0.66 x_{80} + 0.85 x_{81}
+ 0.46 x_{82} + 0.61 x_{83} + 0.35 x_{84} + 0.44 x_{85} + 0.83 x_{86} \\
&\quad + 0.58 x_{87} + 0.7 x_{88} + 0.38 x_{89} + 0.69 x_{90} + 0.77 x_{91}
+ 0.2 x_{92} + 0.76 x_{93} + 0.57 x_{94} + 0.96 x_{95} + 0.86 x_{96} \\
&\quad + 0.56 x_{97} + 0.59 x_{98} + 0.42 x_{99} + 0.51 x_{100} + 0.63 x_{101}
+ 0.82 x_{102} + 0.2 x_{103} + 0.77 x_{104} + 0.28 x_{105} + 0.64 x_{106} \\
&\quad + 0.2 x_{107} + 0.63 x_{108} + 0.14 x_{109} + 0.8 x_{110} + 0.17 x_{111}
+ 0.28 x_{112} + 0.86 x_{113} + 0.48 x_{114} + 0.71 x_{115} + 0.72 x_{116} \\
&\quad + 0.35 x_{117} + 0.26 x_{118} + 0.72 x_{119} \\
\text{s.t.}\quad
& 150 x_0 + 120 x_1 + 78 x_2 + 105 x_3 + 201 x_4 + 133 x_5 \\
&\quad + 123 x_6 + 211 x_7 + 120 x_8 + 147 x_9 + 164 x_{10} + 168 x_{11}
+ 166 x_{12} + 157 x_{13} + 178 x_{14} + 154 x_{15} + 188 x_{16} \\
&\quad + 201 x_{17} + 127 x_{18} + 147 x_{19} + 183 x_{20} + 151 x_{21}
+ 194 x_{22} + 131 x_{23} + 207 x_{24} + 187 x_{25} + 134 x_{26} + 134 x_{27} \\
&\quad + 212 x_{28} + 160 x_{29} + 177 x_{30} + 156 x_{31} + 119 x_{32}
+ 173 x_{33} + 96 x_{34} + 157 x_{35} + 105 x_{36} + 146 x_{37} + 150 x_{38} \\
&\quad + 109 x_{39} + 115 x_{40} + 153 x_{41} + 92 x_{42} + 173 x_{43}
+ 173 x_{44} + 137 x_{45} + 89 x_{46} + 149 x_{47} + 101 x_{48} + 101 x_{49} \\
&\quad + 138 x_{50} + 164 x_{51} + 154 x_{52} + 141 x_{53} + 120 x_{54}
+ 203 x_{55} + 120 x_{56} + 152 x_{57} + 176 x_{58} + 244 x_{59} + 189 x_{60} \\
&\quad + 239 x_{61} + 102 x_{62} + 134 x_{63} + 172 x_{64} + 167 x_{65}
+ 208 x_{66} + 167 x_{67} + 128 x_{68} + 194 x_{69} + 110 x_{70} + 243 x_{71} \\
&\quad + 160 x_{72} + 106 x_{73} + 163 x_{74} + 220 x_{75} + 158 x_{76}
+ 117 x_{77} + 237 x_{78} + 83 x_{79} + 105 x_{80} + 82 x_{81} + 75 x_{82} \\
&\quad + 90 x_{83} + 102 x_{84} + 98 x_{85} + 120 x_{86} + 91 x_{87}
+ 71 x_{88} + 61 x_{89} + 75 x_{90} + 59 x_{91} + 99 x_{92} + 63 x_{93}
+ 109 x_{94} \\
&\quad + 109 x_{95} + 106 x_{96} + 120 x_{97} + 81 x_{98} + 80 x_{99}
+ 90 x_{100} + 69 x_{101} + 103 x_{102} + 52 x_{103} + 42 x_{104}
+ 54 x_{105} + 34 x_{106} \\
&\quad + 71 x_{107} + 59 x_{108} + 25 x_{109} + 44 x_{110} + 37 x_{111}
+ 21 x_{112} + 24 x_{113} + 32 x_{114} + 27 x_{115} + 30 x_{116} + 30 x_{117}
+ 63 x_{118} + 57 x_{119} \ge 2000, \\
& 5 x_0 + 8 x_1 + 6 x_2 + x_3 + 3.6 x_4 + 6.4 x_5 + 3.5 x_6 \\
&\quad + 6.2 x_7 + 6.8 x_8 + 7.8 x_9 + 6 x_{10} + 3.4 x_{11} + 5.9 x_{12}
+ 7.9 x_{13} + 6.2 x_{14} + 6.5 x_{15} + 6.6 x_{16} + 6.4 x_{17} + 4.1 x_{18}
+ 7.6 x_{19} \\
&\quad + 5 x_{20} + 6.7 x_{21} + 5 x_{22} + 6.8 x_{23} + 5.1 x_{24}
+ 4.3 x_{25} + 6.4 x_{26} + 4.5 x_{27} + 4.3 x_{28} + 7.1 x_{29} + 6.1 x_{30}
+ 7.3 x_{31} \\
&\quad + 6.7 x_{32} + 8.4 x_{33} + 9.6 x_{34} + 8 x_{35} + 10 x_{36}
+ 8.2 x_{37} + 6.6 x_{38} + 5.5 x_{39} + 9.7 x_{40} + 9 x_{41} + 5.7 x_{42}
+ 5.4 x_{43} \\
&\quad + 7.4 x_{44} + 6 x_{45} + 8.1 x_{46} + 10.9 x_{47} + 7.8 x_{48}
+ 7.7 x_{49} + 7 x_{50} + 10 x_{51} + 10.2 x_{52} + 8.5 x_{53} + 22.8 x_{54}
+ 11.8 x_{55} \\
&\quad + 16.3 x_{56} + 20 x_{57} + 16.9 x_{58} + 24.9 x_{59} + 23.2 x_{60}
+ 20.6 x_{61} + 20 x_{62} + 14 x_{63} + 19.1 x_{64} + 17.6 x_{65} + 22.4 x_{66}
+ 12.4 x_{67} \\
&\quad + 11.1 x_{68} + 18.7 x_{69} + 23.5 x_{70} + 23.3 x_{71} + 23 x_{72}
+ 12.7 x_{73} + 14 x_{74} + 13.3 x_{75} + 13.3 x_{76} + 24.5 x_{77} + 15 x_{78}
+ 0.1 x_{79} \\
&\quad + 1.2 x_{80} + 0.1 x_{81} + 0.7 x_{82} + 1.3 x_{83} + 0.7 x_{84}
+ 1.4 x_{85} + 1.7 x_{86} + 0.9 x_{87} + 1.3 x_{88} + 1.6 x_{89} + 0.3 x_{90}
+ 0.9 x_{91} \\
&\quad + x_{92} + 1.6 x_{93} + 0.1 x_{94} + 1.3 x_{95} + 1.2 x_{96}
+ 0.9 x_{97} + 1.7 x_{98} + 0.5 x_{99} + 1.8 x_{100} + 1.4 x_{101} + 0.1 x_{102}
+ 1.7 x_{103} \\
&\quad + 2.2 x_{104} + 4 x_{105} + 2.1 x_{106} + 2.6 x_{107} + 3.1 x_{108}
+ 3.6 x_{109} + 2.3 x_{110} + 4 x_{111} + 4 x_{112} + 4.1 x_{113} + 4.4 x_{114}
+ 3.3 x_{115} \\
&\quad + 3.4 x_{116} + 4.9 x_{117} + 4.6 x_{118} + 3.8 x_{119} \ge 50, \\
& 10 x_3 + 0.5 x_4 + 0.2 x_5 + 1.2 x_6 + 0.4 x_7 + 0.8 x_8 \\
&\quad + 0.2 x_9 + 1.5 x_{10} + 1.3 x_{11} + 0.1 x_{12} + 1.7 x_{13}
+ 0.7 x_{14} + 0.1 x_{15} + 0.8 x_{16} + 0.6 x_{17} + 0.6 x_{18} + 1.4 x_{19}
+ 0.9 x_{20} \\
&\quad + 1.5 x_{21} + 2 x_{22} + 0.3 x_{23} + 0.8 x_{24} + 1.9 x_{25}
+ 0.5 x_{26} + 0.4 x_{28} + 0.6 x_{29} + 0.9 x_{30} + 0.9 x_{31} + 0.6 x_{32}
+ 0.8 x_{33} \\
&\quad + 0.2 x_{34} + 0.5 x_{35} + 0.7 x_{36} + 0.1 x_{37} + 0.1 x_{38}
+ 0.3 x_{39} + 0.1 x_{40} + 0.5 x_{41} + 0.4 x_{42} + 0.6 x_{43} + 0.2 x_{44}
+ 0.5 x_{45} \\
&\quad + 0.6 x_{46} + 0.9 x_{47} + 0.9 x_{48} + 0.3 x_{49} + 0.7 x_{50}
+ 0.3 x_{51} + 0.3 x_{52} + 0.2 x_{53} + 0.1 x_{55} + 0.3 x_{56} + 0.1 x_{57}
+ 0.5 x_{58} \\
&\quad + 0.1 x_{59} + 0.2 x_{60} + 0.5 x_{61} + 0.5 x_{62} + 0.4 x_{63}
+ 0.1 x_{64} + 0.5 x_{65} + 0.2 x_{66} + 0.4 x_{67} + 0.5 x_{68} + 0.1 x_{69}
+ 0.1 x_{70} \\
&\quad + 0.3 x_{71} + 0.4 x_{72} + 0.4 x_{73} + 0.1 x_{74} + 0.2 x_{75}
+ 0.2 x_{76} + 0.3 x_{77} + 0.4 x_{78} + 34.4 x_{79} + 37.7 x_{80} + 49.2 x_{81}
+ 61.5 x_{82} \\
&\quad + 81.5 x_{83} + 52.1 x_{84} + 57.3 x_{85} + 22.9 x_{86} + 23.2 x_{87}
+ 61.4 x_{88} + 62.2 x_{89} + 88.6 x_{90} + 53.9 x_{91} + 60.8 x_{92}
+ 73.3 x_{93} + 77.1 x_{94} \\
&\quad + 55.6 x_{95} + 47.9 x_{96} + 78.2 x_{97} + 71.1 x_{98} + 29.3 x_{99}
+ 17.8 x_{100} + 39.6 x_{101} + 38.1 x_{102} + 37.3 x_{103} + 107.5 x_{104}
+ 74.4 x_{105} \\
&\quad + 49.7 x_{106} + 58.7 x_{107} + 73.1 x_{108} + 58.1 x_{109}
+ 43.8 x_{110} + 34 x_{111} + 114.5 x_{112} + 91.7 x_{113} + 32.4 x_{114}
+ 85.4 x_{115} + 87.6 x_{116} \\
&\quad + 8 x_{117} + 113.3 x_{118} + 16.7 x_{119} \ge 60, \\
& 2.5 x_0 + 5 x_1 + 5 x_2 + 0.4 x_3 + 4 x_4 + 4.6 x_5 + 1.9 x_6 \\
&\quad + 3.2 x_7 + 1.6 x_8 + 2.3 x_9 + 4.2 x_{10} + 2.2 x_{11} + 3.8 x_{12}
+ 4.4 x_{13} + 2.5 x_{14} + 3.7 x_{15} + 1.7 x_{16} + 1.9 x_{17} + 1.1 x_{18}
+ 3.3 x_{19} \\
&\quad + 4.7 x_{20} + 3.2 x_{21} + 1.9 x_{22} + 4.4 x_{23} + 1.3 x_{24}
+ 3.2 x_{25} + 3.1 x_{26} + 1.6 x_{27} + 3 x_{28} + 7.5 x_{29} + 9.7 x_{30}
+ 3.1 x_{31} \\
&\quad + 4.7 x_{32} + 3.5 x_{33} + 9.6 x_{34} + 4.5 x_{35} + 5.8 x_{36}
+ 4.7 x_{37} + 4.5 x_{38} + 3.2 x_{39} + 4.5 x_{40} + 4.7 x_{41} + 6 x_{42}
+ 7.6 x_{43} \\
&\quad + 9 x_{44} + 4.3 x_{45} + 9 x_{46} + 9.8 x_{47} + 6.4 x_{48}
+ 9.9 x_{49} + 7.9 x_{50} + 4.1 x_{51} + 3.4 x_{52} + 9 x_{53} + 5.7 x_{54}
+ 13.9 x_{55} \\
&\quad + 10.8 x_{56} + 8.1 x_{57} + 14.3 x_{58} + 5.7 x_{59} + 13.8 x_{60}
+ 11.1 x_{61} + 10.5 x_{62} + 13.9 x_{63} + 12.2 x_{64} + 7.5 x_{65} + 5.4 x_{66}
+ 9.4 x_{67} \\
&\quad + 13.8 x_{68} + 6.5 x_{69} + 7.1 x_{70} + 9.1 x_{71} + 14.8 x_{72}
+ 14.2 x_{73} + 12.9 x_{74} + 13.2 x_{75} + 11.6 x_{76} + 7.8 x_{77} + 5.3 x_{78}
+ 0.6 x_{79} \\
&\quad + 0.5 x_{80} + 0.4 x_{81} + 0.1 x_{82} + 0.1 x_{83} + 0.7 x_{84}
+ 0.9 x_{85} + 0.3 x_{86} + 0.4 x_{87} + 0.3 x_{88} + 0.8 x_{89} + 0.9 x_{91}
+ 0.2 x_{92} \\
&\quad + 0.2 x_{93} + 0.2 x_{94} + x_{95} + 0.7 x_{96} + 0.2 x_{97}
+ 0.3 x_{98} + 0.1 x_{99} + 0.1 x_{100} + 0.1 x_{101} + 0.8 x_{102}
+ 0.8 x_{103} + 0.4 x_{104} \\
&\quad + 0.5 x_{105} + 0.5 x_{106} + 0.2 x_{107} + 0.9 x_{108} + 0.1 x_{109}
+ 0.5 x_{110} + 0.8 x_{111} + 0.1 x_{112} + 0.7 x_{113} + 0.6 x_{114}
+ 0.2 x_{115} + x_{116} \\
&\quad + 0.1 x_{117} + 0.4 x_{118} + 0.6 x_{119} \le 70, \\
& x_i \ge 0, \qquad i=0,1,\ldots,119.
\end{aligned}
\]","import csv
from pathlib import Path

import gurobipy as gp
from gurobipy import GRB


def read_csv_rows(path: Path) -> list[list[str]]:
with path.open(""r"", encoding=""utf-8-sig"", newline="""") as handle:
return list(csv.reader(handle))


def solve_others4():
data_root = Path(""Test_Dataset"") / ""Large-scale-or"" / ""Others_example"" / ""Others4""
rows = read_csv_rows(data_root / ""cost.csv"")
data = rows[1:]

calories = [float(row[1]) for row in data]
protein = [float(row[2]) for row in data]
fat = [float(row[3]) for row in data]
vitamin_c = [float(row[4]) for row in data]
cost = [float(row[5]) for row in data]

model = gp.Model(""Others4"")

x = model.addVars(len(data), lb=0.0, name=""x"")

model.setObjective(
gp.quicksum(cost[i] * x[i] for i in range(len(data))),
GRB.MINIMIZE
)

model.addConstr(
gp.quicksum(calories[i] * x[i] for i in range(len(data))) >= 2000,
name=""min_calories""
)
model.addConstr(
gp.quicksum(protein[i] * x[i] for i in range(len(data))) >= 50,
name=""min_protein""
)
model.addConstr(
gp.quicksum(vitamin_c[i] * x[i] for i in range(len(data))) >= 60,
name=""min_vitamin_c""
)
model.addConstr(
gp.quicksum(fat[i] * x[i] for i in range(len(data))) <= 70,
name=""max_fat""
)

model.Params.OutputFlag = 0
model.optimize()

if model.Status == GRB.OPTIMAL:
print(f""Objective value: {model.ObjVal}"")
print(""Nonzero variable values:"")
for v in model.getVars():
if abs(v.X) > 1e-9:
print(f""{v.VarName} = {v.X}"")
model.write(""Others4.lp"")
print(""Model written to Others4.lp"")
else:
print(f""Optimization ended with status {model.Status}"")


if __name__ == ""__main__"":
solve_others4()","\ Model Others4
\ LP format - for model browsing. Use MPS format to capture full model detail.
Minimize
0.4 x[0] + 0.5 x[1] + 0.3 x[2] + 0.25 x[3] + 0.38 x[4] + 0.75 x[5]
+ 0.93 x[6] + 0.97 x[7] + 0.56 x[8] + 0.33 x[9] + 0.9 x[10] + 1.35 x[11]
+ 0.5 x[12] + 0.69 x[13] + 0.47 x[14] + 1.03 x[15] + 1.49 x[16]
+ 1.2 x[17] + 0.55 x[18] + 0.48 x[19] + 0.54 x[20] + 0.76 x[21]
+ 0.86 x[22] + 0.41 x[23] + 1.49 x[24] + 1.08 x[25] + 1.03 x[26]
+ 1.14 x[27] + 1.39 x[28] + 0.44 x[29] + 1.13 x[30] + 1.09 x[31]
+ 0.37 x[32] + 0.99 x[33] + 0.77 x[34] + 0.96 x[35] + 0.64 x[36]
+ 0.32 x[37] + 0.87 x[38] + 0.76 x[39] + 1.14 x[40] + 0.67 x[41]
+ 0.72 x[42] + 0.35 x[43] + 0.47 x[44] + 1.09 x[45] + 0.35 x[46]
+ 1.06 x[47] + 1.11 x[48] + 1.01 x[49] + 1.01 x[50] + 1.17 x[51]
+ 0.35 x[52] + 1.16 x[53] + 2.22 x[54] + 1.69 x[55] + 2.37 x[56]
+ 0.76 x[57] + 0.52 x[58] + 1.03 x[59] + 0.82 x[60] + 1.81 x[61]
+ 0.71 x[62] + 0.81 x[63] + 1.77 x[64] + 0.6 x[65] + 0.76 x[66]
+ 1.62 x[67] + 1.59 x[68] + 1.12 x[69] + 0.71 x[70] + 0.81 x[71]
+ 2.26 x[72] + 1.32 x[73] + 2.24 x[74] + 1.11 x[75] + 1.06 x[76]
+ 1.3 x[77] + 1.02 x[78] + 0.83 x[79] + 0.66 x[80] + 0.85 x[81]
+ 0.46 x[82] + 0.61 x[83] + 0.35 x[84] + 0.44 x[85] + 0.83 x[86]
+ 0.58 x[87] + 0.7 x[88] + 0.38 x[89] + 0.69 x[90] + 0.77 x[91]
+ 0.2 x[92] + 0.76 x[93] + 0.57 x[94] + 0.96 x[95] + 0.86 x[96]
+ 0.56 x[97] + 0.59 x[98] + 0.42 x[99] + 0.51 x[100] + 0.63 x[101]
+ 0.82 x[102] + 0.2 x[103] + 0.77 x[104] + 0.28 x[105] + 0.64 x[106]
+ 0.2 x[107] + 0.63 x[108] + 0.14 x[109] + 0.8 x[110] + 0.17 x[111]
+ 0.28 x[112] + 0.86 x[113] + 0.48 x[114] + 0.71 x[115] + 0.72 x[116]
+ 0.35 x[117] + 0.26 x[118] + 0.72 x[119]
Subject To
min_calories: 150 x[0] + 120 x[1] + 78 x[2] + 105 x[3] + 201 x[4]
+ 133 x[5] + 123 x[6] + 211 x[7] + 120 x[8] + 147 x[9] + 164 x[10]
+ 168 x[11] + 166 x[12] + 157 x[13] + 178 x[14] + 154 x[15] + 188 x[16]
+ 201 x[17] + 127 x[18] + 147 x[19] + 183 x[20] + 151 x[21] + 194 x[22]
+ 131 x[23] + 207 x[24] + 187 x[25] + 134 x[26] + 134 x[27] + 212 x[28]
+ 160 x[29] + 177 x[30] + 156 x[31] + 119 x[32] + 173 x[33] + 96 x[34]
+ 157 x[35] + 105 x[36] + 146 x[37] + 150 x[38] + 109 x[39] + 115 x[40]
+ 153 x[41] + 92 x[42] + 173 x[43] + 173 x[44] + 137 x[45] + 89 x[46]
+ 149 x[47] + 101 x[48] + 101 x[49] + 138 x[50] + 164 x[51] + 154 x[52]
+ 141 x[53] + 120 x[54] + 203 x[55] + 120 x[56] + 152 x[57] + 176 x[58]
+ 244 x[59] + 189 x[60] + 239 x[61] + 102 x[62] + 134 x[63] + 172 x[64]
+ 167 x[65] + 208 x[66] + 167 x[67] + 128 x[68] + 194 x[69] + 110 x[70]
+ 243 x[71] + 160 x[72] + 106 x[73] + 163 x[74] + 220 x[75] + 158 x[76]
+ 117 x[77] + 237 x[78] + 83 x[79] + 105 x[80] + 82 x[81] + 75 x[82]
+ 90 x[83] + 102 x[84] + 98 x[85] + 120 x[86] + 91 x[87] + 71 x[88]
+ 61 x[89] + 75 x[90] + 59 x[91] + 99 x[92] + 63 x[93] + 109 x[94]
+ 109 x[95] + 106 x[96] + 120 x[97] + 81 x[98] + 80 x[99] + 90 x[100]
+ 69 x[101] + 103 x[102] + 52 x[103] + 42 x[104] + 54 x[105] + 34 x[106]
+ 71 x[107] + 59 x[108] + 25 x[109] + 44 x[110] + 37 x[111] + 21 x[112]
+ 24 x[113] + 32 x[114] + 27 x[115] + 30 x[116] + 30 x[117] + 63 x[118]
+ 57 x[119] >= 2000
min_protein: 5 x[0] + 8 x[1] + 6 x[2] + x[3] + 3.6 x[4] + 6.4 x[5]
+ 3.5 x[6] + 6.2 x[7] + 6.8 x[8] + 7.8 x[9] + 6 x[10] + 3.4 x[11]
+ 5.9 x[12] + 7.9 x[13] + 6.2 x[14] + 6.5 x[15] + 6.6 x[16] + 6.4 x[17]
+ 4.1 x[18] + 7.6 x[19] + 5 x[20] + 6.7 x[21] + 5 x[22] + 6.8 x[23]
+ 5.1 x[24] + 4.3 x[25] + 6.4 x[26] + 4.5 x[27] + 4.3 x[28] + 7.1 x[29]
+ 6.1 x[30] + 7.3 x[31] + 6.7 x[32] + 8.4 x[33] + 9.6 x[34] + 8 x[35]
+ 10 x[36] + 8.2 x[37] + 6.6 x[38] + 5.5 x[39] + 9.7 x[40] + 9 x[41]
+ 5.7 x[42] + 5.4 x[43] + 7.4 x[44] + 6 x[45] + 8.1 x[46] + 10.9 x[47]
+ 7.8 x[48] + 7.7 x[49] + 7 x[50] + 10 x[51] + 10.2 x[52] + 8.5 x[53]
+ 22.8 x[54] + 11.8 x[55] + 16.3 x[56] + 20 x[57] + 16.9 x[58]
+ 24.9 x[59] + 23.2 x[60] + 20.6 x[61] + 20 x[62] + 14 x[63]
+ 19.1 x[64] + 17.6 x[65] + 22.4 x[66] + 12.4 x[67] + 11.1 x[68]
+ 18.7 x[69] + 23.5 x[70] + 23.3 x[71] + 23 x[72] + 12.7 x[73]
+ 14 x[74] + 13.3 x[75] + 13.3 x[76] + 24.5 x[77] + 15 x[78] + 0.1 x[79]
+ 1.2 x[80] + 0.1 x[81] + 0.7 x[82] + 1.3 x[83] + 0.7 x[84] + 1.4 x[85]
+ 1.7 x[86] + 0.9 x[87] + 1.3 x[88] + 1.6 x[89] + 0.3 x[90] + 0.9 x[91]
+ x[92] + 1.6 x[93] + 0.1 x[94] + 1.3 x[95] + 1.2 x[96] + 0.9 x[97]
+ 1.7 x[98] + 0.5 x[99] + 1.8 x[100] + 1.4 x[101] + 0.1 x[102]
+ 1.7 x[103] + 2.2 x[104] + 4 x[105] + 2.1 x[106] + 2.6 x[107]
+ 3.1 x[108] + 3.6 x[109] + 2.3 x[110] + 4 x[111] + 4 x[112]
+ 4.1 x[113] + 4.4 x[114] + 3.3 x[115] + 3.4 x[116] + 4.9 x[117]
+ 4.6 x[118] + 3.8 x[119] >= 50
min_vitamin_c: 10 x[3] + 0.5 x[4] + 0.2 x[5] + 1.2 x[6] + 0.4 x[7]
+ 0.8 x[8] + 0.2 x[9] + 1.5 x[10] + 1.3 x[11] + 0.1 x[12] + 1.7 x[13]
+ 0.7 x[14] + 0.1 x[15] + 0.8 x[16] + 0.6 x[17] + 0.6 x[18] + 1.4 x[19]
+ 0.9 x[20] + 1.5 x[21] + 2 x[22] + 0.3 x[23] + 0.8 x[24] + 1.9 x[25]
+ 0.5 x[26] + 0.4 x[28] + 0.6 x[29] + 0.9 x[30] + 0.9 x[31] + 0.6 x[32]
+ 0.8 x[33] + 0.2 x[34] + 0.5 x[35] + 0.7 x[36] + 0.1 x[37] + 0.1 x[38]
+ 0.3 x[39] + 0.1 x[40] + 0.5 x[41] + 0.4 x[42] + 0.6 x[43] + 0.2 x[44]
+ 0.5 x[45] + 0.6 x[46] + 0.9 x[47] + 0.9 x[48] + 0.3 x[49] + 0.7 x[50]
+ 0.3 x[51] + 0.3 x[52] + 0.2 x[53] + 0.1 x[55] + 0.3 x[56] + 0.1 x[57]
+ 0.5 x[58] + 0.1 x[59] + 0.2 x[60] + 0.5 x[61] + 0.5 x[62] + 0.4 x[63]
+ 0.1 x[64] + 0.5 x[65] + 0.2 x[66] + 0.4 x[67] + 0.5 x[68] + 0.1 x[69]
+ 0.1 x[70] + 0.3 x[71] + 0.4 x[72] + 0.4 x[73] + 0.1 x[74] + 0.2 x[75]
+ 0.2 x[76] + 0.3 x[77] + 0.4 x[78] + 34.4 x[79] + 37.7 x[80]
+ 49.2 x[81] + 61.5 x[82] + 81.5 x[83] + 52.1 x[84] + 57.3 x[85]
+ 22.9 x[86] + 23.2 x[87] + 61.4 x[88] + 62.2 x[89] + 88.6 x[90]
+ 53.9 x[91] + 60.8 x[92] + 73.3 x[93] + 77.1 x[94] + 55.6 x[95]
+ 47.9 x[96] + 78.2 x[97] + 71.1 x[98] + 29.3 x[99] + 17.8 x[100]
+ 39.6 x[101] + 38.1 x[102] + 37.3 x[103] + 107.5 x[104] + 74.4 x[105]
+ 49.7 x[106] + 58.7 x[107] + 73.1 x[108] + 58.1 x[109] + 43.8 x[110]
+ 34 x[111] + 114.5 x[112] + 91.7 x[113] + 32.4 x[114] + 85.4 x[115]
+ 87.6 x[116] + 8 x[117] + 113.3 x[118] + 16.7 x[119] >= 60
max_fat: 2.5 x[0] + 5 x[1] + 5 x[2] + 0.4 x[3] + 4 x[4] + 4.6 x[5]
+ 1.9 x[6] + 3.2 x[7] + 1.6 x[8] + 2.3 x[9] + 4.2 x[10] + 2.2 x[11]
+ 3.8 x[12] + 4.4 x[13] + 2.5 x[14] + 3.7 x[15] + 1.7 x[16] + 1.9 x[17]
+ 1.1 x[18] + 3.3 x[19] + 4.7 x[20] + 3.2 x[21] + 1.9 x[22] + 4.4 x[23]
+ 1.3 x[24] + 3.2 x[25] + 3.1 x[26] + 1.6 x[27] + 3 x[28] + 7.5 x[29]
+ 9.7 x[30] + 3.1 x[31] + 4.7 x[32] + 3.5 x[33] + 9.6 x[34] + 4.5 x[35]
+ 5.8 x[36] + 4.7 x[37] + 4.5 x[38] + 3.2 x[39] + 4.5 x[40] + 4.7 x[41]
+ 6 x[42] + 7.6 x[43] + 9 x[44] + 4.3 x[45] + 9 x[46] + 9.8 x[47]
+ 6.4 x[48] + 9.9 x[49] + 7.9 x[50] + 4.1 x[51] + 3.4 x[52] + 9 x[53]
+ 5.7 x[54] + 13.9 x[55] + 10.8 x[56] + 8.1 x[57] + 14.3 x[58]
+ 5.7 x[59] + 13.8 x[60] + 11.1 x[61] + 10.5 x[62] + 13.9 x[63]
+ 12.2 x[64] + 7.5 x[65] + 5.4 x[66] + 9.4 x[67] + 13.8 x[68]
+ 6.5 x[69] + 7.1 x[70] + 9.1 x[71] + 14.8 x[72] + 14.2 x[73]
+ 12.9 x[74] + 13.2 x[75] + 11.6 x[76] + 7.8 x[77] + 5.3 x[78]
+ 0.6 x[79] + 0.5 x[80] + 0.4 x[81] + 0.1 x[82] + 0.1 x[83] + 0.7 x[84]
+ 0.9 x[85] + 0.3 x[86] + 0.4 x[87] + 0.3 x[88] + 0.8 x[89] + 0.9 x[91]
+ 0.2 x[92] + 0.2 x[93] + 0.2 x[94] + x[95] + 0.7 x[96] + 0.2 x[97]
+ 0.3 x[98] + 0.1 x[99] + 0.1 x[100] + 0.1 x[101] + 0.8 x[102]
+ 0.8 x[103] + 0.4 x[104] + 0.5 x[105] + 0.5 x[106] + 0.2 x[107]
+ 0.9 x[108] + 0.1 x[109] + 0.5 x[110] + 0.8 x[111] + 0.1 x[112]
+ 0.7 x[113] + 0.6 x[114] + 0.2 x[115] + x[116] + 0.1 x[117]
+ 0.4 x[118] + 0.6 x[119] <= 70
Bounds
End",3.910164341,"x[4] = 7.56037383023496
x[37] = 2.6661428458718643
x[92] = 0.9202828750048574"
17,"The problem of mutual payment of wages arises in multi‑party cooperation and mutual labor. For example, carpenters, electricians, painters, and other trades form a mutual‑aid group to complete each household’s renovation together. Because the amount of labor differs across trades, a fair standard of mutual payment is needed to balance everyone’s interests. The work_days.csv file records their arrangement. Each row corresponds to a homeowner and each column to a worker; each entry shows how many days a given worker spent renovating that homeowner’s home. The dataset may include many participants (e.g., 120 or more). Each worker contributes exactly 10 work days in total across all projects, including their own home renovation. To set the wage scale, the daily wage of the first worker listed in the file (e.g., the Carpenter) is fixed at 60.00 yuan. Determine the daily wages for all remaining workers so that, for every participant, their total income from working on others’ homes equals their total expenditure for work performed at their own home.",Payment Settlement,Data/Mixture17/work_days.csv,"\[
\begin{aligned}
&-9 w_0 + w_{12} + w_{45} + w_{50} + w_{65} + w_{68} + w_{76} + w_{85} + w_{88} + w_{100} + w_{104} + w_{118} + w_{119} + w_{124} + w_{125} + w_{149} = 0,\\
&w_0 - 9 w_1 + w_2 + w_6 + w_{20} + w_{26} + w_{50} + w_{132} = 0,\\
&w_1 - 9 w_2 + w_{17} + w_{23} + w_{68} + w_{75} + w_{77} + w_{90} + w_{101} = 0,\\
&w_2 - 9 w_3 + w_7 + w_{32} + w_{50} + w_{76} + w_{95} + w_{97} + w_{135} = 0,\\
&w_3 - 9 w_4 + w_{11} + w_{13} + w_{41} + w_{62} + w_{72} + w_{84} + w_{101} + w_{106} + w_{111} + w_{112} + w_{133} = 0,\\
&w_4 - 9 w_5 + w_{33} + w_{42} + w_{74} + w_{82} + w_{94} + w_{97} = 0,\\
&w_5 - 9 w_6 + w_{25} + w_{61} + w_{90} + w_{130} + w_{131} + w_{149} = 0,\\
&2 w_6 - 9 w_7 + w_{31} + w_{38} + w_{41} + w_{53} + w_{69} + w_{83} + w_{88} + w_{93} + w_{126} + w_{128} + w_{129} + w_{146} = 0,\\
&w_5 + w_7 - 9 w_8 + w_9 + w_{26} + w_{58} + w_{61} + w_{103} + w_{135} = 0,\\
&w_8 - 9 w_9 + w_{49} + w_{71} + w_{101} + w_{111} + w_{127} + w_{148} = 0,\\
&w_9 - 9 w_{10} + w_{24} + w_{72} + w_{105} + w_{114} + w_{118} + w_{132} + 2 w_{141} = 0,\\
&w_{10} - 8 w_{11} + w_{19} + w_{51} + w_{52} + w_{55} + w_{68} + w_{77} + w_{85} + w_{139} + w_{145} + w_{146} + w_{147} = 0,\\
&w_{11} - 9 w_{12} + w_{15} + w_{37} + w_{43} + w_{55} + w_{92} + w_{102} = 0,\\
&w_5 + w_7 + w_{12} - 9 w_{13} + w_{67} + 2 w_{89} + w_{106} + w_{108} + w_{135} + w_{149} = 0,\\
&w_0 + w_3 + w_8 + w_9 + 2 w_{13} - 9 w_{14} + w_{40} + w_{91} + w_{110} + w_{112} = 0,\\
&w_{14} - 9 w_{15} + w_{46} + w_{50} + w_{69} + w_{148} = 0,\\
&w_{15} - 9 w_{16} + w_{33} + w_{36} + w_{56} + w_{81} + w_{91} + w_{102} + w_{121} + w_{137} + w_{143} + w_{145} = 0,\\
&w_4 + w_{16} - 9 w_{17} + w_{35} + w_{90} + w_{125} = 0,\\
&w_{17} - 9 w_{18} + w_{44} + w_{57} + w_{63} + w_{64} + w_{99} + w_{125} + w_{145} = 0,\\
&w_{18} - 9 w_{19} + w_{38} + w_{67} + w_{99} + w_{133} = 0,\\
&w_0 + w_2 + w_4 + w_{19} - 9 w_{20} + w_{29} + w_{31} + w_{54} + w_{84} + w_{95} = 0,\\
&w_2 + w_{20} - 9 w_{21} + w_{31} + w_{47} + w_{85} + w_{135} = 0,\\
&w_{21} - 9 w_{22} + w_{44} + w_{49} + w_{56} + w_{75} + w_{108} + w_{115} = 0,\\
&w_8 + 2 w_{22} - 9 w_{23} + w_{34} + w_{35} + w_{50} + w_{134} = 0,\\
&w_{23} - 9 w_{24} + w_{35} + w_{59} + w_{83} + 2 w_{92} + w_{120} + w_{122} + w_{135} + w_{144} + w_{147} = 0,\\
&w_{24} - 9 w_{25} + w_{37} + w_{73} + w_{86} + w_{88} + w_{94} + w_{98} + w_{113} + w_{140} + 2 w_{148} = 0,\\
&w_{13} + w_{17} + w_{25} - 9 w_{26} + 2 w_{31} + w_{61} + w_{73} + w_{114} + w_{138} = 0,\\
&w_{11} + w_{15} + 2 w_{16} + w_{26} - 9 w_{27} + w_{32} + w_{58} + w_{70} + w_{89} + w_{91} = 0,\\
&w_{14} + w_{27} - 9 w_{28} + w_{47} + w_{52} + w_{62} + w_{81} + w_{118} + w_{122} + w_{124} + w_{132} + w_{136} + w_{140} = 0,\\
&w_{16} + w_{28} - 9 w_{29} + w_{32} + w_{56} + w_{71} + w_{79} + w_{80} + w_{106} + w_{125} = 0,\\
&w_{29} - 9 w_{30} + w_{96} + w_{117} + w_{138} = 0,\\
&w_{30} - 9 w_{31} + w_{36} + w_{39} + w_{76} + w_{108} + w_{124} + 2 w_{127} + w_{130} + w_{148} = 0,\\
&w_{10} + w_{11} + w_{29} + w_{30} + w_{31} - 9 w_{32} + w_{48} + w_{51} + w_{72} + w_{95} + 2 w_{110} + w_{142} = 0,\\
&w_{32} - 9 w_{33} + w_{45} + w_{49} + w_{76} + w_{82} + w_{86} + w_{93} + w_{137} = 0,\\
&w_6 + w_{12} + 2 w_{33} - 9 w_{34} + w_{53} + w_{71} + w_{104} + w_{106} + w_{120} + w_{129} + w_{144} = 0,\\
&w_{15} + w_{34} - 9 w_{35} + w_{38} + w_{55} + w_{63} + w_{88} + w_{97} + w_{113} + w_{131} + w_{140} + w_{142} = 0,\\
&w_{12} + w_{26} + w_{34} + w_{35} - 9 w_{36} + w_{55} + w_{100} + w_{116} + w_{133} + w_{136} = 0,\\
&w_2 + w_{21} + w_{31} + w_{36} - 9 w_{37} + w_{79} + w_{90} + w_{100} + w_{103} + w_{110} + w_{112} + w_{114} + w_{121} = 0,\\
&w_{19} + w_{24} + 2 w_{37} - 9 w_{38} + w_{48} + w_{60} + w_{64} + w_{77} + w_{91} + w_{108} + w_{109} + w_{141} + w_{144} = 0,\\
&w_8 + w_{38} - 9 w_{39} + w_{96} + w_{104} + w_{107} + w_{118} + w_{135} + w_{141} + w_{143} = 0,\\
&w_9 + w_{11} + w_{39} - 9 w_{40} + w_{70} + w_{118} + w_{137} = 0,\\
&w_{13} + w_{25} + w_{40} - 9 w_{41} + w_{60} + w_{94} + w_{107} + w_{110} + w_{137} + w_{144} = 0,\\
&w_{37} + w_{41} - 9 w_{42} + w_{52} + w_{82} + w_{113} = 0,\\
&w_7 + w_{16} + w_{42} - 9 w_{43} + w_{52} + w_{66} + w_{91} + w_{98} + w_{145} = 0,\\
&w_9 + w_{15} + w_{43} - 9 w_{44} + w_{63} + w_{86} = 0,\\
&w_{33} + w_{34} + w_{44} - 9 w_{45} + w_{52} + w_{70} + w_{86} + w_{115} + w_{118} + w_{130} + w_{139} = 0,\\
&w_{42} + w_{45} - 9 w_{46} + w_{48} + w_{66} + w_{67} + w_{71} + w_{78} + w_{86} + w_{88} + w_{99} + 2 w_{112} + w_{115} + w_{132} + w_{146} + w_{148} = 0,\\
&w_8 + w_{11} + w_{26} + w_{27} + w_{29} + w_{32} + 2 w_{46} - 9 w_{47} + w_{87} = 0,\\
&w_3 + w_{33} + w_{40} + w_{47} - 9 w_{48} + w_{67} + w_{103} + w_{122} + w_{124} + w_{125} + w_{145} = 0,\\
&w_6 + w_{37} + w_{48} - 9 w_{49} + w_{77} + w_{79} = 0,\\
&w_3 + w_4 + w_{18} + w_{31} + w_{39} + w_{49} - 9 w_{50} + w_{76} + w_{80} + w_{84} + w_{117} + w_{129} + w_{140} = 0,\\
&w_{14} + w_{19} + w_{24} + w_{42} + w_{50} - 9 w_{51} + w_{58} + w_{80} = 0,\\
&w_1 + w_5 + w_8 + w_{21} + w_{41} + w_{51} - 9 w_{52} + w_{59} + w_{75} + w_{82} + w_{109} + w_{120} + w_{133} + w_{139} = 0,\\
&2 w_7 + w_{20} + w_{27} + w_{29} + w_{35} + w_{41} + w_{52} - 9 w_{53} + w_{68} + w_{77} + w_{128} + w_{140} + w_{141} = 0,\\
&w_3 + w_{42} + w_{53} - 9 w_{54} + w_{74} + w_{96} + w_{119} + w_{126} + w_{127} + w_{130} + w_{142} + w_{146} = 0,\\
&w_{54} - 9 w_{55} + w_{66} + w_{71} + w_{87} + 2 w_{89} + w_{142} = 0,\\
&w_{38} + w_{55} - 9 w_{56} + w_{59} + w_{78} + w_{119} + w_{120} + w_{128} + w_{138} + w_{145} = 0,\\
&w_2 + w_{35} + 2 w_{40} + w_{44} + w_{45} + w_{54} + w_{56} - 9 w_{57} + w_{64} + w_{66} = 0,\\
&w_3 + w_{18} + w_{57} - 9 w_{58} + w_{73} + w_{94} + w_{134} + w_{147} = 0,\\
&w_4 + w_{25} + w_{37} + w_{41} + w_{58} - 9 w_{59} + w_{70} + w_{105} + w_{106} + w_{116} = 0,\\
&w_{32} + w_{59} - 9 w_{60} + w_{65} + w_{66} + w_{84} + w_{85} + w_{87} + w_{143} = 0,\\
&w_{12} + w_{15} + w_{18} + w_{19} + w_{44} + w_{56} + w_{60} - 9 w_{61} + w_{96} + w_{98} + w_{103} + w_{107} + w_{124} + w_{146} = 0,\\
&w_{10} + w_{14} + w_{39} + w_{44} + w_{61} - 9 w_{62} + w_{73} + w_{87} + w_{102} + w_{108} + w_{119} + w_{120} + w_{122} + w_{123} + w_{126} = 0,\\
&w_3 + w_{62} - 9 w_{63} + w_{94} + w_{100} + 2 w_{105} + w_{139} = 0,\\
&w_9 + w_{38} + w_{51} + w_{62} + w_{63} - 9 w_{64} + w_{72} + w_{102} + w_{128} = 0,\\
&w_{15} + w_{39} + w_{64} - 9 w_{65} + w_{78} + w_{97} + w_{111} = 0,\\
&w_{34} + w_{35} + w_{51} + w_{65} - 9 w_{66} + w_{92} + w_{109} + w_{128} + w_{129} = 0,\\
&w_{21} + w_{29} + w_{66} - 9 w_{67} + w_{92} + w_{99} + w_{113} + w_{116} = 0,\\
&w_{22} + 2 w_{47} + w_{49} + w_{50} + w_{59} + w_{67} - 9 w_{68} + w_{81} + w_{103} + w_{114} + w_{142} = 0,\\
&w_{23} + w_{40} + w_{63} + w_{68} - 9 w_{69} + w_{85} + w_{95} + w_{99} + w_{136} = 0,\\
&w_9 + w_{15} + w_{63} + w_{69} - 9 w_{70} + w_{124} = 0,\\
&w_0 + w_{11} + w_{70} - 9 w_{71} + w_{77} + w_{105} + w_{107} + w_{117} + w_{128} + w_{149} = 0,\\
&w_4 + w_{71} - 9 w_{72} + w_{86} + w_{102} + w_{143} = 0,\\
&w_{52} + w_{61} + w_{69} + w_{72} - 9 w_{73} + w_{81} + w_{111} + w_{114} + w_{131} + w_{145} = 0,\\
&w_1 + w_{16} + w_{27} + w_{54} + w_{60} + w_{73} - 9 w_{74} + w_{79} + w_{95} + w_{97} + w_{121} + w_{136} = 0,\\
&w_{47} + w_{57} + w_{61} + w_{74} - 9 w_{75} + w_{104} + w_{113} + w_{137} = 0,\\
&w_{75} - 9 w_{76} + w_{101} = 0,\\
&w_{75} + w_{76} - 9 w_{77} + w_{86} + w_{89} + w_{104} + w_{106} + w_{125} + w_{130} = 0,\\
&w_{77} - 9 w_{78} + w_{79} + w_{80} + w_{97} + w_{98} + w_{149} = 0,\\
&w_{50} + w_{67} + w_{78} - 9 w_{79} + w_{82} + w_{146} = 0,\\
&w_6 + w_{10} + w_{20} + w_{53} + w_{79} - 8 w_{80} + w_{87} + w_{123} + w_{134} + w_{143} + w_{147} = 0,\\
&w_8 + w_{24} + w_{29} + w_{71} + w_{79} + w_{80} - 9 w_{81} + w_{132} = 0,\\
&w_{58} + w_{62} + w_{75} + w_{81} - 9 w_{82} + w_{93} + w_{106} + w_{146} = 0,\\
&w_5 + w_{16} + w_{28} + w_{51} + w_{56} + w_{81} + w_{82} - 9 w_{83} + w_{102} + w_{123} = 0,\\
&w_{48} + w_{73} + w_{75} + w_{78} + w_{83} - 9 w_{84} + w_{131} + w_{137} = 0,\\
&w_{15} + w_{36} + w_{39} + w_{40} + w_{47} + w_{57} + w_{62} + w_{73} + w_{84} - 9 w_{85} + w_{91} + w_{111} + w_{123} + w_{134} + w_{138} + w_{148} = 0,\\
&w_{20} + w_{85} - 9 w_{86} + w_{127} + w_{138} = 0,\\
&w_1 + w_2 + w_9 + w_{86} - 9 w_{87} + w_{122} + w_{129} = 0,\\
&w_2 + w_4 + w_9 + w_{46} + w_{87} - 9 w_{88} + 2 w_{107} + w_{147} = 0,\\
&w_5 + w_{13} + w_{23} + w_{25} + w_{44} + 2 w_{53} + w_{64} + w_{69} + w_{86} + w_{88} - 9 w_{89} + w_{100} + w_{115} + w_{119} + w_{121} = 0,\\
&w_{64} + w_{80} + w_{89} - 9 w_{90} + w_{121} = 0,\\
&w_5 + w_{17} + w_{39} + w_{44} + w_{65} + w_{69} + w_{76} + w_{85} + w_{90} - 9 w_{91} + w_{117} + w_{129} = 0,\\
&w_0 + w_{23} + w_{28} + w_{34} + w_{47} + w_{53} + w_{84} + w_{91} - 9 w_{92} + w_{105} + w_{128} = 0,\\
&w_{42} + w_{48} + w_{87} + w_{92} - 9 w_{93} + w_{95} + w_{96} + w_{98} + w_{103} = 0,\\
&w_7 + w_{34} + w_{52} + w_{74} + w_{76} + w_{83} + w_{93} - 9 w_{94} + w_{96} + w_{103} + w_{113} = 0,\\
&2 w_{14} + w_{18} + w_{24} + w_{46} + w_{49} + w_{55} + w_{84} + w_{94} - 9 w_{95} + w_{129} = 0,\\
&w_{22} + w_{32} + w_{95} - 9 w_{96} + w_{108} + w_{110} + w_{111} + w_{129} = 0,\\
&w_{22} + w_{39} + w_{73} + w_{79} + w_{96} - 9 w_{97} + w_{136} + w_{139} + w_{141} + w_{144} = 0,\\
&w_{12} + w_{25} + w_{26} + w_{28} + w_{33} + w_{34} + w_{37} + w_{42} + w_{55} + w_{56} + w_{59} + w_{74} + w_{88} + w_{97} - 9 w_{98} + w_{133} = 0,\\
&w_1 + w_{48} + w_{49} + w_{57} + w_{98} - 9 w_{99} + w_{101} + w_{116} + w_{137} = 0,\\
&w_{12} + w_{19} + w_{41} + w_{48} + w_{51} + w_{55} + w_{70} + w_{94} + w_{99} - 9 w_{100} + w_{102} + w_{118} + w_{145} = 0,\\
&w_{69} + w_{74} + w_{100} - 9 w_{101} + w_{144} = 0,\\
&2 w_0 + w_{13} + w_{18} + w_{41} + w_{79} + w_{101} - 9 w_{102} + w_{126} + w_{135} = 0,\\
&w_1 + w_6 + w_{12} + w_{24} + w_{28} + w_{35} + w_{36} + w_{83} + w_{102} - 9 w_{103} + w_{108} + 2 w_{109} + w_{114} + w_{115} + w_{116} + w_{123} + w_{143} = 0,\\
&w_{54} + w_{56} + w_{65} + w_{73} + w_{103} - 9 w_{104} + w_{105} + w_{123} = 0,\\
&w_7 + w_{43} + w_{80} + w_{104} - 9 w_{105} + w_{117} + w_{138} = 0,\\
&w_0 + w_{87} + w_{90} + w_{105} - 9 w_{106} + w_{115} + w_{140} = 0,\\
&w_3 + w_{16} + w_{41} + w_{63} + w_{106} - 9 w_{107} + w_{122} + w_{134} + w_{144} = 0,\\
&w_{31} + w_{42} + w_{60} + w_{62} + w_{72} + w_{89} + w_{92} + w_{94} + w_{107} - 9 w_{108} + w_{112} + w_{136} + w_{143} + w_{147} = 0,\\
&w_{28} + w_{75} + w_{108} - 9 w_{109} + w_{119} + w_{127} = 0,\\
&w_5 + w_8 + w_{32} + w_{58} + w_{82} + w_{90} + 3 w_{93} + w_{109} - 8 w_{110} + w_{116} + w_{142} = 0,\\
&w_{25} + w_{28} + w_{57} + w_{78} + w_{95} + w_{110} - 9 w_{111} + w_{131} = 0,\\
&w_{18} + w_{19} + 2 w_{20} + w_{25} + w_{27} + w_{55} + w_{56} + w_{65} + w_{76} + w_{88} + w_{93} + w_{98} + w_{99} + w_{111} - 9 w_{112} + w_{126} + w_{141} = 0,\\
&w_{36} + w_{43} + w_{54} + w_{112} - 9 w_{113} + w_{122} + w_{126} + w_{134} = 0,\\
&w_{30} + w_{38} + w_{53} + w_{71} + w_{82} + 2 w_{90} + 2 w_{113} - 9 w_{114} + w_{119} + w_{125} + w_{135} + w_{140} + w_{149} = 0,\\
&w_{17} + w_{22} + w_{27} + w_{34} + w_{42} + w_{114} - 9 w_{115} = 0,\\
&w_1 + w_{33} + w_{44} + w_{46} + w_{58} + w_{66} + w_{68} + w_{69} + w_{104} + w_{115} - 9 w_{116} + w_{120} + w_{138} + w_{149} = 0,\\
&w_{18} + w_{46} + w_{67} + w_{68} + w_{72} + w_{77} + w_{83} + w_{97} + w_{99} + w_{111} + w_{116} - 9 w_{117} + w_{123} + w_{147} = 0,\\
&w_{30} + w_{72} + w_{91} + w_{117} - 9 w_{118} + w_{133} = 0,\\
&w_{27} + w_{43} + w_{54} + w_{104} + w_{116} + w_{118} - 9 w_{119} + w_{130} + w_{134} = 0,\\
&2 w_{17} + w_{87} + w_{94} + w_{119} - 9 w_{120} = 0,\\
&w_0 + w_{45} + w_{60} + w_{62} + w_{69} + w_{84} + w_{117} + w_{120} - 9 w_{121} + w_{137} + w_{139} = 0,\\
&w_{10} + w_{21} + w_{59} + w_{77} + w_{106} + w_{111} + w_{121} - 9 w_{122} + w_{124} = 0,\\
&w_8 + w_{14} + w_{22} + w_{33} + w_{43} + w_{51} + w_{122} - 9 w_{123} + w_{127} = 0,\\
&w_{40} + w_{108} + w_{123} - 9 w_{124} + w_{131} = 0,\\
&w_{21} + w_{46} + 2 w_{64} + w_{82} + w_{91} + w_{100} + w_{124} - 9 w_{125} = 0,\\
&w_{36} + w_{45} + w_{65} + w_{88} + w_{117} + w_{125} - 9 w_{126} = 0,\\
&w_{17} + w_{24} + w_{28} + 2 w_{30} + w_{35} + w_{50} + w_{58} + w_{121} + w_{126} - 9 w_{127} + w_{134} + w_{136} = 0,\\
&w_{10} + w_{17} + w_{20} + w_{24} + w_{26} + w_{45} + w_{46} + w_{74} + w_{126} + w_{127} - 9 w_{128} + w_{132} + w_{143} = 0,\\
&w_2 + w_5 + w_{19} + w_{20} + w_{21} + w_{36} + w_{53} + w_{89} + w_{101} + w_{102} + w_{113} + w_{121} + w_{128} - 9 w_{129} + w_{132} + w_{140} = 0,\\
&w_1 + w_3 + w_{12} + w_{19} + w_{27} + w_{65} + w_{96} + w_{127} + w_{129} - 9 w_{130} + w_{144} = 0,\\
&w_4 + w_6 + w_{14} + w_{63} + w_{81} + 2 w_{83} + w_{107} + w_{126} + w_{130} - 9 w_{131} = 0,\\
&w_{60} + w_{74} + w_{78} + w_{80} + w_{85} + w_{98} + w_{116} + w_{131} - 9 w_{132} = 0,\\
&w_6 + w_{16} + w_{66} + w_{71} + w_{97} + w_{101} + w_{109} + w_{114} + w_{132} - 9 w_{133} + w_{138} = 0,\\
&w_4 + w_{11} + w_{30} + w_{37} + w_{54} + w_{110} + w_{121} + w_{128} + w_{133} - 9 w_{134} + w_{149} = 0,\\
&2 w_{10} + w_{30} + w_{62} + w_{70} + w_{98} + w_{112} + w_{134} - 9 w_{135} = 0,\\
&w_{13} + w_{18} + w_{36} + w_{45} + w_{61} + w_{96} + w_{104} + w_{117} + w_{120} + w_{133} + w_{135} - 9 w_{136} + w_{149} = 0,\\
&w_{49} + w_{54} + w_{81} + w_{92} + w_{101} + w_{136} - 9 w_{137} + w_{139} = 0,\\
&w_{10} + w_{22} + w_{100} + w_{137} - 9 w_{138} = 0,\\
&w_{26} + w_{45} + w_{51} + w_{57} + w_{59} + w_{99} + w_{115} + w_{133} + w_{138} - 9 w_{139} = 0,\\
&w_{52} + w_{57} + w_{61} + w_{64} + w_{70} + w_{112} + w_{115} + w_{124} + w_{139} - 9 w_{140} = 0,\\
&w_{13} + w_{29} + w_{38} + w_{60} + w_{78} + w_{100} + w_{130} + w_{140} - 9 w_{141} = 0,\\
&w_{14} + w_{39} + w_{68} + w_{103} + w_{109} + w_{119} + w_{141} - 9 w_{142} + w_{147} = 0,\\
&w_{22} + w_{25} + w_{38} + w_{43} + w_{47} + w_{48} + w_{58} + w_{59} + w_{68} + w_{83} + w_{125} + w_{130} + w_{142} - 9 w_{143} = 0,\\
&w_{21} + w_{30} + w_{43} + w_{61} + w_{63} + w_{70} + w_{75} + w_{78} + w_{81} + w_{92} + w_{109} + w_{139} + w_{143} - 9 w_{144} + w_{148} = 0,\\
&w_7 + w_{28} + w_{60} + w_{67} + w_{72} + w_{93} + w_{107} + w_{136} + w_{144} - 9 w_{145} = 0,\\
&w_{21} + 2 w_{23} + w_{26} + w_{32} + w_{43} + w_{49} + w_{57} + w_{67} + w_{84} + 2 w_{131} + w_{145} - 9 w_{146} = 0,\\
&2 w_{23} + w_{27} + w_{29} + w_{65} + w_{114} + w_{123} + w_{132} + w_{142} + w_{146} - 9 w_{147} = 0,\\
&w_{66} + w_{74} + w_{85} + w_{118} + w_{120} + w_{141} + w_{146} + w_{147} - 9 w_{148} = 0,\\
&w_1 + w_{40} + w_{95} + w_{105} + w_{122} + w_{142} + w_{148} - 9 w_{149} = 0.
\end{aligned}
\]","import csv
from pathlib import Path

import gurobipy as gp
from gurobipy import GRB


def read_csv_rows(path: Path) -> list[list[str]]:
with path.open(""r"", encoding=""utf-8-sig"", newline="""") as handle:
return list(csv.reader(handle))


def solve_mixture17():
mixture_root = Path(""Test_Dataset"") / ""Large-scale-or"" / ""Mixture_testing""
rows = read_csv_rows(mixture_root / ""Mixture17"" / ""work_days.csv"")

workers = rows[0][1:]
matrix = [[float(v) for v in row[1:]] for row in rows[1:]]

model = gp.Model(""Mixture17"")

wage = model.addVars(len(workers), lb=0.0, name=""wage"")

model.setObjective(0.0, GRB.MINIMIZE)

model.addConstr(wage[0] == 60, name=""anchor"")

for i in range(len(workers)):
model.addConstr(
gp.quicksum(matrix[i][j] * wage[j] for j in range(len(workers))) == 10 * wage[i],
name=f""balance_{i}"",
)

model.Params.OutputFlag = 0
model.optimize()

if model.Status == GRB.OPTIMAL:
print(f""Objective value: {model.ObjVal}"")
for v in model.getVars():
if abs(v.X) > 1e-9:
print(f""{v.VarName} = {v.X}"")
model.write(""Mixture17.lp"")
print(""Model written to Mixture17.lp"")
else:
print(f""Optimization ended with status {model.Status}"")


if __name__ == ""__main__"":
solve_mixture17()","\ Model Mixture17
\ LP format - for model browsing. Use MPS format to capture full model detail.
Minimize

Subject To
anchor: wage[0] = 60
balance_0: - 9 wage[0] + wage[12] + wage[45] + wage[50] + wage[65]
+ wage[68] + wage[76] + wage[85] + wage[88] + wage[100] + wage[104]
+ wage[118] + wage[119] + wage[124] + wage[125] + wage[149] = 0
balance_1: wage[0] - 9 wage[1] + wage[2] + wage[6] + wage[20] + wage[26]
+ wage[50] + wage[132] = 0
balance_2: wage[1] - 9 wage[2] + wage[17] + wage[23] + wage[68] + wage[75]
+ wage[77] + wage[90] + wage[101] = 0
balance_3: wage[2] - 9 wage[3] + wage[7] + wage[32] + wage[50] + wage[76]
+ wage[95] + wage[97] + wage[135] = 0
balance_4: wage[3] - 9 wage[4] + wage[11] + wage[13] + wage[41] + wage[62]
+ wage[72] + wage[84] + wage[101] + wage[106] + wage[111] + wage[112]
+ wage[133] = 0
balance_5: wage[4] - 9 wage[5] + wage[33] + wage[42] + wage[74] + wage[82]
+ wage[94] + wage[97] = 0
balance_6: wage[5] - 9 wage[6] + wage[25] + wage[61] + wage[90]
+ wage[130] + wage[131] + wage[149] = 0
balance_7: 2 wage[6] - 9 wage[7] + wage[31] + wage[38] + wage[41]
+ wage[53] + wage[69] + wage[83] + wage[88] + wage[93] + wage[126]
+ wage[128] + wage[129] + wage[146] = 0
balance_8: wage[5] + wage[7] - 9 wage[8] + wage[9] + wage[26] + wage[58]
+ wage[61] + wage[103] + wage[135] = 0
balance_9: wage[8] - 9 wage[9] + wage[49] + wage[71] + wage[101]
+ wage[111] + wage[127] + wage[148] = 0
balance_10: wage[9] - 9 wage[10] + wage[24] + wage[72] + wage[105]
+ wage[114] + wage[118] + wage[132] + 2 wage[141] = 0
balance_11: wage[10] - 8 wage[11] + wage[19] + wage[51] + wage[52]
+ wage[55] + wage[68] + wage[77] + wage[85] + wage[139] + wage[145]
+ wage[146] + wage[147] = 0
balance_12: wage[11] - 9 wage[12] + wage[15] + wage[37] + wage[43]
+ wage[55] + wage[92] + wage[102] = 0
balance_13: wage[5] + wage[7] + wage[12] - 9 wage[13] + wage[67]
+ 2 wage[89] + wage[106] + wage[108] + wage[135] + wage[149] = 0
balance_14: wage[0] + wage[3] + wage[8] + wage[9] + 2 wage[13]
- 9 wage[14] + wage[40] + wage[91] + wage[110] + wage[112] = 0
balance_15: wage[14] - 9 wage[15] + wage[46] + wage[50] + wage[69]
+ wage[148] = 0
balance_16: wage[15] - 9 wage[16] + wage[33] + wage[36] + wage[56]
+ wage[81] + wage[91] + wage[102] + wage[121] + wage[137] + wage[143]
+ wage[145] = 0
balance_17: wage[4] + wage[16] - 9 wage[17] + wage[35] + wage[90]
+ wage[125] = 0
balance_18: wage[17] - 9 wage[18] + wage[44] + wage[57] + wage[63]
+ wage[64] + wage[99] + wage[125] + wage[145] = 0
balance_19: wage[18] - 9 wage[19] + wage[38] + wage[67] + wage[99]
+ wage[133] = 0
balance_20: wage[0] + wage[2] + wage[4] + wage[19] - 9 wage[20] + wage[29]
+ wage[31] + wage[54] + wage[84] + wage[95] = 0
balance_21: wage[2] + wage[20] - 9 wage[21] + wage[31] + wage[47]
+ wage[85] + wage[135] = 0
balance_22: wage[21] - 9 wage[22] + wage[44] + wage[49] + wage[56]
+ wage[75] + wage[108] + wage[115] = 0
balance_23: wage[8] + 2 wage[22] - 9 wage[23] + wage[34] + wage[35]
+ wage[50] + wage[134] = 0
balance_24: wage[23] - 9 wage[24] + wage[35] + wage[59] + wage[83]
+ 2 wage[92] + wage[120] + wage[122] + wage[135] + wage[144] + wage[147]
= 0
balance_25: wage[24] - 9 wage[25] + wage[37] + wage[73] + wage[86]
+ wage[88] + wage[94] + wage[98] + wage[113] + wage[140] + 2 wage[148]
= 0
balance_26: wage[13] + wage[17] + wage[25] - 9 wage[26] + 2 wage[31]
+ wage[61] + wage[73] + wage[114] + wage[138] = 0
balance_27: wage[11] + wage[15] + 2 wage[16] + wage[26] - 9 wage[27]
+ wage[32] + wage[58] + wage[70] + wage[89] + wage[91] = 0
balance_28: wage[14] + wage[27] - 9 wage[28] + wage[47] + wage[52]
+ wage[62] + wage[81] + wage[118] + wage[122] + wage[124] + wage[132]
+ wage[136] + wage[140] = 0
balance_29: wage[16] + wage[28] - 9 wage[29] + wage[32] + wage[56]
+ wage[71] + wage[79] + wage[80] + wage[106] + wage[125] = 0
balance_30: wage[29] - 9 wage[30] + wage[96] + wage[117] + wage[138] = 0
balance_31: wage[30] - 9 wage[31] + wage[36] + wage[39] + wage[76]
+ wage[108] + wage[124] + 2 wage[127] + wage[130] + wage[148] = 0
balance_32: wage[10] + wage[11] + wage[29] + wage[30] + wage[31]
- 9 wage[32] + wage[48] + wage[51] + wage[72] + wage[95] + 2 wage[110]
+ wage[142] = 0
balance_33: wage[32] - 9 wage[33] + wage[45] + wage[49] + wage[76]
+ wage[82] + wage[86] + wage[93] + wage[137] = 0
balance_34: wage[6] + wage[12] + 2 wage[33] - 9 wage[34] + wage[53]
+ wage[71] + wage[104] + wage[106] + wage[120] + wage[129] + wage[144]
= 0
balance_35: wage[15] + wage[34] - 9 wage[35] + wage[38] + wage[55]
+ wage[63] + wage[88] + wage[97] + wage[113] + wage[131] + wage[140]
+ wage[142] = 0
balance_36: wage[12] + wage[26] + wage[34] + wage[35] - 9 wage[36]
+ wage[55] + wage[100] + wage[116] + wage[133] + wage[136] = 0
balance_37: wage[2] + wage[21] + wage[31] + wage[36] - 9 wage[37]
+ wage[79] + wage[90] + wage[100] + wage[103] + wage[110] + wage[112]
+ wage[114] + wage[121] = 0
balance_38: wage[19] + wage[24] + 2 wage[37] - 9 wage[38] + wage[48]
+ wage[60] + wage[64] + wage[77] + wage[91] + wage[108] + wage[109]
+ wage[141] + wage[144] = 0
balance_39: wage[8] + wage[38] - 9 wage[39] + wage[96] + wage[104]
+ wage[107] + wage[118] + wage[135] + wage[141] + wage[143] = 0
balance_40: wage[9] + wage[11] + wage[39] - 9 wage[40] + wage[70]
+ wage[118] + wage[137] = 0
balance_41: wage[13] + wage[25] + wage[40] - 9 wage[41] + wage[60]
+ wage[94] + wage[107] + wage[110] + wage[137] + wage[144] = 0
balance_42: wage[37] + wage[41] - 9 wage[42] + wage[52] + wage[82]
+ wage[113] = 0
balance_43: wage[7] + wage[16] + wage[42] - 9 wage[43] + wage[52]
+ wage[66] + wage[91] + wage[98] + wage[145] = 0
balance_44: wage[9] + wage[15] + wage[43] - 9 wage[44] + wage[63]
+ wage[86] = 0
balance_45: wage[33] + wage[34] + wage[44] - 9 wage[45] + wage[52]
+ wage[70] + wage[86] + wage[115] + wage[118] + wage[130] + wage[139]
= 0
balance_46: wage[42] + wage[45] - 9 wage[46] + wage[48] + wage[66]
+ wage[67] + wage[71] + wage[78] + wage[86] + wage[88] + wage[99]
+ 2 wage[112] + wage[115] + wage[132] + wage[146] + wage[148] = 0
balance_47: wage[8] + wage[11] + wage[26] + wage[27] + wage[29] + wage[32]
+ 2 wage[46] - 9 wage[47] + wage[87] = 0
balance_48: wage[3] + wage[33] + wage[40] + wage[47] - 9 wage[48]
+ wage[67] + wage[103] + wage[122] + wage[124] + wage[125] + wage[145]
= 0
balance_49: wage[6] + wage[37] + wage[48] - 9 wage[49] + wage[77]
+ wage[79] = 0
balance_50: wage[3] + wage[4] + wage[18] + wage[31] + wage[39] + wage[49]
- 9 wage[50] + wage[76] + wage[80] + wage[84] + wage[117] + wage[129]
+ wage[140] = 0
balance_51: wage[14] + wage[19] + wage[24] + wage[42] + wage[50]
- 9 wage[51] + wage[58] + wage[80] = 0
balance_52: wage[1] + wage[5] + wage[8] + wage[21] + wage[41] + wage[51]
- 9 wage[52] + wage[59] + wage[75] + wage[82] + wage[109] + wage[120]
+ wage[133] + wage[139] = 0
balance_53: 2 wage[7] + wage[20] + wage[27] + wage[29] + wage[35]
+ wage[41] + wage[52] - 9 wage[53] + wage[68] + wage[77] + wage[128]
+ wage[140] + wage[141] = 0
balance_54: wage[3] + wage[42] + wage[53] - 9 wage[54] + wage[74]
+ wage[96] + wage[119] + wage[126] + wage[127] + wage[130] + wage[142]
+ wage[146] = 0
balance_55: wage[54] - 9 wage[55] + wage[66] + wage[71] + wage[87]
+ 2 wage[89] + wage[142] = 0
balance_56: wage[38] + wage[55] - 9 wage[56] + wage[59] + wage[78]
+ wage[119] + wage[120] + wage[128] + wage[138] + wage[145] = 0
balance_57: wage[2] + wage[35] + 2 wage[40] + wage[44] + wage[45]
+ wage[54] + wage[56] - 9 wage[57] + wage[64] + wage[66] = 0
balance_58: wage[3] + wage[18] + wage[57] - 9 wage[58] + wage[73]
+ wage[94] + wage[134] + wage[147] = 0
balance_59: wage[4] + wage[25] + wage[37] + wage[41] + wage[58]
- 9 wage[59] + wage[70] + wage[105] + wage[106] + wage[116] = 0
balance_60: wage[32] + wage[59] - 9 wage[60] + wage[65] + wage[66]
+ wage[84] + wage[85] + wage[87] + wage[143] = 0
balance_61: wage[12] + wage[15] + wage[18] + wage[19] + wage[44]
+ wage[56] + wage[60] - 9 wage[61] + wage[96] + wage[98] + wage[103]
+ wage[107] + wage[124] + wage[146] = 0
balance_62: wage[10] + wage[14] + wage[39] + wage[44] + wage[61]
- 9 wage[62] + wage[73] + wage[87] + wage[102] + wage[108] + wage[119]
+ wage[120] + wage[122] + wage[123] + wage[126] = 0
balance_63: wage[3] + wage[62] - 9 wage[63] + wage[94] + wage[100]
+ 2 wage[105] + wage[139] = 0
balance_64: wage[9] + wage[38] + wage[51] + wage[62] + wage[63]
- 9 wage[64] + wage[72] + wage[102] + wage[128] = 0
balance_65: wage[15] + wage[39] + wage[64] - 9 wage[65] + wage[78]
+ wage[97] + wage[111] = 0
balance_66: wage[34] + wage[35] + wage[51] + wage[65] - 9 wage[66]
+ wage[92] + wage[109] + wage[128] + wage[129] = 0
balance_67: wage[21] + wage[29] + wage[66] - 9 wage[67] + wage[92]
+ wage[99] + wage[113] + wage[116] = 0
balance_68: wage[22] + 2 wage[47] + wage[49] + wage[50] + wage[59]
+ wage[67] - 9 wage[68] + wage[81] + wage[103] + wage[114] + wage[142]
= 0
balance_69: wage[23] + wage[40] + wage[63] + wage[68] - 9 wage[69]
+ wage[85] + wage[95] + wage[99] + wage[136] = 0
balance_70: wage[9] + wage[15] + wage[63] + wage[69] - 9 wage[70]
+ wage[124] = 0
balance_71: wage[0] + wage[11] + wage[70] - 9 wage[71] + wage[77]
+ wage[105] + wage[107] + wage[117] + wage[128] + wage[149] = 0
balance_72: wage[4] + wage[71] - 9 wage[72] + wage[86] + wage[102]
+ wage[143] = 0
balance_73: wage[52] + wage[61] + wage[69] + wage[72] - 9 wage[73]
+ wage[81] + wage[111] + wage[114] + wage[131] + wage[145] = 0
balance_74: wage[1] + wage[16] + wage[27] + wage[54] + wage[60] + wage[73]
- 9 wage[74] + wage[79] + wage[95] + wage[97] + wage[121] + wage[136]
= 0
balance_75: wage[47] + wage[57] + wage[61] + wage[74] - 9 wage[75]
+ wage[104] + wage[113] + wage[137] = 0
balance_76: wage[75] - 9 wage[76] + wage[101] = 0
balance_77: wage[75] + wage[76] - 9 wage[77] + wage[86] + wage[89]
+ wage[104] + wage[106] + wage[125] + wage[130] = 0
balance_78: wage[77] - 9 wage[78] + wage[79] + wage[80] + wage[97]
+ wage[98] + wage[149] = 0
balance_79: wage[50] + wage[67] + wage[78] - 9 wage[79] + wage[82]
+ wage[146] = 0
balance_80: wage[6] + wage[10] + wage[20] + wage[53] + wage[79]
- 8 wage[80] + wage[87] + wage[123] + wage[134] + wage[143] + wage[147]
= 0
balance_81: wage[8] + wage[24] + wage[29] + wage[71] + wage[79] + wage[80]
- 9 wage[81] + wage[132] = 0
balance_82: wage[58] + wage[62] + wage[75] + wage[81] - 9 wage[82]
+ wage[93] + wage[106] + wage[146] = 0
balance_83: wage[5] + wage[16] + wage[28] + wage[51] + wage[56] + wage[81]
+ wage[82] - 9 wage[83] + wage[102] + wage[123] = 0
balance_84: wage[48] + wage[73] + wage[75] + wage[78] + wage[83]
- 9 wage[84] + wage[131] + wage[137] = 0
balance_85: wage[15] + wage[36] + wage[39] + wage[40] + wage[47]
+ wage[57] + wage[62] + wage[73] + wage[84] - 9 wage[85] + wage[91]
+ wage[111] + wage[123] + wage[134] + wage[138] + wage[148] = 0
balance_86: wage[20] + wage[85] - 9 wage[86] + wage[127] + wage[138] = 0
balance_87: wage[1] + wage[2] + wage[9] + wage[86] - 9 wage[87]
+ wage[122] + wage[129] = 0
balance_88: wage[2] + wage[4] + wage[9] + wage[46] + wage[87] - 9 wage[88]
+ 2 wage[107] + wage[147] = 0
balance_89: wage[5] + wage[13] + wage[23] + wage[25] + wage[44]
+ 2 wage[53] + wage[64] + wage[69] + wage[86] + wage[88] - 9 wage[89]
+ wage[100] + wage[115] + wage[119] + wage[121] = 0
balance_90: wage[64] + wage[80] + wage[89] - 9 wage[90] + wage[121] = 0
balance_91: wage[5] + wage[17] + wage[39] + wage[44] + wage[65] + wage[69]
+ wage[76] + wage[85] + wage[90] - 9 wage[91] + wage[117] + wage[129]
= 0
balance_92: wage[0] + wage[23] + wage[28] + wage[34] + wage[47] + wage[53]
+ wage[84] + wage[91] - 9 wage[92] + wage[105] + wage[128] = 0
balance_93: wage[42] + wage[48] + wage[87] + wage[92] - 9 wage[93]
+ wage[95] + wage[96] + wage[98] + wage[103] = 0
balance_94: wage[7] + wage[34] + wage[52] + wage[74] + wage[76] + wage[83]
+ wage[93] - 9 wage[94] + wage[96] + wage[103] + wage[113] = 0
balance_95: 2 wage[14] + wage[18] + wage[24] + wage[46] + wage[49]
+ wage[55] + wage[84] + wage[94] - 9 wage[95] + wage[129] = 0
balance_96: wage[22] + wage[32] + wage[95] - 9 wage[96] + wage[108]
+ wage[110] + wage[111] + wage[129] = 0
balance_97: wage[22] + wage[39] + wage[73] + wage[79] + wage[96]
- 9 wage[97] + wage[136] + wage[139] + wage[141] + wage[144] = 0
balance_98: wage[12] + wage[25] + wage[26] + wage[28] + wage[33]
+ wage[34] + wage[37] + wage[42] + wage[55] + wage[56] + wage[59]
+ wage[74] + wage[88] + wage[97] - 9 wage[98] + wage[133] = 0
balance_99: wage[1] + wage[48] + wage[49] + wage[57] + wage[98]
- 9 wage[99] + wage[101] + wage[116] + wage[137] = 0
balance_100: wage[12] + wage[19] + wage[41] + wage[48] + wage[51]
+ wage[55] + wage[70] + wage[94] + wage[99] - 9 wage[100] + wage[102]
+ wage[118] + wage[145] = 0
balance_101: wage[69] + wage[74] + wage[100] - 9 wage[101] + wage[144]
= 0
balance_102: 2 wage[0] + wage[13] + wage[18] + wage[41] + wage[79]
+ wage[101] - 9 wage[102] + wage[126] + wage[135] = 0
balance_103: wage[1] + wage[6] + wage[12] + wage[24] + wage[28] + wage[35]
+ wage[36] + wage[83] + wage[102] - 9 wage[103] + wage[108]
+ 2 wage[109] + wage[114] + wage[115] + wage[116] + wage[123]
+ wage[143] = 0
balance_104: wage[54] + wage[56] + wage[65] + wage[73] + wage[103]
- 9 wage[104] + wage[105] + wage[123] = 0
balance_105: wage[7] + wage[43] + wage[80] + wage[104] - 9 wage[105]
+ wage[117] + wage[138] = 0
balance_106: wage[0] + wage[87] + wage[90] + wage[105] - 9 wage[106]
+ wage[115] + wage[140] = 0
balance_107: wage[3] + wage[16] + wage[41] + wage[63] + wage[106]
- 9 wage[107] + wage[122] + wage[134] + wage[144] = 0
balance_108: wage[31] + wage[42] + wage[60] + wage[62] + wage[72]
+ wage[89] + wage[92] + wage[94] + wage[107] - 9 wage[108] + wage[112]
+ wage[136] + wage[143] + wage[147] = 0
balance_109: wage[28] + wage[75] + wage[108] - 9 wage[109] + wage[119]
+ wage[127] = 0
balance_110: wage[5] + wage[8] + wage[32] + wage[58] + wage[82] + wage[90]
+ 3 wage[93] + wage[109] - 8 wage[110] + wage[116] + wage[142] = 0
balance_111: wage[25] + wage[28] + wage[57] + wage[78] + wage[95]
+ wage[110] - 9 wage[111] + wage[131] = 0
balance_112: wage[18] + wage[19] + 2 wage[20] + wage[25] + wage[27]
+ wage[55] + wage[56] + wage[65] + wage[76] + wage[88] + wage[93]
+ wage[98] + wage[99] + wage[111] - 9 wage[112] + wage[126] + wage[141]
= 0
balance_113: wage[36] + wage[43] + wage[54] + wage[112] - 9 wage[113]
+ wage[122] + wage[126] + wage[134] = 0
balance_114: wage[30] + wage[38] + wage[53] + wage[71] + wage[82]
+ 2 wage[90] + 2 wage[113] - 9 wage[114] + wage[119] + wage[125]
+ wage[135] + wage[140] + wage[149] = 0
balance_115: wage[17] + wage[22] + wage[27] + wage[34] + wage[42]
+ wage[114] - 9 wage[115] = 0
balance_116: wage[1] + wage[33] + wage[44] + wage[46] + wage[58]
+ wage[66] + wage[68] + wage[69] + wage[104] + wage[115] - 9 wage[116]
+ wage[120] + wage[138] + wage[149] = 0
balance_117: wage[18] + wage[46] + wage[67] + wage[68] + wage[72]
+ wage[77] + wage[83] + wage[97] + wage[99] + wage[111] + wage[116]
- 9 wage[117] + wage[123] + wage[147] = 0
balance_118: wage[30] + wage[72] + wage[91] + wage[117] - 9 wage[118]
+ wage[133] = 0
balance_119: wage[27] + wage[43] + wage[54] + wage[104] + wage[116]
+ wage[118] - 9 wage[119] + wage[130] + wage[134] = 0
balance_120: 2 wage[17] + wage[87] + wage[94] + wage[119] - 9 wage[120]
= 0
balance_121: wage[0] + wage[45] + wage[60] + wage[62] + wage[69]
+ wage[84] + wage[117] + wage[120] - 9 wage[121] + wage[137] + wage[139]
= 0
balance_122: wage[10] + wage[21] + wage[59] + wage[77] + wage[106]
+ wage[111] + wage[121] - 9 wage[122] + wage[124] = 0
balance_123: wage[8] + wage[14] + wage[22] + wage[33] + wage[43]
+ wage[51] + wage[122] - 9 wage[123] + wage[127] = 0
balance_124: wage[40] + wage[108] + wage[123] - 9 wage[124] + wage[131]
= 0
balance_125: wage[21] + wage[46] + 2 wage[64] + wage[82] + wage[91]
+ wage[100] + wage[124] - 9 wage[125] = 0
balance_126: wage[36] + wage[45] + wage[65] + wage[88] + wage[117]
+ wage[125] - 9 wage[126] = 0
balance_127: wage[17] + wage[24] + wage[28] + 2 wage[30] + wage[35]
+ wage[50] + wage[58] + wage[121] + wage[126] - 9 wage[127] + wage[134]
+ wage[136] = 0
balance_128: wage[10] + wage[17] + wage[20] + wage[24] + wage[26]
+ wage[45] + wage[46] + wage[74] + wage[126] + wage[127] - 9 wage[128]
+ wage[132] + wage[143] = 0
balance_129: wage[2] + wage[5] + wage[19] + wage[20] + wage[21] + wage[36]
+ wage[53] + wage[89] + wage[101] + wage[102] + wage[113] + wage[121]
+ wage[128] - 9 wage[129] + wage[132] + wage[140] = 0
balance_130: wage[1] + wage[3] + wage[12] + wage[19] + wage[27] + wage[65]
+ wage[96] + wage[127] + wage[129] - 9 wage[130] + wage[144] = 0
balance_131: wage[4] + wage[6] + wage[14] + wage[63] + wage[81]
+ 2 wage[83] + wage[107] + wage[126] + wage[130] - 9 wage[131] = 0
balance_132: wage[60] + wage[74] + wage[78] + wage[80] + wage[85]
+ wage[98] + wage[116] + wage[131] - 9 wage[132] = 0
balance_133: wage[6] + wage[16] + wage[66] + wage[71] + wage[97]
+ wage[101] + wage[109] + wage[114] + wage[132] - 9 wage[133]
+ wage[138] = 0
balance_134: wage[4] + wage[11] + wage[30] + wage[37] + wage[54]
+ wage[110] + wage[121] + wage[128] + wage[133] - 9 wage[134]
+ wage[149] = 0
balance_135: 2 wage[10] + wage[30] + wage[62] + wage[70] + wage[98]
+ wage[112] + wage[134] - 9 wage[135] = 0
balance_136: wage[13] + wage[18] + wage[36] + wage[45] + wage[61]
+ wage[96] + wage[104] + wage[117] + wage[120] + wage[133] + wage[135]
- 9 wage[136] + wage[149] = 0
balance_137: wage[49] + wage[54] + wage[81] + wage[92] + wage[101]
+ wage[136] - 9 wage[137] + wage[139] = 0
balance_138: wage[10] + wage[22] + wage[100] + wage[137] - 9 wage[138]
= 0
balance_139: wage[26] + wage[45] + wage[51] + wage[57] + wage[59]
+ wage[99] + wage[115] + wage[133] + wage[138] - 9 wage[139] = 0
balance_140: wage[52] + wage[57] + wage[61] + wage[64] + wage[70]
+ wage[112] + wage[115] + wage[124] + wage[139] - 9 wage[140] = 0
balance_141: wage[13] + wage[29] + wage[38] + wage[60] + wage[78]
+ wage[100] + wage[130] + wage[140] - 9 wage[141] = 0
balance_142: wage[14] + wage[39] + wage[68] + wage[103] + wage[109]
+ wage[119] + wage[141] - 9 wage[142] + wage[147] = 0
balance_143: wage[22] + wage[25] + wage[38] + wage[43] + wage[47]
+ wage[48] + wage[58] + wage[59] + wage[68] + wage[83] + wage[125]
+ wage[130] + wage[142] - 9 wage[143] = 0
balance_144: wage[21] + wage[30] + wage[43] + wage[61] + wage[63]
+ wage[70] + wage[75] + wage[78] + wage[81] + wage[92] + wage[109]
+ wage[139] + wage[143] - 9 wage[144] + wage[148] = 0
balance_145: wage[7] + wage[28] + wage[60] + wage[67] + wage[72]
+ wage[93] + wage[107] + wage[136] + wage[144] - 9 wage[145] = 0
balance_146: wage[21] + 2 wage[23] + wage[26] + wage[32] + wage[43]
+ wage[49] + wage[57] + wage[67] + wage[84] + 2 wage[131] + wage[145]
- 9 wage[146] = 0
balance_147: 2 wage[23] + wage[27] + wage[29] + wage[65] + wage[114]
+ wage[123] + wage[132] + wage[142] + wage[146] - 9 wage[147] = 0
balance_148: wage[66] + wage[74] + wage[85] + wage[118] + wage[120]
+ wage[141] + wage[146] + wage[147] - 9 wage[148] = 0
balance_149: wage[1] + wage[40] + wage[95] + wage[105] + wage[122]
+ wage[142] + wage[148] - 9 wage[149] = 0
Bounds
End",0,"wage[0] = 60.0
wage[1] = 34.19783533288588
wage[2] = 28.534300036944465
wage[3] = 39.43627035168434
wage[4] = 56.75567673995285
wage[5] = 31.998885828642063
wage[6] = 31.955736412446925
wage[7] = 73.78194847084845
wage[8] = 43.86892720033491
wage[9] = 28.788792072882423
wage[10] = 38.058028706561856
wage[11] = 64.5738697309248
wage[12] = 37.01198733022927
wage[13] = 53.07821941058333
wage[14] = 52.96851343778717
wage[15] = 28.502960334803678
wage[16] = 49.5520550299615
wage[17] = 23.9711927080494
wage[18] = 29.825391973044056
wage[19] = 22.67931116944854
wage[20] = 43.506964012747225
wage[21] = 30.542595414348774
wage[22] = 26.647419742019224
wage[23] = 34.03186495890657
wage[24] = 51.86586255701261
wage[25] = 54.5656852802838
wage[26] = 44.08301520234885
wage[27] = 51.06452022679789
wage[28] = 56.31498877949078
wage[29] = 42.36584098387713
wage[30] = 17.605080326492374
wage[31] = 44.19640727816731
wage[32] = 58.03320976288379
wage[33] = 27.28727556530352
wage[34] = 49.193033761666264
wage[35] = 50.56840432434067
wage[36] = 45.796689644461196
wage[37] = 62.27502057491782
wage[38] = 65.7393497791183
wage[39] = 43.29295108853586
wage[40] = 22.732654434909755
wage[41] = 45.12051943339643
wage[42] = 25.011288471699984
wage[43] = 44.73279017811648
wage[44] = 17.209910491167065
wage[45] = 34.36620727404207
wage[46] = 71.70581538719192
wage[47] = 52.318488223658555
wage[48] = 43.09568674200238
wage[49] = 21.089859672890515
wage[50] = 54.69406374642706
wage[51] = 32.830599506493066
wage[52] = 49.80889743909683
wage[53] = 72.93787319189371
wage[54] = 55.57898701944371
wage[55] = 38.50486458892558
wage[56] = 39.420042655755914
wage[57] = 38.983438915888804
wage[58] = 34.06235043334586
wage[59] = 41.377993400638324
wage[60] = 38.60438957509227
wage[61] = 57.989366184157454
wage[62] = 59.577420309693665
wage[63] = 32.99209842483232
wage[64] = 38.45526695858649
wage[65] = 23.901195376944628
wage[66] = 41.252522612899064
wage[67] = 32.108571654537926
wage[68] = 55.56443077212319
wage[69] = 39.06625659389779
wage[70] = 16.508177846353757
wage[71] = 42.99156349718135
wage[72] = 24.940698891307086
wage[73] = 43.58113578472502
wage[74] = 54.03569532350585
wage[75] = 33.88284809148782
wage[76] = 6.21226659754808
wage[77] = 30.100866033214803
wage[78] = 27.444311747851255
wage[79] = 22.38142729343272
wage[80] = 54.19400574271635
wage[81] = 33.63045176217922
wage[82] = 31.485622946749253
wage[83] = 38.86613163199008
wage[84] = 29.061242883644077
wage[85] = 65.43836845933474
wage[86] = 19.872553409868694
wage[87] = 23.465380131375806
wage[88] = 36.648435894568635
wage[89] = 69.92694340325559
wage[90] = 23.03211114938591
wage[91] = 44.786045267341926
wage[92] = 54.58147773772418
wage[93] = 43.94447141403983
wage[94] = 53.02350958159588
wage[95] = 52.3909100032503
wage[96] = 41.73044985202626
wage[97] = 40.390903828971226
wage[98] = 71.99789389577745
wage[99] = 34.579672714645554
wage[100] = 47.83827803566071
wage[101] = 22.027551286444897
wage[102] = 39.93690282665093
wage[103] = 83.2271558925022
wage[104] = 34.62581931533061
wage[105] = 31.298221756615824
wage[106] = 22.572788964668078
wage[107] = 36.77103375147376
wage[108] = 71.55336598497823
wage[109] = 28.401835483250498
wage[110] = 59.42016223198024
wage[111] = 37.024364433753135
wage[112] = 71.5273305597843
wage[113] = 36.41153585113954
wage[114] = 59.265943397678114
wage[115] = 26.128155367545656
wage[116] = 49.243499576210645
wage[117] = 58.446652603200086
wage[118] = 20.8488101657815
wage[119] = 39.86044777588926
wage[120] = 18.254635878328862
wage[121] = 44.712784239914754
wage[122] = 29.290323820429727
wage[123] = 34.62563535198795
wage[124] = 19.223493190767595
wage[125] = 35.832487128803685
wage[126] = 26.110185324668922
wage[127] = 54.004868717408364
wage[128] = 61.29154081630062
wage[129] = 70.50461650937108
wage[130] = 47.98208738797067
wage[131] = 44.0997829450324
wage[132] = 45.006438585057886
wage[133] = 41.86081440369103
wage[134] = 54.66751611335187
wage[135] = 40.88883071828668
wage[136] = 53.86630957707768
wage[137] = 30.581289009709423
wage[138] = 15.902779499327913
wage[139] = 34.456964031624615
wage[140] = 39.2312322770895
wage[141] = 40.25374546636036
wage[142] = 43.40144123291909
wage[143] = 64.90959354810995
wage[144] = 57.307731624939734
wage[145] = 46.40446041542314
wage[146] = 55.700275545328964
wage[147] = 47.04389117982276
wage[148] = 38.09199384792918
wage[149] = 27.93370893654876"
18,"A large industrial factory plans to produce different types of products. The manufacturing process for these products requires time on 10 different heavy machinery devices (A through J). The factory's management needs to create an optimal production plan for the upcoming month to maximize total profit.

All the necessary planning data is available:

Unit Product Profits: The profit generated from selling one unit of each of products.

Device Processing Times: The time (in hours) required on each of the 10 devices to produce one unit of each of products.

Monthly Device Capacity: The total operational capacity (in hours) available for each of the 10 devices during the quarter.

How can the factory allocate its production schedule among the products to best utilize the available device capacity and achieve the maximum possible total profit?",Manufacturing Production Planning,"Data/Mixture18/device_time.csv
Data/Mixture18/monthly_device_capacity.csv
Data/Mixture18/unit_product_profits.csv","\begin{align}
\max \quad 
& 28.55 x_{P1} + 12.78 x_{P2} + 45.21 x_{P3} + 18.92 x_{P4} + 33.47 x_{P5}
+ 8.64 x_{P6} + 25.88 x_{P7} + 40.15 x_{P8} + 14.39 x_{P9} + 37.62 x_{P10} \notag\\
& + 10.25 x_{P11} + 29.81 x_{P12} + 48.77 x_{P13} + 16.53 x_{P14}
+ 42.09 x_{P15} + 9.11 x_{P16} + 22.46 x_{P17} + 36.73 x_{P18}
+ 11.99 x_{P19} + 31.28 x_{P20} \notag\\
& + 7.45 x_{P21} + 27.6 x_{P22} + 43.91 x_{P23}
+ 15.82 x_{P24} + 39.36 x_{P25} + 6.23 x_{P26} + 20.71 x_{P27}
+ 34.98 x_{P28} + 13.24 x_{P29} + 32.53 x_{P30} \notag\\
& + 5.1 x_{P31} + 24.18 x_{P32}
+ 47.85 x_{P33} + 19.3 x_{P34} + 41.44 x_{P35} + 11.02 x_{P36}
+ 26.57 x_{P37} + 38.2 x_{P38} + 17.76 x_{P39} + 46.12 x_{P40} \notag\\
& + 9.89 x_{P41}
+ 21.34 x_{P42} + 33.86 x_{P43} + 14.88 x_{P44} + 30.41 x_{P45} + 6.5 x_{P46}
+ 28.93 x_{P47} + 49.2 x_{P48} + 18.15 x_{P49} + 44.78 x_{P50} \notag\\
& + 10.57 x_{P51} + 23.69 x_{P52} + 35.51 x_{P53} + 16.03 x_{P54}
+ 38.83 x_{P55} + 5.88 x_{P56} + 29.45 x_{P57} + 42.33 x_{P58}
+ 12.41 x_{P59} + 37.06 x_{P60} \notag\\
& + 7.99 x_{P61} + 21.9 x_{P62} + 46.99 x_{P63}
+ 19.87 x_{P64} + 40.7 x_{P65} + 8.34 x_{P66} + 26.11 x_{P67} + 39.54 x_{P68}
+ 14.07 x_{P69} + 35.79 x_{P70} \notag\\
& + 6.92 x_{P71} + 23.03 x_{P72}
+ 45.56 x_{P73} + 17.2 x_{P74} + 43.27 x_{P75} + 9.52 x_{P76} + 28.08 x_{P77}
+ 41.1 x_{P78} + 15.46 x_{P79} + 34.3 x_{P80} \notag\\
& + 5.43 x_{P81} + 20.25 x_{P82}
+ 48.38 x_{P83} + 18.68 x_{P84} + 40.01 x_{P85} + 11.45 x_{P86}
+ 25.32 x_{P87} + 37.58 x_{P88} + 13.62 x_{P89} + 31.84 x_{P90} \notag\\
& + 7.27 x_{P91} + 24.75 x_{P92} + 49.88 x_{P93} + 16.85 x_{P94}
+ 42.82 x_{P95} + 10.13 x_{P96} + 27.36 x_{P97} + 36.19 x_{P98}
+ 12.8 x_{P99} + 30.09 x_{P100} \notag\\
& + 6.07 x_{P101} + 22.67 x_{P102}
+ 44.42 x_{P103} + 19.54 x_{P104} + 47.41 x_{P105} + 8.78 x_{P106}
+ 29.97 x_{P107} + 38.96 x_{P108} + 15.11 x_{P109} + 33.05 x_{P110}
+ 9.99 x_{P111}
\end{align}

\begin{align}
\text{s.t.}\quad
& 8.1 x_{P1} + 2.5 x_{P2} + 10.2 x_{P3} + 5.5 x_{P4} + 1.1 x_{P5}
+ 12.3 x_{P6} + 7.8 x_{P7} + 4.2 x_{P8} + 9.1 x_{P9} + 6.7 x_{P10} \notag\\
& + 14.5 x_{P11} + 3.3 x_{P12} + 11.9 x_{P13} + 1.8 x_{P14} + 13.2 x_{P15}
+ 8.8 x_{P16} + 5.1 x_{P17} + 10.9 x_{P18} + 2.2 x_{P19} + 9.9 x_{P20} \notag\\
& + 6.4 x_{P21} + 13.8 x_{P22} + 4.5 x_{P23} + 11.2 x_{P24} + 0.9 x_{P25}
+ 12.8 x_{P26} + 7.1 x_{P27} + 3.9 x_{P28} + 10.5 x_{P29} + 5.8 x_{P30} \notag\\
& + 14.1 x_{P31} + 2.6 x_{P32} + 9.5 x_{P33} + 11.5 x_{P35} + 8.2 x_{P36}
+ 4.8 x_{P37} + 10.1 x_{P38} + 6.2 x_{P39} + 13.5 x_{P40} + 3.7 x_{P41} \notag\\
& + 10.8 x_{P42} + 1.2 x_{P43} + 12.1 x_{P44} + 9.3 x_{P45} + 5.4 x_{P46}
+ 11.8 x_{P47} + 2.9 x_{P48} + 8.4 x_{P49} + 7.5 x_{P50} + 14.9 x_{P51} \notag\\
& + 4.1 x_{P52} + 10.3 x_{P53} + 13.1 x_{P55} + 8.6 x_{P56} + 3.4 x_{P57}
+ 11.4 x_{P58} + 6.9 x_{P59} + 12.5 x_{P60} + 2.1 x_{P61} + 9.7 x_{P62} \notag\\
& + 14.3 x_{P64} + 7.7 x_{P65} + 4.4 x_{P66} + 11.1 x_{P67} + 5.6 x_{P68}
+ 13.7 x_{P69} + 1.5 x_{P70} + 10.6 x_{P71} + 8.9 x_{P73} + 6.1 x_{P74} \notag\\
& + 12.9 x_{P75} + 3.8 x_{P76} + 9.2 x_{P77} + 11.7 x_{P79} + 7.3 x_{P80}
+ 4.9 x_{P81} + 10.4 x_{P82} + 5.2 x_{P83} + 14.8 x_{P84} + 2.4 x_{P85} \notag\\
& + 8.7 x_{P86} + 13.4 x_{P88} + 9.6 x_{P89} + 6.8 x_{P90} + 12.2 x_{P91}
+ 3.1 x_{P92} + 11 x_{P93} + 14.6 x_{P95} + 8.3 x_{P96} + 5.7 x_{P97} \notag\\
& + 10 x_{P98} + 4.6 x_{P99} + 13.9 x_{P100} + 1.9 x_{P101} + 9.4 x_{P102}
+ 12.7 x_{P104} + 7.9 x_{P105} + 3.6 x_{P106} + 11.3 x_{P107} + 6.5 x_{P108}
+ 14.2 x_{P109} + 2.8 x_{P110} + 8.5 x_{P111} \le 3500 \label{capA}
\end{align}

\begin{align}
& 10.5 x_{P1} + 5.2 x_{P2} + 8.3 x_{P3} + 1.9 x_{P4} + 13.6 x_{P5}
+ 6.8 x_{P6} + 11.1 x_{P7} + 3.7 x_{P8} + 9.4 x_{P9} + 7.6 x_{P10} \notag\\
& + 12.9 x_{P11} + 4.3 x_{P12} + 10 x_{P13} + 14.7 x_{P15}
+ 9.1 x_{P16} + 5.9 x_{P17} + 11.4 x_{P18} + 2.5 x_{P19} + 8.8 x_{P20} + 7.2 x_{P21}
+ 13.2 x_{P22} + 4.9 x_{P23} + 9.7 x_{P24} + 1.3 x_{P25} \notag\\
& + 12.1 x_{P26}
+ 8.4 x_{P27} + 3.1 x_{P28} + 10.6 x_{P29} + 6.5 x_{P30} + 14.4 x_{P31}
+ 2.8 x_{P32} + 9 x_{P33} + 11.8 x_{P35} + 7.9 x_{P36} + 5.5 x_{P37} \notag\\
& + 10.3 x_{P38} + 6.1 x_{P39} + 13.9 x_{P40} + 3.4 x_{P41} + 11.2 x_{P42}
+ 1.6 x_{P43} + 12.4 x_{P44} + 9.8 x_{P45} + 5.1 x_{P46} + 11.7 x_{P47} \notag\\
& + 2.2 x_{P48} + 8.1 x_{P49} + 7.8 x_{P50} + 14.2 x_{P51} + 4.6 x_{P52}
+ 10.8 x_{P53} + 13.5 x_{P55} + 8.9 x_{P56} + 3.9 x_{P57} + 11 x_{P58} \notag\\
& + 7.4 x_{P59} + 12.8 x_{P60} + 2.4 x_{P61} + 9.3 x_{P62} + 14.9 x_{P64}
+ 8.2 x_{P65} + 4.2 x_{P66} + 10.2 x_{P67} + 5.4 x_{P68} + 13.1 x_{P69} \notag\\
& + 1.1 x_{P70} + 10.7 x_{P71} + 8.5 x_{P73} + 6.7 x_{P74} + 12.6 x_{P75}
+ 3.2 x_{P76} + 9.6 x_{P77} + 11.9 x_{P79} + 7 x_{P80} + 4.5 x_{P81} \notag\\
& + 10.1 x_{P82} + 5.7 x_{P83} + 14.6 x_{P84} + 2 x_{P85} + 8.6 x_{P86}
+ 13 x_{P88} + 9.9 x_{P89} + 6.3 x_{P90} + 12.2 x_{P91} + 3.6 x_{P92} \notag\\
& + 11.5 x_{P93} + 14.3 x_{P95} + 8 x_{P96} + 5.3 x_{P97} + 10.4 x_{P98}
+ 4 x_{P99} + 13.3 x_{P100} + 1.4 x_{P101} + 9.2 x_{P102} + 12.7 x_{P104} \notag\\
& + 7.5 x_{P105} + 3 x_{P106} + 11.6 x_{P107} + 6.9 x_{P108} + 14 x_{P109}
+ 2.7 x_{P110} + 8.7 x_{P111} \le 4200 \label{capB}
\end{align}

\begin{align}
& 2.1 x_{P1} + 13.4 x_{P2} + 10.3 x_{P3} + 4.6 x_{P4} + 9.8 x_{P5}
+ 1.5 x_{P6} + 12.7 x_{P7} + 7.2 x_{P8} + 3.3 x_{P9} + 11.6 x_{P10} \notag\\
& + 6.1 x_{P11} + 14.8 x_{P12} + 0.9 x_{P13} + 8.5 x_{P14} + 5.3 x_{P15}
+ 10.7 x_{P16} + 2.9 x_{P17} + 9.2 x_{P18} + 13.9 x_{P20} + 8.1 x_{P21} \notag\\
& + 4.4 x_{P22} + 11.2 x_{P23} + 6.7 x_{P24} + 12.5 x_{P25} + 1.8 x_{P26}
+ 10.1 x_{P27} + 5.6 x_{P28} + 14.2 x_{P30} + 9.4 x_{P31} + 3.8 x_{P32} \notag\\
& + 11.9 x_{P33} + 7.4 x_{P34} + 13.1 x_{P35} + 2.2 x_{P36} + 8.8 x_{P37}
+ 10.4 x_{P39} + 6.9 x_{P40} + 12.8 x_{P41} + 9.7 x_{P43} + 5.1 x_{P44} \notag\\
& + 11.5 x_{P45} + 3.5 x_{P46} + 10.9 x_{P47} + 14.5 x_{P49} + 8.3 x_{P50}
+ 4.7 x_{P51} + 11.8 x_{P52} + 7.1 x_{P53} + 13.3 x_{P54} + 2.6 x_{P55} \notag\\
& + 9.1 x_{P56} + 10 x_{P58} + 6.4 x_{P59} + 12.2 x_{P60} + 1.2 x_{P61}
+ 10.5 x_{P62} + 5.8 x_{P63} + 14.1 x_{P64} + 3.2 x_{P65} + 9.9 x_{P66} \notag\\
& + 13.6 x_{P68} + 7.9 x_{P69} + 4.1 x_{P70} + 11.4 x_{P71} + 6 x_{P72}
+ 12 x_{P73} + 1.4 x_{P74} + 8.7 x_{P75} + 14.9 x_{P77} + 9.6 x_{P78} \notag\\
& + 5.4 x_{P79} + 11.1 x_{P80} + 7.6 x_{P81} + 13.8 x_{P82} + 2.3 x_{P83}
+ 9.5 x_{P84} + 10.8 x_{P86} + 6.2 x_{P87} + 12.4 x_{P88} + 8.9 x_{P90} \notag\\
& + 4.9 x_{P91} + 11.7 x_{P92} + 3.1 x_{P93} + 10.2 x_{P94} + 14.4 x_{P96}
+ 8.6 x_{P97} + 4 x_{P98} + 11 x_{P99} + 6.6 x_{P100} + 13 x_{P101} \notag\\
& + 1.7 x_{P102} + 9.3 x_{P103} + 10.6 x_{P105} + 5 x_{P106} + 12.9 x_{P107}
+ 7.8 x_{P108} + 5.6 x_{P109} + 14.1 x_{P110} + 2.9 x_{P111} \le 4500 \label{capC}
\end{align}

\begin{align}
& 5.8 x_{P1} + 1.2 x_{P2} + 11.7 x_{P3} + 7.3 x_{P4} + 3.9 x_{P5}
+ 14.5 x_{P6} + 9.1 x_{P7} + 4.7 x_{P8} + 10.3 x_{P9} + 6.9 x_{P10} \notag\\
& + 13.1 x_{P11} + 2.5 x_{P12} + 8.7 x_{P13} + 12.3 x_{P15}
+ 7.9 x_{P16} + 4.2 x_{P17} + 10.9 x_{P18} + 1.8 x_{P19} + 9.5 x_{P20} + 6.1 x_{P21} \notag\\
& + 13.8 x_{P22} + 3.4 x_{P23} + 11.4 x_{P24} + 14.9 x_{P26} + 8.4 x_{P27}
+ 5.1 x_{P28} + 10.6 x_{P29} + 7.6 x_{P30} + 12.8 x_{P31} + 2.1 x_{P32} \notag\\
& + 9.8 x_{P33} + 11.1 x_{P35} + 8.8 x_{P36} + 4.5 x_{P37} + 10.1 x_{P38}
+ 6.4 x_{P39} + 13.4 x_{P40} + 3.7 x_{P41} + 10 x_{P42} + 1.5 x_{P43} \notag\\
& + 12 x_{P44} + 9.2 x_{P45} + 5.9 x_{P46} + 11.6 x_{P47} + 2.8 x_{P48}
+ 8.2 x_{P49} + 7.1 x_{P50} + 14.2 x_{P51} + 4.9 x_{P52} + 10.5 x_{P53} \notag\\
& + 13 x_{P55} + 8.6 x_{P56} + 3.2 x_{P57} + 11.9 x_{P58} + 6.7 x_{P59}
+ 12.6 x_{P60} + 2.3 x_{P61} + 9.4 x_{P62} + 14.8 x_{P64} + 8.1 x_{P65} \notag\\
& + 4 x_{P66} + 10.8 x_{P67} + 5.3 x_{P68} + 13.7 x_{P69} + 1.1 x_{P70}
+ 10.2 x_{P71} + 8.9 x_{P73} + 6 x_{P74} + 12.9 x_{P75} + 3.5 x_{P76} \notag\\
& + 9.7 x_{P77} + 11.3 x_{P79} + 7.4 x_{P80} + 4.3 x_{P81} + 10.4 x_{P82}
+ 5.6 x_{P83} + 14.1 x_{P84} + 2.9 x_{P85} + 8.5 x_{P86} + 13.6 x_{P88} \notag\\
& + 9.9 x_{P89} + 6.2 x_{P90} + 12.7 x_{P91} + 3.1 x_{P92} + 11.8 x_{P93}
+ 14.4 x_{P95} + 8 x_{P96} + 5.4 x_{P97} + 10.7 x_{P98} + 4.8 x_{P99} \notag\\
& + 13.9 x_{P100} + 1.3 x_{P101} + 9 x_{P102} + 12.5 x_{P104} + 7.8 x_{P105}
+ 3.6 x_{P106} + 11 x_{P107} + 6.5 x_{P108} + 14.7 x_{P109} + 2 x_{P110}
+ 8.3 x_{P111} \le 2800 \label{capD}
\end{align}

\begin{align}
& 9.3 x_{P1} + 4.1 x_{P2} + 12.8 x_{P3} + 8.4 x_{P4} + 2.7 x_{P5}
+ 14.9 x_{P6} + 10.5 x_{P7} + 6.1 x_{P8} + 1.7 x_{P9} + 11.3 x_{P10} \notag\\
& + 7.9 x_{P11} + 3.5 x_{P12} + 13.7 x_{P13} + 9.9 x_{P14} + 5.3 x_{P15}
+ 0.9 x_{P16} + 10.2 x_{P17} + 6.8 x_{P18} + 2.2 x_{P19} + 12.4 x_{P20} \notag\\
& + 9 x_{P21} + 4.6 x_{P22} + 14.1 x_{P23} + 10.8 x_{P24} + 6.2 x_{P25}
+ 1.8 x_{P26} + 11.5 x_{P27} + 7.1 x_{P28} + 3.7 x_{P29} + 13.2 x_{P30} \notag\\
& + 9.6 x_{P31} + 5 x_{P32} + 10.4 x_{P34} + 7 x_{P35} + 2.4 x_{P36}
+ 12.7 x_{P37} + 8.1 x_{P38} + 4.5 x_{P39} + 14 x_{P40} + 10.7 x_{P41} \notag\\
& + 6.3 x_{P42} + 1.9 x_{P43} + 11.6 x_{P44} + 7.2 x_{P45} + 3.8 x_{P46}
+ 13.5 x_{P47} + 9.7 x_{P48} + 5.1 x_{P49} + 0.7 x_{P50} + 10.1 x_{P51} \notag\\
& + 6.5 x_{P52} + 2.1 x_{P53} + 12.6 x_{P54} + 8.2 x_{P55} + 4.8 x_{P56}
+ 14.3 x_{P57} + 10.9 x_{P58} + 6 x_{P59} + 1.6 x_{P60} + 11.2 x_{P61} \notag\\
& + 7.8 x_{P62} + 3.4 x_{P63} + 13 x_{P64} + 9.4 x_{P65} + 5.8 x_{P66}
+ 1.4 x_{P67} + 10.6 x_{P68} + 7.3 x_{P69} + 2.9 x_{P70} + 13.3 x_{P71} \notag\\
& + 8.7 x_{P72} + 4.3 x_{P73} + 13.9 x_{P74} + 10.3 x_{P75} + 5.7 x_{P76}
+ 1.3 x_{P77} + 11 x_{P78} + 7.6 x_{P79} + 3.2 x_{P80} + 12.9 x_{P81} \notag\\
& + 9.5 x_{P82} + 5.9 x_{P83} + 1.5 x_{P84} + 10.7 x_{P85} + 6.4 x_{P86}
+ 2 x_{P87} + 12.1 x_{P88} + 8.5 x_{P89} + 4.9 x_{P90} + 14.4 x_{P91} \notag\\
& + 10 x_{P92} + 5.6 x_{P93} + 1.2 x_{P94} + 11.9 x_{P95} + 7.5 x_{P96}
+ 3.1 x_{P97} + 12.8 x_{P98} + 9.2 x_{P99} + 5.4 x_{P100} + x_{P101} \notag\\
& + 10.5 x_{P102} + 6.9 x_{P103} + 2.3 x_{P104} + 12.2 x_{P105} + 2.4 x_{P106}
+ 12.9 x_{P107} + 8.3 x_{P108} + 4.9 x_{P109} + 14.2 x_{P110} + 6.7 x_{P111}
\le 3300 \label{capE}
\end{align}

\begin{align}
& 3.8 x_{P1} + 14.2 x_{P2} + 9.7 x_{P3} + 5.3 x_{P4} + 0.9 x_{P5}
+ 10.1 x_{P6} + 6.7 x_{P7} + 2.3 x_{P8} + 12.5 x_{P9} + 8.1 x_{P10} \notag\\
& + 4.7 x_{P11} + 14.9 x_{P12} + 10.3 x_{P13} + 5.9 x_{P14} + 1.5 x_{P15}
+ 11.7 x_{P16} + 7.3 x_{P17} + 3.9 x_{P18} + 13.1 x_{P19} + 9.5 x_{P20} \notag\\
& + 5.1 x_{P21} + 0.7 x_{P22} + 10 x_{P23} + 6.4 x_{P24} + 2 x_{P25}
+ 12.2 x_{P26} + 8.8 x_{P27} + 4.2 x_{P28} + 13.6 x_{P29} + 9 x_{P30} \notag\\
& + 4.6 x_{P31} + 0.2 x_{P32} + 10.8 x_{P33} + 7.4 x_{P34} + 3 x_{P35}
+ 12.8 x_{P36} + 8.2 x_{P37} + 4.8 x_{P38} + 14.1 x_{P39} + 9.3 x_{P40} \notag\\
& + 5.7 x_{P41} + 1.1 x_{P42} + 11.4 x_{P43} + 7 x_{P44} + 2.6 x_{P45}
+ 12 x_{P46} + 8.6 x_{P47} + 4 x_{P48} + 13.5 x_{P49} + 9.8 x_{P50} \notag\\
& + 5.2 x_{P51} + 0.8 x_{P52} + 10.9 x_{P53} + 6.5 x_{P54} + 2.1 x_{P55}
+ 11.8 x_{P56} + 7.2 x_{P57} + 3.6 x_{P58} + 13 x_{P59} + 8.4 x_{P60} \notag\\
& + 4.9 x_{P61} + 14.4 x_{P62} + 10.6 x_{P63} + 6 x_{P64} + 1.6 x_{P65}
+ 11.2 x_{P66} + 7.8 x_{P67} + 3.4 x_{P68} + 12.9 x_{P69} + 8.3 x_{P70} \notag\\
& + 4.7 x_{P71} + 14 x_{P72} + 9.4 x_{P73} + 5.8 x_{P74} + 1.2 x_{P75}
+ 11.5 x_{P76} + 7.1 x_{P77} + 2.7 x_{P78} + 12.1 x_{P79} + 8.7 x_{P80} \notag\\
& + 4.1 x_{P81} + 13.4 x_{P82} + 9.6 x_{P83} + 5 x_{P84} + 0.6 x_{P85}
+ 10.7 x_{P86} + 6.3 x_{P87} + 1.9 x_{P88} + 11.9 x_{P89} + 7.5 x_{P90} \notag\\
& + 3.1 x_{P91} + 12.7 x_{P92} + 8 x_{P93} + 4.5 x_{P94} + 13.8 x_{P95}
+ 9.2 x_{P96} + 5.6 x_{P97} + x_{P98} + 11.3 x_{P99} + 6.9 x_{P100} \notag\\
& + 2.5 x_{P101} + 12.3 x_{P102} + 11.1 x_{P103} + 2.9 x_{P104} + 8.2 x_{P105}
+ 3.6 x_{P106} + 3 x_{P107} + 5 x_{P108} + 3.6 x_{P109} + 2.4 x_{P110}
+ 8.1 x_{P111} \le 3800 \label{capF}
\end{align}

\begin{align}
& 7.2 x_{P1} + 2.8 x_{P2} + 13.1 x_{P3} + 8.7 x_{P4} + 4.3 x_{P5}
+ 14.5 x_{P6} + 10.1 x_{P7} + 5.7 x_{P8} + 1.3 x_{P9} + 11.9 x_{P10} \notag\\
& + 7.5 x_{P11} + 3.1 x_{P12} + 13.3 x_{P13} + 9.9 x_{P14} + 5.5 x_{P15}
+ 1.1 x_{P16} + 10.7 x_{P17} + 6.3 x_{P18} + 2.9 x_{P19} + 12.5 x_{P20} \notag\\
& + 8.1 x_{P21} + 4.7 x_{P22} + 14 x_{P23} + 10.6 x_{P24} + 6.2 x_{P25}
+ 1.8 x_{P26} + 11.2 x_{P27} + 7.8 x_{P28} + 3.4 x_{P29} + 13 x_{P30} \notag\\
& + 9.4 x_{P31} + 5.8 x_{P32} + 1.4 x_{P33} + 10.8 x_{P34} + 6.4 x_{P35}
+ 2 x_{P36} + 12.2 x_{P37} + 8.6 x_{P38} + 4 x_{P39} + 13.5 x_{P40} \notag\\
& + 9.1 x_{P41} + 5.6 x_{P42} + 1.2 x_{P43} + 11.8 x_{P44} + 7.2 x_{P45}
+ 2.6 x_{P46} + 12.7 x_{P47} + 8.3 x_{P48} + 4.9 x_{P49} + 14.2 x_{P50} \notag\\
& + 9.7 x_{P51} + 5.1 x_{P52} + 0.7 x_{P53} + 10.5 x_{P54} + 6.9 x_{P55}
+ 2.3 x_{P56} + 12.1 x_{P57} + 7.7 x_{P58} + 3.3 x_{P59} + 13.8 x_{P60} \notag\\
& + 9.2 x_{P61} + 5.8 x_{P62} + 1.4 x_{P63} + 11 x_{P64} + 6.6 x_{P65}
+ 2.2 x_{P66} + 11.6 x_{P67} + 8 x_{P68} + 4.6 x_{P69} + 14.1 x_{P70} \notag\\
& + 9.5 x_{P71} + 5.9 x_{P72} + 1.5 x_{P73} + 10.9 x_{P74} + 7.3 x_{P75}
+ 2.7 x_{P76} + 12.8 x_{P77} + 8.2 x_{P78} + 4.8 x_{P79} + 14.3 x_{P80} \notag\\
& + 10.4 x_{P81} + 6 x_{P82} + 1.6 x_{P83} + 11.1 x_{P84} + 7.7 x_{P85}
+ 3.3 x_{P86} + 12.9 x_{P87} + 9.3 x_{P88} + 5.7 x_{P89} + 1.3 x_{P90} \notag\\
& + 10.9 x_{P91} + 6.5 x_{P92} + 2.1 x_{P93} + 12.4 x_{P94} + 8.8 x_{P95}
+ 4.4 x_{P96} + 13.9 x_{P97} + 10.2 x_{P98} + 5.6 x_{P99} + x_{P100} \notag\\
& + 11.4 x_{P101} + 7 x_{P102} + 2.4 x_{P103} + 12.3 x_{P104} + 2.4 x_{P105}
+ 2 x_{P106} + 2.9 x_{P108} + 10.7 x_{P109} + 3.1 x_{P110} + 5.9 x_{P111}
\le 4100 \label{capG}
\end{align}

\begin{align}
& 11.7 x_{P1} + 6.3 x_{P2} + 1.9 x_{P3} + 12.1 x_{P4} + 7.7 x_{P5}
+ 3.3 x_{P6} + 13.5 x_{P7} + 9.1 x_{P8} + 5.7 x_{P9} + 1.3 x_{P10} \notag\\
& + 10.9 x_{P11} + 6.5 x_{P12} + 2.1 x_{P13} + 12.3 x_{P14} + 8.9 x_{P15}
+ 4.5 x_{P16} + 14.7 x_{P17} + 10.3 x_{P18} + 5.9 x_{P19} + 1.5 x_{P20} \notag\\
& + 11.1 x_{P21} + 7.7 x_{P22} + 3.3 x_{P23} + 13.4 x_{P24} + 9 x_{P25}
+ 4.6 x_{P26} + 0.2 x_{P27} + 10.8 x_{P28} + 7.4 x_{P29} + 3 x_{P30} \notag\\
& + 12.6 x_{P31} + 8.2 x_{P32} + 4.8 x_{P33} + 14.1 x_{P34} + 9.7 x_{P35}
+ 5.1 x_{P36} + 0.7 x_{P37} + 10.5 x_{P38} + 6.9 x_{P39} + 2.3 x_{P40} \notag\\
& + 12.8 x_{P41} + 8.4 x_{P42} + 4 x_{P43} + 13.6 x_{P44} + 9.2 x_{P45}
+ 5.6 x_{P46} + 1.2 x_{P47} + 11.8 x_{P48} + 7.2 x_{P49} + 2.6 x_{P50} \notag\\
& + 12 x_{P51} + 8.6 x_{P52} + 4.2 x_{P53} + 13.9 x_{P54} + 9.3 x_{P55}
+ 5.7 x_{P56} + 1.1 x_{P57} + 11.4 x_{P58} + 7 x_{P59} + 2.4 x_{P60} \notag\\
& + 12.9 x_{P61} + 8.3 x_{P62} + 4.9 x_{P63} + 14.2 x_{P64} + 9.6 x_{P65}
+ 5 x_{P66} + 0.6 x_{P67} + 10.4 x_{P68} + 6.8 x_{P69} + 2.2 x_{P70} \notag\\
& + 12.7 x_{P71} + 8.1 x_{P72} + 4.7 x_{P73} + 14 x_{P74} + 10.2 x_{P75}
+ 5.8 x_{P76} + 1.4 x_{P77} + 11 x_{P78} + 7.6 x_{P79} + 3.2 x_{P80} \notag\\
& + 12.8 x_{P81} + 9.4 x_{P82} + 5.5 x_{P83} + 1.1 x_{P84} + 10.7 x_{P85}
+ 6.1 x_{P86} + 2.7 x_{P87} + 12.2 x_{P88} + 8.5 x_{P89} + 4.9 x_{P90} \notag\\
& + 14.4 x_{P91} + 10 x_{P92} + 5.4 x_{P93} + x_{P94} + 11.6 x_{P95} + 7 x_{P96}
+ 2.4 x_{P97} + 12.5 x_{P98} + 6.5 x_{P99} + 2.1 x_{P100} + 12.4 x_{P101} \notag\\
& + 8.8 x_{P102} + 4.4 x_{P103} + 7.5 x_{P104} + 13.3 x_{P105} + 10.5 x_{P106}
+ 12.3 x_{P107} + 7 x_{P108} + 8.8 x_{P109} + 7.8 x_{P110} + 1.4 x_{P111}
\le 3900 \label{capH}
\end{align}

\begin{align}
& 1.1 x_{P1} + 11.3 x_{P2} + 6.9 x_{P3} + 2.5 x_{P4} + 12.7 x_{P5}
+ 8.3 x_{P6} + 3.9 x_{P7} + 14.1 x_{P8} + 9.7 x_{P9} + 5.3 x_{P10} \notag\\
& + 0.9 x_{P11} + 10.5 x_{P12} + 6.1 x_{P13} + 2.7 x_{P14} + 12.9 x_{P15}
+ 8.5 x_{P16} + 4.1 x_{P17} + 14.3 x_{P18} + 9.9 x_{P19} + 5.5 x_{P20} \notag\\
& + 1.1 x_{P21} + 10.7 x_{P22} + 6.3 x_{P23} + 2.9 x_{P24} + 13.1 x_{P25}
+ 8.7 x_{P26} + 4.3 x_{P27} + 14.5 x_{P28} + 10.1 x_{P29} + 5.7 x_{P30} \notag\\
& + 1.3 x_{P31} + 10.9 x_{P32} + 6.5 x_{P33} + 2.1 x_{P34} + 12.3 x_{P35}
+ 7.9 x_{P36} + 3.5 x_{P37} + 13.7 x_{P38} + 9.3 x_{P39} + 4.9 x_{P40} \notag\\
& + 0.5 x_{P41} + 10.1 x_{P42} + 6.7 x_{P43} + 2.3 x_{P44} + 12.5 x_{P45}
+ 8.1 x_{P46} + 4.7 x_{P47} + 14.9 x_{P48} + 10.3 x_{P49} + 5.9 x_{P50} \notag\\
& + 1.5 x_{P51} + 11.2 x_{P52} + 6.8 x_{P53} + 2.4 x_{P54} + 12.6 x_{P55}
+ 8.2 x_{P56} + 4.8 x_{P57} + 14 x_{P58} + 9.6 x_{P59} + 5.2 x_{P60} \notag\\
& + 0.8 x_{P61} + 10.4 x_{P62} + 6 x_{P63} + 2.6 x_{P64} + 12.8 x_{P65}
+ 8.4 x_{P66} + 4 x_{P67} + 13.2 x_{P68} + 9.8 x_{P69} + 5.4 x_{P70} + x_{P71} \notag\\
& + 10.6 x_{P72} + 6.2 x_{P73} + 2.8 x_{P74} + 13 x_{P75} + 8.6 x_{P76}
+ 4.2 x_{P77} + 13.4 x_{P78} + 9 x_{P79} + 5.6 x_{P80} + 1.2 x_{P81} \notag\\
& + 11.8 x_{P82} + 7.4 x_{P83} + 3 x_{P84} + 12.2 x_{P85} + 7.8 x_{P86}
+ 3.4 x_{P87} + 13.6 x_{P88} + 9.2 x_{P89} + 5.8 x_{P90} + 1.4 x_{P91} \notag\\
& + 11 x_{P92} + 6.6 x_{P93} + 2.2 x_{P94} + 12.4 x_{P95} + 8.9 x_{P96}
+ 4.9 x_{P97} + 11.7 x_{P98} + 3.1 x_{P99} + 10.2 x_{P100} + 7.5 x_{P101} \notag\\
& + 7.8 x_{P102} + 8.3 x_{P103} + 7.1 x_{P104} + 0.7 x_{P105} + 9.8 x_{P106}
+ 14.2 x_{P107} + 2.6 x_{P108} + 5.9 x_{P109} + 9.6 x_{P110} + 7.3 x_{P111}
\le 4800 \label{capI}
\end{align}

\begin{align}
& 4.6 x_{P1} + 0.2 x_{P2} + 10.4 x_{P3} + 6 x_{P4} + 2.6 x_{P5}
+ 12.8 x_{P6} + 8.4 x_{P7} + 4 x_{P8} + 14.2 x_{P9} + 9.8 x_{P10} \notag\\
& + 5.4 x_{P11} + x_{P12} + 10.6 x_{P13} + 6.2 x_{P14} + 2.8 x_{P15}
+ 13 x_{P16} + 8.6 x_{P17} + 4.2 x_{P18} + 14.4 x_{P19} + 10 x_{P20} \notag\\
& + 5.6 x_{P21} + 1.2 x_{P22} + 10.8 x_{P23} + 6.4 x_{P24} + 2 x_{P25}
+ 12.2 x_{P26} + 7.8 x_{P27} + 3.4 x_{P28} + 13.6 x_{P29} + 9.2 x_{P30} \notag\\
& + 5.8 x_{P31} + 1.4 x_{P32} + 11 x_{P33} + 6.6 x_{P34} + 2.2 x_{P35}
+ 12.4 x_{P36} + 8 x_{P37} + 4.6 x_{P38} + 13.8 x_{P39} + 9.4 x_{P40} \notag\\
& + 5 x_{P41} + 0.6 x_{P42} + 10.2 x_{P43} + 6.8 x_{P44} + 2.4 x_{P45}
+ 12.6 x_{P46} + 8.2 x_{P47} + 4.8 x_{P48} + 14 x_{P49} + 9.6 x_{P50} \notag\\
& + 5.2 x_{P51} + 0.8 x_{P52} + 10.4 x_{P53} + 6 x_{P54} + 2.6 x_{P55}
+ 12.8 x_{P56} + 8.4 x_{P57} + 4 x_{P58} + 13.2 x_{P59} + 9.8 x_{P60} \notag\\
& + 5.4 x_{P61} + x_{P62} + 11.6 x_{P63} + 7.2 x_{P64} + 2.8 x_{P65}
+ 12 x_{P66} + 7.6 x_{P67} + 3.2 x_{P68} + 13.4 x_{P69} + 8 x_{P70} \notag\\
& + 4.6 x_{P71} + 14.8 x_{P72} + 10.2 x_{P73} + 5.8 x_{P74} + 1.4 x_{P75}
+ 11.9 x_{P76} + 7.5 x_{P77} + 3.1 x_{P78} + 12.3 x_{P79} + 7.9 x_{P80} \notag\\
& + 3.5 x_{P81} + 13.7 x_{P82} + 9.1 x_{P83} + 5.7 x_{P84} + 1.1 x_{P85}
+ 11.5 x_{P86} + 7.1 x_{P87} + 2.7 x_{P88} + 12.9 x_{P89} + 8.3 x_{P90} \notag\\
& + 4.9 x_{P91} + 14.1 x_{P92} + 9.5 x_{P93} + 5.1 x_{P94} + 0.7 x_{P95}
+ 11.3 x_{P96} + 6.9 x_{P97} + 2.5 x_{P98} + 12.7 x_{P99} + 4 x_{P100} \notag\\
& + 13.3 x_{P101} + 1.4 x_{P102} + 9.2 x_{P103} + 1.9 x_{P104} + 1.4 x_{P105}
+ 13 x_{P106} + 1.3 x_{P107} + x_{P108} + 2.5 x_{P109} + 11.4 x_{P110}
+ 12.4 x_{P111} \le 3100 \label{capJ}
\end{align}

\begin{align}
& x_{Pi} \ge 0, \qquad i=1,2,\dots,111.
\end{align}","import csv
from pathlib import Path

import gurobipy as gp
from gurobipy import GRB


def read_csv_rows(path: Path) -> list[list[str]]:
with path.open(""r"", encoding=""utf-8-sig"", newline="""") as handle:
return list(csv.reader(handle))


def solve_mixture18():
mixture_root = Path(""Test_Dataset"") / ""Large-scale-or"" / ""Mixture_testing""

time_rows = read_csv_rows(mixture_root / ""Mixture18"" / ""device_time.csv"")
cap_rows = read_csv_rows(mixture_root / ""Mixture18"" / ""monthly_device_capacity.csv"")
profit_rows = read_csv_rows(mixture_root / ""Mixture18"" / ""unit_product_profits.csv"")

devices = [row[0] for row in time_rows[1:]]
products = time_rows[0][1:]

times = {row[0]: [float(v) for v in row[1:]] for row in time_rows[1:]}
caps = {row[0]: float(row[1]) for row in cap_rows[1:]}
profits = {row[0]: float(row[1]) for row in profit_rows[1:]}

model = gp.Model(""Mixture18"")

x = model.addVars(products, lb=0.0, name=""x"")

model.setObjective(
gp.quicksum(profits[p] * x[p] for p in products),
GRB.MAXIMIZE,
)

for d in devices:
model.addConstr(
gp.quicksum(times[d][j] * x[products[j]] for j in range(len(products))) <= caps[d],
name=f""capacity_{d}"",
)

model.Params.OutputFlag = 0
model.optimize()

if model.Status == GRB.OPTIMAL:
print(f""Objective value: {model.ObjVal}"")
for v in model.getVars():
if abs(v.X) > 1e-9:
print(f""{v.VarName} = {v.X}"")
model.write(""Mixture18.lp"")
print(""Model written to Mixture18.lp"")
else:
print(f""Optimization ended with status {model.Status}"")


if __name__ == ""__main__"":
solve_mixture18()","\ Model Mixture18
\ LP format - for model browsing. Use MPS format to capture full model detail.
Maximize
28.55 x[P1] + 12.78 x[P2] + 45.21 x[P3] + 18.92 x[P4] + 33.47 x[P5]
+ 8.64 x[P6] + 25.88 x[P7] + 40.15 x[P8] + 14.39 x[P9] + 37.62 x[P10]
+ 10.25 x[P11] + 29.81 x[P12] + 48.77 x[P13] + 16.53 x[P14]
+ 42.09 x[P15] + 9.11 x[P16] + 22.46 x[P17] + 36.73 x[P18]
+ 11.99 x[P19] + 31.28 x[P20] + 7.45 x[P21] + 27.6 x[P22] + 43.91 x[P23]
+ 15.82 x[P24] + 39.36 x[P25] + 6.23 x[P26] + 20.71 x[P27]
+ 34.98 x[P28] + 13.24 x[P29] + 32.53 x[P30] + 5.1 x[P31] + 24.18 x[P32]
+ 47.85 x[P33] + 19.3 x[P34] + 41.44 x[P35] + 11.02 x[P36]
+ 26.57 x[P37] + 38.2 x[P38] + 17.76 x[P39] + 46.12 x[P40] + 9.89 x[P41]
+ 21.34 x[P42] + 33.86 x[P43] + 14.88 x[P44] + 30.41 x[P45] + 6.5 x[P46]
+ 28.93 x[P47] + 49.2 x[P48] + 18.15 x[P49] + 44.78 x[P50]
+ 10.57 x[P51] + 23.69 x[P52] + 35.51 x[P53] + 16.03 x[P54]
+ 38.83 x[P55] + 5.88 x[P56] + 29.45 x[P57] + 42.33 x[P58]
+ 12.41 x[P59] + 37.06 x[P60] + 7.99 x[P61] + 21.9 x[P62] + 46.99 x[P63]
+ 19.87 x[P64] + 40.7 x[P65] + 8.34 x[P66] + 26.11 x[P67] + 39.54 x[P68]
+ 14.07 x[P69] + 35.79 x[P70] + 6.92 x[P71] + 23.03 x[P72]
+ 45.56 x[P73] + 17.2 x[P74] + 43.27 x[P75] + 9.52 x[P76] + 28.08 x[P77]
+ 41.1 x[P78] + 15.46 x[P79] + 34.3 x[P80] + 5.43 x[P81] + 20.25 x[P82]
+ 48.38 x[P83] + 18.68 x[P84] + 40.01 x[P85] + 11.45 x[P86]
+ 25.32 x[P87] + 37.58 x[P88] + 13.62 x[P89] + 31.84 x[P90]
+ 7.27 x[P91] + 24.75 x[P92] + 49.88 x[P93] + 16.85 x[P94]
+ 42.82 x[P95] + 10.13 x[P96] + 27.36 x[P97] + 36.19 x[P98]
+ 12.8 x[P99] + 30.09 x[P100] + 6.07 x[P101] + 22.67 x[P102]
+ 44.42 x[P103] + 19.54 x[P104] + 47.41 x[P105] + 8.78 x[P106]
+ 29.97 x[P107] + 38.96 x[P108] + 15.11 x[P109] + 33.05 x[P110]
+ 9.99 x[P111]
Subject To
capacity_A: 8.1 x[P1] + 2.5 x[P2] + 10.2 x[P3] + 5.5 x[P4] + 1.1 x[P5]
+ 12.3 x[P6] + 7.8 x[P7] + 4.2 x[P8] + 9.1 x[P9] + 6.7 x[P10]
+ 14.5 x[P11] + 3.3 x[P12] + 11.9 x[P13] + 1.8 x[P14] + 13.2 x[P15]
+ 8.8 x[P16] + 5.1 x[P17] + 10.9 x[P18] + 2.2 x[P19] + 9.9 x[P20]
+ 6.4 x[P21] + 13.8 x[P22] + 4.5 x[P23] + 11.2 x[P24] + 0.9 x[P25]
+ 12.8 x[P26] + 7.1 x[P27] + 3.9 x[P28] + 10.5 x[P29] + 5.8 x[P30]
+ 14.1 x[P31] + 2.6 x[P32] + 9.5 x[P33] + 11.5 x[P35] + 8.2 x[P36]
+ 4.8 x[P37] + 10.1 x[P38] + 6.2 x[P39] + 13.5 x[P40] + 3.7 x[P41]
+ 10.8 x[P42] + 1.2 x[P43] + 12.1 x[P44] + 9.3 x[P45] + 5.4 x[P46]
+ 11.8 x[P47] + 2.9 x[P48] + 8.4 x[P49] + 7.5 x[P50] + 14.9 x[P51]
+ 4.1 x[P52] + 10.3 x[P53] + 13.1 x[P55] + 8.6 x[P56] + 3.4 x[P57]
+ 11.4 x[P58] + 6.9 x[P59] + 12.5 x[P60] + 2.1 x[P61] + 9.7 x[P62]
+ 14.3 x[P64] + 7.7 x[P65] + 4.4 x[P66] + 11.1 x[P67] + 5.6 x[P68]
+ 13.7 x[P69] + 1.5 x[P70] + 10.6 x[P71] + 8.9 x[P73] + 6.1 x[P74]
+ 12.9 x[P75] + 3.8 x[P76] + 9.2 x[P77] + 11.7 x[P79] + 7.3 x[P80]
+ 4.9 x[P81] + 10.4 x[P82] + 5.2 x[P83] + 14.8 x[P84] + 2.4 x[P85]
+ 8.7 x[P86] + 13.4 x[P88] + 9.6 x[P89] + 6.8 x[P90] + 12.2 x[P91]
+ 3.1 x[P92] + 11 x[P93] + 14.6 x[P95] + 8.3 x[P96] + 5.7 x[P97]
+ 10 x[P98] + 4.6 x[P99] + 13.9 x[P100] + 1.9 x[P101] + 9.4 x[P102]
+ 12.7 x[P104] + 7.9 x[P105] + 3.6 x[P106] + 11.3 x[P107] + 6.5 x[P108]
+ 14.2 x[P109] + 2.8 x[P110] + 8.5 x[P111] <= 3500
capacity_B: 10.5 x[P1] + 5.2 x[P2] + 8.3 x[P3] + 1.9 x[P4] + 13.6 x[P5]
+ 6.8 x[P6] + 11.1 x[P7] + 3.7 x[P8] + 9.4 x[P9] + 7.6 x[P10]
+ 12.9 x[P11] + 4.3 x[P12] + 10 x[P13] + 14.7 x[P15] + 9.1 x[P16]
+ 5.9 x[P17] + 11.4 x[P18] + 2.5 x[P19] + 8.8 x[P20] + 7.2 x[P21]
+ 13.2 x[P22] + 4.9 x[P23] + 9.7 x[P24] + 1.3 x[P25] + 12.1 x[P26]
+ 8.4 x[P27] + 3.1 x[P28] + 10.6 x[P29] + 6.5 x[P30] + 14.4 x[P31]
+ 2.8 x[P32] + 9 x[P33] + 11.8 x[P35] + 7.9 x[P36] + 5.5 x[P37]
+ 10.3 x[P38] + 6.1 x[P39] + 13.9 x[P40] + 3.4 x[P41] + 11.2 x[P42]
+ 1.6 x[P43] + 12.4 x[P44] + 9.8 x[P45] + 5.1 x[P46] + 11.7 x[P47]
+ 2.2 x[P48] + 8.1 x[P49] + 7.8 x[P50] + 14.2 x[P51] + 4.6 x[P52]
+ 10.8 x[P53] + 13.5 x[P55] + 8.9 x[P56] + 3.9 x[P57] + 11 x[P58]
+ 7.4 x[P59] + 12.8 x[P60] + 2.4 x[P61] + 9.3 x[P62] + 14.9 x[P64]
+ 8.2 x[P65] + 4.2 x[P66] + 10.2 x[P67] + 5.4 x[P68] + 13.1 x[P69]
+ 1.1 x[P70] + 10.7 x[P71] + 8.5 x[P73] + 6.7 x[P74] + 12.6 x[P75]
+ 3.2 x[P76] + 9.6 x[P77] + 11.9 x[P79] + 7 x[P80] + 4.5 x[P81]
+ 10.1 x[P82] + 5.7 x[P83] + 14.6 x[P84] + 2 x[P85] + 8.6 x[P86]
+ 13 x[P88] + 9.9 x[P89] + 6.3 x[P90] + 12.2 x[P91] + 3.6 x[P92]
+ 11.5 x[P93] + 14.3 x[P95] + 8 x[P96] + 5.3 x[P97] + 10.4 x[P98]
+ 4 x[P99] + 13.3 x[P100] + 1.4 x[P101] + 9.2 x[P102] + 12.7 x[P104]
+ 7.5 x[P105] + 3 x[P106] + 11.6 x[P107] + 6.9 x[P108] + 14 x[P109]
+ 2.7 x[P110] + 8.7 x[P111] <= 4200
capacity_C: 2.1 x[P1] + 13.4 x[P2] + 10.3 x[P3] + 4.6 x[P4] + 9.8 x[P5]
+ 1.5 x[P6] + 12.7 x[P7] + 7.2 x[P8] + 3.3 x[P9] + 11.6 x[P10]
+ 6.1 x[P11] + 14.8 x[P12] + 0.9 x[P13] + 8.5 x[P14] + 5.3 x[P15]
+ 10.7 x[P16] + 2.9 x[P17] + 9.2 x[P18] + 13.9 x[P20] + 8.1 x[P21]
+ 4.4 x[P22] + 11.2 x[P23] + 6.7 x[P24] + 12.5 x[P25] + 1.8 x[P26]
+ 10.1 x[P27] + 5.6 x[P28] + 14.2 x[P30] + 9.4 x[P31] + 3.8 x[P32]
+ 11.9 x[P33] + 7.4 x[P34] + 13.1 x[P35] + 2.2 x[P36] + 8.8 x[P37]
+ 10.4 x[P39] + 6.9 x[P40] + 12.8 x[P41] + 9.7 x[P43] + 5.1 x[P44]
+ 11.5 x[P45] + 3.5 x[P46] + 10.9 x[P47] + 14.5 x[P49] + 8.3 x[P50]
+ 4.7 x[P51] + 11.8 x[P52] + 7.1 x[P53] + 13.3 x[P54] + 2.6 x[P55]
+ 9.1 x[P56] + 10 x[P58] + 6.4 x[P59] + 12.2 x[P60] + 1.2 x[P61]
+ 10.5 x[P62] + 5.8 x[P63] + 14.1 x[P64] + 3.2 x[P65] + 9.9 x[P66]
+ 13.6 x[P68] + 7.9 x[P69] + 4.1 x[P70] + 11.4 x[P71] + 6 x[P72]
+ 12 x[P73] + 1.4 x[P74] + 8.7 x[P75] + 14.9 x[P77] + 9.6 x[P78]
+ 5.4 x[P79] + 11.1 x[P80] + 7.6 x[P81] + 13.8 x[P82] + 2.3 x[P83]
+ 9.5 x[P84] + 10.8 x[P86] + 6.2 x[P87] + 12.4 x[P88] + 8.9 x[P90]
+ 4.9 x[P91] + 11.7 x[P92] + 3.1 x[P93] + 10.2 x[P94] + 14.4 x[P96]
+ 8.6 x[P97] + 4 x[P98] + 11 x[P99] + 6.6 x[P100] + 13 x[P101]
+ 1.7 x[P102] + 9.3 x[P103] + 10.6 x[P105] + 5 x[P106] + 12.9 x[P107]
+ 7.8 x[P108] + 5.6 x[P109] + 14.1 x[P110] + 2.9 x[P111] <= 4500
capacity_D: 5.8 x[P1] + 1.2 x[P2] + 11.7 x[P3] + 7.3 x[P4] + 3.9 x[P5]
+ 14.5 x[P6] + 9.1 x[P7] + 4.7 x[P8] + 10.3 x[P9] + 6.9 x[P10]
+ 13.1 x[P11] + 2.5 x[P12] + 8.7 x[P13] + 12.3 x[P15] + 7.9 x[P16]
+ 4.2 x[P17] + 10.9 x[P18] + 1.8 x[P19] + 9.5 x[P20] + 6.1 x[P21]
+ 13.8 x[P22] + 3.4 x[P23] + 11.4 x[P24] + 14.9 x[P26] + 8.4 x[P27]
+ 5.1 x[P28] + 10.6 x[P29] + 7.6 x[P30] + 12.8 x[P31] + 2.1 x[P32]
+ 9.8 x[P33] + 11.1 x[P35] + 8.8 x[P36] + 4.5 x[P37] + 10.1 x[P38]
+ 6.4 x[P39] + 13.4 x[P40] + 3.7 x[P41] + 10 x[P42] + 1.5 x[P43]
+ 12 x[P44] + 9.2 x[P45] + 5.9 x[P46] + 11.6 x[P47] + 2.8 x[P48]
+ 8.2 x[P49] + 7.1 x[P50] + 14.2 x[P51] + 4.9 x[P52] + 10.5 x[P53]
+ 13 x[P55] + 8.6 x[P56] + 3.2 x[P57] + 11.9 x[P58] + 6.7 x[P59]
+ 12.6 x[P60] + 2.3 x[P61] + 9.4 x[P62] + 14.8 x[P64] + 8.1 x[P65]
+ 4 x[P66] + 10.8 x[P67] + 5.3 x[P68] + 13.7 x[P69] + 1.1 x[P70]
+ 10.2 x[P71] + 8.9 x[P73] + 6 x[P74] + 12.9 x[P75] + 3.5 x[P76]
+ 9.7 x[P77] + 11.3 x[P79] + 7.4 x[P80] + 4.3 x[P81] + 10.4 x[P82]
+ 5.6 x[P83] + 14.1 x[P84] + 2.9 x[P85] + 8.5 x[P86] + 13.6 x[P88]
+ 9.9 x[P89] + 6.2 x[P90] + 12.7 x[P91] + 3.1 x[P92] + 11.8 x[P93]
+ 14.4 x[P95] + 8 x[P96] + 5.4 x[P97] + 10.7 x[P98] + 4.8 x[P99]
+ 13.9 x[P100] + 1.3 x[P101] + 9 x[P102] + 12.5 x[P104] + 7.8 x[P105]
+ 3.6 x[P106] + 11 x[P107] + 6.5 x[P108] + 14.7 x[P109] + 2 x[P110]
+ 8.3 x[P111] <= 2800
capacity_E: 9.3 x[P1] + 4.1 x[P2] + 12.8 x[P3] + 8.4 x[P4] + 2.7 x[P5]
+ 14.9 x[P6] + 10.5 x[P7] + 6.1 x[P8] + 1.7 x[P9] + 11.3 x[P10]
+ 7.9 x[P11] + 3.5 x[P12] + 13.7 x[P13] + 9.9 x[P14] + 5.3 x[P15]
+ 0.9 x[P16] + 10.2 x[P17] + 6.8 x[P18] + 2.2 x[P19] + 12.4 x[P20]
+ 9 x[P21] + 4.6 x[P22] + 14.1 x[P23] + 10.8 x[P24] + 6.2 x[P25]
+ 1.8 x[P26] + 11.5 x[P27] + 7.1 x[P28] + 3.7 x[P29] + 13.2 x[P30]
+ 9.6 x[P31] + 5 x[P32] + 10.4 x[P34] + 7 x[P35] + 2.4 x[P36]
+ 12.7 x[P37] + 8.1 x[P38] + 4.5 x[P39] + 14 x[P40] + 10.7 x[P41]
+ 6.3 x[P42] + 1.9 x[P43] + 11.6 x[P44] + 7.2 x[P45] + 3.8 x[P46]
+ 13.5 x[P47] + 9.7 x[P48] + 5.1 x[P49] + 0.7 x[P50] + 10.1 x[P51]
+ 6.5 x[P52] + 2.1 x[P53] + 12.6 x[P54] + 8.2 x[P55] + 4.8 x[P56]
+ 14.3 x[P57] + 10.9 x[P58] + 6 x[P59] + 1.6 x[P60] + 11.2 x[P61]
+ 7.8 x[P62] + 3.4 x[P63] + 13 x[P64] + 9.4 x[P65] + 5.8 x[P66]
+ 1.4 x[P67] + 10.6 x[P68] + 7.3 x[P69] + 2.9 x[P70] + 13.3 x[P71]
+ 8.7 x[P72] + 4.3 x[P73] + 13.9 x[P74] + 10.3 x[P75] + 5.7 x[P76]
+ 1.3 x[P77] + 11 x[P78] + 7.6 x[P79] + 3.2 x[P80] + 12.9 x[P81]
+ 9.5 x[P82] + 5.9 x[P83] + 1.5 x[P84] + 10.7 x[P85] + 6.4 x[P86]
+ 2 x[P87] + 12.1 x[P88] + 8.5 x[P89] + 4.9 x[P90] + 14.4 x[P91]
+ 10 x[P92] + 5.6 x[P93] + 1.2 x[P94] + 11.9 x[P95] + 7.5 x[P96]
+ 3.1 x[P97] + 12.8 x[P98] + 9.2 x[P99] + 5.4 x[P100] + x[P101]
+ 10.5 x[P102] + 6.9 x[P103] + 2.3 x[P104] + 12.2 x[P105] + 2.4 x[P106]
+ 12.9 x[P107] + 8.3 x[P108] + 4.9 x[P109] + 14.2 x[P110] + 6.7 x[P111]
<= 3300
capacity_F: 3.8 x[P1] + 14.2 x[P2] + 9.7 x[P3] + 5.3 x[P4] + 0.9 x[P5]
+ 10.1 x[P6] + 6.7 x[P7] + 2.3 x[P8] + 12.5 x[P9] + 8.1 x[P10]
+ 4.7 x[P11] + 14.9 x[P12] + 10.3 x[P13] + 5.9 x[P14] + 1.5 x[P15]
+ 11.7 x[P16] + 7.3 x[P17] + 3.9 x[P18] + 13.1 x[P19] + 9.5 x[P20]
+ 5.1 x[P21] + 0.7 x[P22] + 10 x[P23] + 6.4 x[P24] + 2 x[P25]
+ 12.2 x[P26] + 8.8 x[P27] + 4.2 x[P28] + 13.6 x[P29] + 9 x[P30]
+ 4.6 x[P31] + 0.2 x[P32] + 10.8 x[P33] + 7.4 x[P34] + 3 x[P35]
+ 12.8 x[P36] + 8.2 x[P37] + 4.8 x[P38] + 14.1 x[P39] + 9.3 x[P40]
+ 5.7 x[P41] + 1.1 x[P42] + 11.4 x[P43] + 7 x[P44] + 2.6 x[P45]
+ 12 x[P46] + 8.6 x[P47] + 4 x[P48] + 13.5 x[P49] + 9.8 x[P50]
+ 5.2 x[P51] + 0.8 x[P52] + 10.9 x[P53] + 6.5 x[P54] + 2.1 x[P55]
+ 11.8 x[P56] + 7.2 x[P57] + 3.6 x[P58] + 13 x[P59] + 8.4 x[P60]
+ 4.9 x[P61] + 14.4 x[P62] + 10.6 x[P63] + 6 x[P64] + 1.6 x[P65]
+ 11.2 x[P66] + 7.8 x[P67] + 3.4 x[P68] + 12.9 x[P69] + 8.3 x[P70]
+ 4.7 x[P71] + 14 x[P72] + 9.4 x[P73] + 5.8 x[P74] + 1.2 x[P75]
+ 11.5 x[P76] + 7.1 x[P77] + 2.7 x[P78] + 12.1 x[P79] + 8.7 x[P80]
+ 4.1 x[P81] + 13.4 x[P82] + 9.6 x[P83] + 5 x[P84] + 0.6 x[P85]
+ 10.7 x[P86] + 6.3 x[P87] + 1.9 x[P88] + 11.9 x[P89] + 7.5 x[P90]
+ 3.1 x[P91] + 12.7 x[P92] + 8 x[P93] + 4.5 x[P94] + 13.8 x[P95]
+ 9.2 x[P96] + 5.6 x[P97] + x[P98] + 11.3 x[P99] + 6.9 x[P100]
+ 2.5 x[P101] + 12.3 x[P102] + 11.1 x[P103] + 2.9 x[P104] + 8.2 x[P105]
+ 3.6 x[P106] + 3 x[P107] + 5 x[P108] + 3.6 x[P109] + 2.4 x[P110]
+ 8.1 x[P111] <= 3800
capacity_G: 7.2 x[P1] + 2.8 x[P2] + 13.1 x[P3] + 8.7 x[P4] + 4.3 x[P5]
+ 14.5 x[P6] + 10.1 x[P7] + 5.7 x[P8] + 1.3 x[P9] + 11.9 x[P10]
+ 7.5 x[P11] + 3.1 x[P12] + 13.3 x[P13] + 9.9 x[P14] + 5.5 x[P15]
+ 1.1 x[P16] + 10.7 x[P17] + 6.3 x[P18] + 2.9 x[P19] + 12.5 x[P20]
+ 8.1 x[P21] + 4.7 x[P22] + 14 x[P23] + 10.6 x[P24] + 6.2 x[P25]
+ 1.8 x[P26] + 11.2 x[P27] + 7.8 x[P28] + 3.4 x[P29] + 13 x[P30]
+ 9.4 x[P31] + 5.8 x[P32] + 1.4 x[P33] + 10.8 x[P34] + 6.4 x[P35]
+ 2 x[P36] + 12.2 x[P37] + 8.6 x[P38] + 4 x[P39] + 13.5 x[P40]
+ 9.1 x[P41] + 5.6 x[P42] + 1.2 x[P43] + 11.8 x[P44] + 7.2 x[P45]
+ 2.6 x[P46] + 12.7 x[P47] + 8.3 x[P48] + 4.9 x[P49] + 14.2 x[P50]
+ 9.7 x[P51] + 5.1 x[P52] + 0.7 x[P53] + 10.5 x[P54] + 6.9 x[P55]
+ 2.3 x[P56] + 12.1 x[P57] + 7.7 x[P58] + 3.3 x[P59] + 13.8 x[P60]
+ 9.2 x[P61] + 5.8 x[P62] + 1.4 x[P63] + 11 x[P64] + 6.6 x[P65]
+ 2.2 x[P66] + 11.6 x[P67] + 8 x[P68] + 4.6 x[P69] + 14.1 x[P70]
+ 9.5 x[P71] + 5.9 x[P72] + 1.5 x[P73] + 10.9 x[P74] + 7.3 x[P75]
+ 2.7 x[P76] + 12.8 x[P77] + 8.2 x[P78] + 4.8 x[P79] + 14.3 x[P80]
+ 10.4 x[P81] + 6 x[P82] + 1.6 x[P83] + 11.1 x[P84] + 7.7 x[P85]
+ 3.3 x[P86] + 12.9 x[P87] + 9.3 x[P88] + 5.7 x[P89] + 1.3 x[P90]
+ 10.9 x[P91] + 6.5 x[P92] + 2.1 x[P93] + 12.4 x[P94] + 8.8 x[P95]
+ 4.4 x[P96] + 13.9 x[P97] + 10.2 x[P98] + 5.6 x[P99] + x[P100]
+ 11.4 x[P101] + 7 x[P102] + 2.4 x[P103] + 12.3 x[P104] + 2.4 x[P105]
+ 2 x[P106] + 2.9 x[P108] + 10.7 x[P109] + 3.1 x[P110] + 5.9 x[P111]
<= 4100
capacity_H: 11.7 x[P1] + 6.3 x[P2] + 1.9 x[P3] + 12.1 x[P4] + 7.7 x[P5]
+ 3.3 x[P6] + 13.5 x[P7] + 9.1 x[P8] + 5.7 x[P9] + 1.3 x[P10]
+ 10.9 x[P11] + 6.5 x[P12] + 2.1 x[P13] + 12.3 x[P14] + 8.9 x[P15]
+ 4.5 x[P16] + 14.7 x[P17] + 10.3 x[P18] + 5.9 x[P19] + 1.5 x[P20]
+ 11.1 x[P21] + 7.7 x[P22] + 3.3 x[P23] + 13.4 x[P24] + 9 x[P25]
+ 4.6 x[P26] + 0.2 x[P27] + 10.8 x[P28] + 7.4 x[P29] + 3 x[P30]
+ 12.6 x[P31] + 8.2 x[P32] + 4.8 x[P33] + 14.1 x[P34] + 9.7 x[P35]
+ 5.1 x[P36] + 0.7 x[P37] + 10.5 x[P38] + 6.9 x[P39] + 2.3 x[P40]
+ 12.8 x[P41] + 8.4 x[P42] + 4 x[P43] + 13.6 x[P44] + 9.2 x[P45]
+ 5.6 x[P46] + 1.2 x[P47] + 11.8 x[P48] + 7.2 x[P49] + 2.6 x[P50]
+ 12 x[P51] + 8.6 x[P52] + 4.2 x[P53] + 13.9 x[P54] + 9.3 x[P55]
+ 5.7 x[P56] + 1.1 x[P57] + 11.4 x[P58] + 7 x[P59] + 2.4 x[P60]
+ 12.9 x[P61] + 8.3 x[P62] + 4.9 x[P63] + 14.2 x[P64] + 9.6 x[P65]
+ 5 x[P66] + 0.6 x[P67] + 10.4 x[P68] + 6.8 x[P69] + 2.2 x[P70]
+ 12.7 x[P71] + 8.1 x[P72] + 4.7 x[P73] + 14 x[P74] + 10.2 x[P75]
+ 5.8 x[P76] + 1.4 x[P77] + 11 x[P78] + 7.6 x[P79] + 3.2 x[P80]
+ 12.8 x[P81] + 9.4 x[P82] + 5.5 x[P83] + 1.1 x[P84] + 10.7 x[P85]
+ 6.1 x[P86] + 2.7 x[P87] + 12.2 x[P88] + 8.5 x[P89] + 4.9 x[P90]
+ 14.4 x[P91] + 10 x[P92] + 5.4 x[P93] + x[P94] + 11.6 x[P95] + 7 x[P96]
+ 2.4 x[P97] + 12.5 x[P98] + 6.5 x[P99] + 2.1 x[P100] + 12.4 x[P101]
+ 8.8 x[P102] + 4.4 x[P103] + 7.5 x[P104] + 13.3 x[P105] + 10.5 x[P106]
+ 12.3 x[P107] + 7 x[P108] + 8.8 x[P109] + 7.8 x[P110] + 1.4 x[P111]
<= 3900
capacity_I: 1.1 x[P1] + 11.3 x[P2] + 6.9 x[P3] + 2.5 x[P4] + 12.7 x[P5]
+ 8.3 x[P6] + 3.9 x[P7] + 14.1 x[P8] + 9.7 x[P9] + 5.3 x[P10]
+ 0.9 x[P11] + 10.5 x[P12] + 6.1 x[P13] + 2.7 x[P14] + 12.9 x[P15]
+ 8.5 x[P16] + 4.1 x[P17] + 14.3 x[P18] + 9.9 x[P19] + 5.5 x[P20]
+ 1.1 x[P21] + 10.7 x[P22] + 6.3 x[P23] + 2.9 x[P24] + 13.1 x[P25]
+ 8.7 x[P26] + 4.3 x[P27] + 14.5 x[P28] + 10.1 x[P29] + 5.7 x[P30]
+ 1.3 x[P31] + 10.9 x[P32] + 6.5 x[P33] + 2.1 x[P34] + 12.3 x[P35]
+ 7.9 x[P36] + 3.5 x[P37] + 13.7 x[P38] + 9.3 x[P39] + 4.9 x[P40]
+ 0.5 x[P41] + 10.1 x[P42] + 6.7 x[P43] + 2.3 x[P44] + 12.5 x[P45]
+ 8.1 x[P46] + 4.7 x[P47] + 14.9 x[P48] + 10.3 x[P49] + 5.9 x[P50]
+ 1.5 x[P51] + 11.2 x[P52] + 6.8 x[P53] + 2.4 x[P54] + 12.6 x[P55]
+ 8.2 x[P56] + 4.8 x[P57] + 14 x[P58] + 9.6 x[P59] + 5.2 x[P60]
+ 0.8 x[P61] + 10.4 x[P62] + 6 x[P63] + 2.6 x[P64] + 12.8 x[P65]
+ 8.4 x[P66] + 4 x[P67] + 13.2 x[P68] + 9.8 x[P69] + 5.4 x[P70] + x[P71]
+ 10.6 x[P72] + 6.2 x[P73] + 2.8 x[P74] + 13 x[P75] + 8.6 x[P76]
+ 4.2 x[P77] + 13.4 x[P78] + 9 x[P79] + 5.6 x[P80] + 1.2 x[P81]
+ 11.8 x[P82] + 7.4 x[P83] + 3 x[P84] + 12.2 x[P85] + 7.8 x[P86]
+ 3.4 x[P87] + 13.6 x[P88] + 9.2 x[P89] + 5.8 x[P90] + 1.4 x[P91]
+ 11 x[P92] + 6.6 x[P93] + 2.2 x[P94] + 12.4 x[P95] + 8.9 x[P96]
+ 4.9 x[P97] + 11.7 x[P98] + 3.1 x[P99] + 10.2 x[P100] + 7.5 x[P101]
+ 7.8 x[P102] + 8.3 x[P103] + 7.1 x[P104] + 0.7 x[P105] + 9.8 x[P106]
+ 14.2 x[P107] + 2.6 x[P108] + 5.9 x[P109] + 9.6 x[P110] + 7.3 x[P111]
<= 4800
capacity_J: 4.6 x[P1] + 0.2 x[P2] + 10.4 x[P3] + 6 x[P4] + 2.6 x[P5]
+ 12.8 x[P6] + 8.4 x[P7] + 4 x[P8] + 14.2 x[P9] + 9.8 x[P10]
+ 5.4 x[P11] + x[P12] + 10.6 x[P13] + 6.2 x[P14] + 2.8 x[P15]
+ 13 x[P16] + 8.6 x[P17] + 4.2 x[P18] + 14.4 x[P19] + 10 x[P20]
+ 5.6 x[P21] + 1.2 x[P22] + 10.8 x[P23] + 6.4 x[P24] + 2 x[P25]
+ 12.2 x[P26] + 7.8 x[P27] + 3.4 x[P28] + 13.6 x[P29] + 9.2 x[P30]
+ 5.8 x[P31] + 1.4 x[P32] + 11 x[P33] + 6.6 x[P34] + 2.2 x[P35]
+ 12.4 x[P36] + 8 x[P37] + 4.6 x[P38] + 13.8 x[P39] + 9.4 x[P40]
+ 5 x[P41] + 0.6 x[P42] + 10.2 x[P43] + 6.8 x[P44] + 2.4 x[P45]
+ 12.6 x[P46] + 8.2 x[P47] + 4.8 x[P48] + 14 x[P49] + 9.6 x[P50]
+ 5.2 x[P51] + 0.8 x[P52] + 10.4 x[P53] + 6 x[P54] + 2.6 x[P55]
+ 12.8 x[P56] + 8.4 x[P57] + 4 x[P58] + 13.2 x[P59] + 9.8 x[P60]
+ 5.4 x[P61] + x[P62] + 11.6 x[P63] + 7.2 x[P64] + 2.8 x[P65]
+ 12 x[P66] + 7.6 x[P67] + 3.2 x[P68] + 13.4 x[P69] + 8 x[P70]
+ 4.6 x[P71] + 14.8 x[P72] + 10.2 x[P73] + 5.8 x[P74] + 1.4 x[P75]
+ 11.9 x[P76] + 7.5 x[P77] + 3.1 x[P78] + 12.3 x[P79] + 7.9 x[P80]
+ 3.5 x[P81] + 13.7 x[P82] + 9.1 x[P83] + 5.7 x[P84] + 1.1 x[P85]
+ 11.5 x[P86] + 7.1 x[P87] + 2.7 x[P88] + 12.9 x[P89] + 8.3 x[P90]
+ 4.9 x[P91] + 14.1 x[P92] + 9.5 x[P93] + 5.1 x[P94] + 0.7 x[P95]
+ 11.3 x[P96] + 6.9 x[P97] + 2.5 x[P98] + 12.7 x[P99] + 4 x[P100]
+ 13.3 x[P101] + 1.4 x[P102] + 9.2 x[P103] + 1.9 x[P104] + 1.4 x[P105]
+ 13 x[P106] + 1.3 x[P107] + x[P108] + 2.5 x[P109] + 11.4 x[P110]
+ 12.4 x[P111] <= 3100
Bounds
End",25820.15356,"x[P5] = 16.254369283402035
x[P25] = 140.184611481725
x[P48] = 24.5930542335453
x[P50] = 154.66606491755184
x[P83] = 111.26976112384763
x[P85] = 25.016802752471612
x[P108] = 134.45522411545736"
19,"A factory produces two types of food, I and II, and currently has 50 skilled workers. It is known that one skilled worker can produce $10 \ \mathrm{kg} / \ \mathrm{h}$ of food I or $6 \ \mathrm{kg} / \ \mathrm{h}$ of food II. According to contract bookings, the weekly demand for these two foods will rise sharply, as shown in Table 1-11. Therefore, the factory has decided to train 50 new workers by the end of the 8th week. It is known that a worker works $40 \ \mathrm{h}$ per week, and a skilled worker can train up to three new workers in two weeks (during the training period, both the skilled worker and the trainees do not participate in production). The weekly wage of a skilled worker is 360 yuan, the weekly wage of a trainee during the training period is 120 yuan, and after training, the wage is 240 yuan per week, with the same production efficiency as skilled workers. During the transition period of training, many skilled workers are willing to work overtime, and the factory has decided to arrange some workers to work $60 \ \mathrm{h}$ per week, with a weekly wage of 540 yuan. If the booked food cannot be delivered on time, the compensation fee for each week of delay per $ \ \mathrm{kg}$ is 0.5 yuan for food I and 0.6 yuan for food II. Under these conditions, how should the factory make comprehensive arrangements to minimize the total cost? Table 1-11 | Week | 1 | 2 | 3 | 4 | 5 | 6 | 7 | 8 | |------|---|---|---|---|---|---|---|---| | I | 10000 | 10000 | 12000 | 12000 | 16000 | 16000 | 20000 | 20000 | | II | 6000 | 7200 | 8400 | 10800 | 10800 | 12000 | 12000 | 12000 |",Production Planning,,"\documentclass{article}
\usepackage{amsmath, amssymb}

\begin{document}

\section*{Production Planning with Workforce Training}
\textbf{Sets and Parameters:}
\begin{itemize}
\item $T = \{t \in \mathbb{Z} \mid 1 \le t \le 8\}$: Set of weeks.
\item $T' = \{t \in \mathbb{Z} \mid 1 \le t \le 7\}$: Weeks in which a new training program can start.
\item $d_t^I$: Demand (kg) of food I in week $t$.
\item $d_t^{II}$: Demand (kg) of food II in week $t$.
\item $d^I = (10000,10000,12000,12000,16000,16000,20000,20000)$.
\item $d^{II} = (6000,7200,8400,10800,10800,12000,12000,12000)$.
\end{itemize}

\textbf{Decision Variables:}
\begin{itemize}
\item $x_t$: Number of new workers who start training in week $t$, $t \in T'$.
\item $y_t$: Number of skilled workers assigned to train in week $t$, $t \in T'$.
\item $o_t$: Number of skilled workers working overtime in week $t$, $t \in T$.
\item $q_t^I$: Production quantity (kg) of food I in week $t$, $t \in T$.
\item $q_t^{II}$: Production quantity (kg) of food II in week $t$, $t \in T$.
\item $b_t^I$: Backlog (kg) of food I at the end of week $t$, $t \in T$.
\item $b_t^{II}$: Backlog (kg) of food II at the end of week $t$, $t \in T$.
\end{itemize}

\textbf{Mathematical Formulation:}
\begin{align*}
\min \quad & \sum_{t\in T}\left(50*360 + 180\,o_t + 240\sum_{\tau=1}^{t-2}x_\tau + 0.5\,b_t^I + 0.6\,b_t^{II}\right)
+ 240\sum_{t\in T'}x_t \\[4pt]
\text{s.t.} \quad
& \sum_{t \in T'} x_t = 50
&& (\text{Train 50 new workers}) \\[4pt]
& x_t \le 3y_t, \quad \forall t \in T'
&& (\text{Each skilled worker can train at most 3 new workers}) \\[4pt]
& o_1 + y_1 \le 50
&& (\text{Available skilled workers in week 1}) \\[4pt]
& o_t + y_{t-1} + y_t \le 50, \quad \forall t = 2,\dots,7
&& (\text{Available skilled workers in weeks 2--7}) \\[4pt]
& o_8 + y_7 \le 50
&& (\text{Available skilled workers in week 8}) \\[4pt]
& \frac{q_1^I}{10} + \frac{q_1^{II}}{6}
\le 40(50-y_1) + 20o_1
&& (\text{Labor-hour capacity in week 1}) \\[6pt]
& \frac{q_t^I}{10} + \frac{q_t^{II}}{6}
\le 40\left(50-y_{t-1}-y_t+\sum_{\tau=1}^{t-2}x_\tau\right)+20o_t,\quad \forall t=2,\dots,7
&& (\text{Labor-hour capacity in weeks 2--7}) \\[6pt]
& \frac{q_8^I}{10} + \frac{q_8^{II}}{6}
\le 40\left(50-y_7+\sum_{\tau=1}^{6}x_\tau\right)+20o_8
&& (\text{Labor-hour capacity in week 8}) \\[6pt]
& b_1^I = d_1^I - q_1^I,\qquad b_1^{II} = d_1^{II} - q_1^{II}
&& (\text{Backlog balance in week 1}) \\[4pt]
& b_t^I = b_{t-1}^I + d_t^I - q_t^I,\quad \forall t=2,\dots,8
&& (\text{Backlog balance for food I}) \\[4pt]
& b_t^{II} = b_{t-1}^{II} + d_t^{II} - q_t^{II},\quad \forall t=2,\dots,8
&& (\text{Backlog balance for food II}) \\[4pt]
& b_8^I = 0,\qquad b_8^{II} = 0
&& (\text{All demand satisfied by the end of week 8}) \\[4pt]
& x_t,y_t \in \mathbb{Z}_+, \quad \forall t \in T'
&& (\text{Integer training decisions}) \\[4pt]
& o_t \in \mathbb{Z}_+, \quad \forall t \in T
&& (\text{Integer overtime decisions}) \\[4pt]
& q_t^I,q_t^{II},b_t^I,b_t^{II} \ge 0, \quad \forall t \in T
&& (\text{Nonnegativity constraints})
\end{align*}

\end{document}","import gurobipy as gp
from gurobipy import GRB

# ----------------------------
# Data
# ----------------------------
T = range(1, 9) # Weeks 1,...,8
Tp = range(1, 8) # Weeks 1,...,7

dI = {
1: 10000, 2: 10000, 3: 12000, 4: 12000,
5: 16000, 6: 16000, 7: 20000, 8: 20000
}

dII = {
1: 6000, 2: 7200, 3: 8400, 4: 10800,
5: 10800, 6: 12000, 7: 12000, 8: 12000
}

# ----------------------------
# Create model
# ----------------------------
m = gp.Model(""Production_Planning_with_Workforce_Training"")

# ----------------------------
# Decision variables
# ----------------------------
x = m.addVars(Tp, vtype=GRB.INTEGER, lb=0, name=""x"") # new workers starting training
y = m.addVars(Tp, vtype=GRB.INTEGER, lb=0, name=""y"") # skilled workers assigned to training
o = m.addVars(T, vtype=GRB.INTEGER, lb=0, name=""o"") # skilled workers working overtime

qI = m.addVars(T, vtype=GRB.CONTINUOUS, lb=0, name=""qI"") # production of food I
qII = m.addVars(T, vtype=GRB.CONTINUOUS, lb=0, name=""qII"") # production of food II

bI = m.addVars(T, vtype=GRB.CONTINUOUS, lb=0, name=""bI"") # backlog of food I
bII = m.addVars(T, vtype=GRB.CONTINUOUS, lb=0, name=""bII"") # backlog of food II

# ----------------------------
# Objective function
# min sum_t (50*360 + 180 o_t + 240 sum_{tau=1}^{t-2} x_tau + 0.5 b_t^I + 0.6 b_t^II)
# + 240 sum_{t in T'} x_t
# ----------------------------
obj = (
gp.quicksum(
50 * 360
+ 180 * o[t]
+ 240 * gp.quicksum(x[tau] for tau in Tp if tau <= t - 2)
+ 0.5 * bI[t]
+ 0.6 * bII[t]
for t in T
)
+ 240 * gp.quicksum(x[t] for t in Tp)
)

m.setObjective(obj, GRB.MINIMIZE)

# ----------------------------
# Constraints
# ----------------------------

# Train 50 new workers
m.addConstr(gp.quicksum(x[t] for t in Tp) == 50, name=""train_50_workers"")

# Each skilled worker can train at most 3 new workers
for t in Tp:
m.addConstr(x[t] <= 3 * y[t], name=f""training_capacity_{t}"")

# Available skilled workers
m.addConstr(o[1] + y[1] <= 50, name=""available_workers_week_1"")

for t in range(2, 8):
m.addConstr(o[t] + y[t - 1] + y[t] <= 50, name=f""available_workers_week_{t}"")

m.addConstr(o[8] + y[7] <= 50, name=""available_workers_week_8"")

# Labor-hour capacity
m.addConstr(
qI[1] / 10 + qII[1] / 6 <= 40 * (50 - y[1]) + 20 * o[1],
name=""labor_capacity_week_1""
)

for t in range(2, 8):
m.addConstr(
qI[t] / 10 + qII[t] / 6
<= 40 * (50 - y[t - 1] - y[t] + gp.quicksum(x[tau] for tau in Tp if tau <= t - 2))
+ 20 * o[t],
name=f""labor_capacity_week_{t}""
)

m.addConstr(
qI[8] / 10 + qII[8] / 6
<= 40 * (50 - y[7] + gp.quicksum(x[tau] for tau in range(1, 7))) + 20 * o[8],
name=""labor_capacity_week_8""
)

# Backlog balance in week 1
m.addConstr(bI[1] == dI[1] - qI[1], name=""backlog_I_week_1"")
m.addConstr(bII[1] == dII[1] - qII[1], name=""backlog_II_week_1"")

# Backlog balance in weeks 2,...,8
for t in range(2, 9):
m.addConstr(bI[t] == bI[t - 1] + dI[t] - qI[t], name=f""backlog_I_week_{t}"")
m.addConstr(bII[t] == bII[t - 1] + dII[t] - qII[t], name=f""backlog_II_week_{t}"")

# All demand satisfied by the end of week 8
m.addConstr(bI[8] == 0, name=""final_backlog_I"")
m.addConstr(bII[8] == 0, name=""final_backlog_II"")

# ----------------------------
# Solve
# ----------------------------
m.optimize()

# ----------------------------
# Print solution
# ----------------------------
if m.status == GRB.OPTIMAL:
print(f""\nOptimal objective value: {m.objVal:.2f}\n"")

print(""Training starts x_t:"")
for t in Tp:
print(f"" Week {t}: {x[t].X:.0f}"")

print(""\nTrainers y_t:"")
for t in Tp:
print(f"" Week {t}: {y[t].X:.0f}"")

print(""\nOvertime workers o_t:"")
for t in T:
print(f"" Week {t}: {o[t].X:.0f}"")

print(""\nProduction and backlog:"")
for t in T:
print(
f"" Week {t}: ""
f""qI = {qI[t].X:.2f}, qII = {qII[t].X:.2f}, ""
f""bI = {bI[t].X:.2f}, bII = {bII[t].X:.2f}""
)
else:
print(""No optimal solution found."")",,219888,"Training starts x_t:
Week 1: 21
Week 2: 9
Week 3: 9
Week 4: 3
Week 5: 8
Week 6: -0
Week 7: -0

Trainers y_t:
Week 1: 7
Week 2: 3
Week 3: 3
Week 4: 1
Week 5: 3
Week 6: -0
Week 7: -0

Overtime workers o_t:
Week 1: 14
Week 2: 28
Week 3: -0
Week 4: -0
Week 5: -0
Week 6: 2
Week 7: -0
Week 8: -0

Production and backlog:
Week 1: qI = 10000.00, qII = 6000.00, bI = 0.00, bII = 0.00
Week 2: qI = 10000.00, qII = 6960.00, bI = 0.00, bII = 240.00
Week 3: qI = 12000.00, qII = 8400.00, bI = 0.00, bII = 240.00
Week 4: qI = 12000.00, qII = 11040.00, bI = 0.00, bII = 0.00
Week 5: qI = 16000.00, qII = 10800.00, bI = 0.00, bII = 0.00
Week 6: qI = 16000.00, qII = 12000.00, bI = 0.00, bII = 0.00
Week 7: qI = 20000.00, qII = 12000.00, bI = 0.00, bII = 0.00
Week 8: qI = 20000.00, qII = 12000.00, bI = 0.00, bII = 0.00"
20,"Mary is planning her dinner tonight. Every 100 grams of okra contains 3.2 grams of fiber, every 100 grams of carrots contains 2.7 grams of fiber, every 100 grams of celery contains 1.6 grams of fiber, and every 100 grams of cabbage contains 2 grams of fiber. How many grams of each type of food should Mary buy to maximize her fiber intake? She is considering choosing one among salmon, beef, and pork as a protein source. She also considers choosing at least two kinds of vegetables among okra, carrots, celery, and cabbage. The price of salmon is $4 per 100 grams, beef is $3.6 per 100 grams, pork is $1.8 per 100 grams. The price of okra is $2.6 per 100 grams, carrots are $1.2 per 100 grams, celery is $1.6 per 100 grams, and cabbage is $2.3 per 100 grams. Mary has a budget of $15 for this meal. The total food intake should be 600 grams.",Resource Allocation,,"\documentclass{article}
\usepackage{amsmath, amssymb}

\begin{document}

\textbf{Sets and Parameters:}
\begin{itemize}
\item $P = \{\text{salmon}, \text{beef}, \text{pork}\}$: Set of protein choices.
\item $V = \{\text{okra}, \text{carrots}, \text{celery}, \text{cabbage}\}$: Set of vegetable choices.
\item Fiber content per gram:
\[
f_{\text{okra}} = 0.032,\quad
f_{\text{carrots}} = 0.027,\quad
f_{\text{celery}} = 0.016,\quad
f_{\text{cabbage}} = 0.020.
\]
\item Price per gram:
\[
c_{\text{salmon}} = 0.04,\quad
c_{\text{beef}} = 0.036,\quad
c_{\text{pork}} = 0.018,
\]
\[
c_{\text{okra}} = 0.026,\quad
c_{\text{carrots}} = 0.012,\quad
c_{\text{celery}} = 0.016,\quad
c_{\text{cabbage}} = 0.023.
\]
\end{itemize}

\textbf{Decision Variables:}
\begin{itemize}
\item $x_i$: Grams of food item $i$ to buy, for all $i \in P \cup V$.
\item $z_p$: Binary variable equal to 1 if protein $p \in P$ is chosen, 0 otherwise.
\item $y_v$: Binary variable equal to 1 if vegetable $v \in V$ is chosen, 0 otherwise.
\end{itemize}

\textbf{Mathematical Formulation:}
\begin{align*}
\max \quad 
& \sum_{v \in V} f_v x_v \\[4pt]
\text{s.t.} \quad
& \sum_{i \in P \cup V} x_i = 600
&& (\text{Total food intake}) \\[4pt]
& \sum_{i \in P \cup V} c_i x_i \le 15
&& (\text{Budget constraint}) \\[4pt]
& \sum_{p \in P} z_p = 1
&& (\text{Choose exactly one protein}) \\[4pt]
& \sum_{v \in V} y_v \ge 2
&& (\text{Choose at least two vegetables}) \\[4pt]
& x_p \le 600 z_p, \quad \forall p \in P
&& (\text{Protein selection linkage}) \\[4pt]
& x_v \le 600 y_v, \quad \forall v \in V
&& (\text{Vegetable selection linkage}) \\[4pt]
& x_p \ge z_p, \quad \forall p \in P
&& (\text{Chosen protein must appear}) \\[4pt]
& x_v \ge y_v, \quad \forall v \in V
&& (\text{Chosen vegetable must appear}) \\[4pt]
& x_i \in \mathbb{Z}_+, \quad \forall i \in P \cup V
&& (\text{Nonnegativity constraints and minimum unit}) \\[4pt]
& z_p \in \{0,1\}, \quad \forall p \in P
&& (\text{Binary protein choices}) \\[4pt]
& y_v \in \{0,1\}, \quad \forall v \in V
&& (\text{Binary vegetable choices})
\end{align*}


\end{document}","import gurobipy as gp
from gurobipy import GRB

# Data
P = [""salmon"", ""beef"", ""pork""]
V = [""okra"", ""carrots"", ""celery"", ""cabbage""]
I = P + V

fiber = {
""okra"": 0.032,
""carrots"": 0.027,
""celery"": 0.016,
""cabbage"": 0.020
}

cost = {
""salmon"": 0.04,
""beef"": 0.036,
""pork"": 0.018,
""okra"": 0.026,
""carrots"": 0.012,
""celery"": 0.016,
""cabbage"": 0.023
}

# Create model
m = gp.Model(""Diet_Planning_Integer_Grams"")

# Decision variables
# x[i] is now INTEGER, meaning the minimum unit is 1 gram
x = m.addVars(I, vtype=GRB.INTEGER, lb=0, name=""x"")
z = m.addVars(P, vtype=GRB.BINARY, name=""z"")
y = m.addVars(V, vtype=GRB.BINARY, name=""y"")

# Objective function: maximize total fiber intake
m.setObjective(gp.quicksum(fiber[v] * x[v] for v in V), GRB.MAXIMIZE)

# Total food intake constraint
m.addConstr(gp.quicksum(x[i] for i in I) == 600, name=""total_food_intake"")

# Budget constraint
m.addConstr(gp.quicksum(cost[i] * x[i] for i in I) <= 15, name=""budget_constraint"")

# Choose exactly one protein
m.addConstr(gp.quicksum(z[p] for p in P) == 1, name=""one_protein"")

# Choose at least two vegetables
m.addConstr(gp.quicksum(y[v] for v in V) >= 2, name=""at_least_two_vegetables"")

# Protein selection linkage
for p in P:
m.addConstr(x[p] <= 600 * z[p], name=f""protein_link_upper_{p}"")
m.addConstr(x[p] >= z[p], name=f""protein_link_lower_{p}"")

# Vegetable selection linkage
for v in V:
m.addConstr(x[v] <= 600 * y[v], name=f""vegetable_link_upper_{v}"")
m.addConstr(x[v] >= y[v], name=f""vegetable_link_lower_{v}"")

# Solve the model
m.optimize()

# Print solution
if m.status == GRB.OPTIMAL:
print(f""Optimal objective value (total fiber): {m.objVal:.4f}\n"")

print(""Food quantities (grams):"")
for i in I:
print(f"" {i}: {x[i].X:.0f}"")

else:
print(""No optimal solution found."")",,18.953,"Food quantities (grams):
salmon: -0
beef: -0
pork: 1
okra: 556
carrots: 43
celery: -0
cabbage: 0"
21,"A company produces two types of small motorcycles. Type A is entirely manufactured in-house, while Type B is assembled from imported parts. The time required per unit for manufacturing, assembly, and inspection is shown in Table 3.2. The weekly available capacity of each process is also listed. Each process has an hourly cost, and the selling price per unit of each product is given. Table 3.2 | Type | Manufacturing (hours/unit) | Assembly (hours/unit) | Inspection (hours/unit) | Selling Price (Yuan/unit) | | :---: | :---: | :---: | :---: | :---: | | Type A | 20 | 5 | 3 | 650 | | Type B | 0 | 7 | 6 | 725 | | Max weekly capacity | 120 | 80 | 40 | - | | Process cost (Yuan/hour) | 12 | 8 | 10 | - | Let decision variables \(x_1\) and \(x_2\) denote the weekly production quantities of Type A and Type B, respectively. The company's operational requirements are as follows: - \(p_{1}\): The total weekly profit should be at least 3000 yuan. - \(p_{2}\): At least 5 units of Type A must be produced each week. - \(p_{3}\): Idle time of each process should be minimized, with weights proportional to the corresponding hourly cost. Overtime is not allowed. Formulate a linear programming model to maximize weekly profit subject to these constraints. What is the total profit of the company’s production plan that satisfies the goals and targets above?",Production Planning (multi-objective),,"\documentclass{article}
\usepackage{amsmath, amssymb}

\begin{document}

\textbf{Parameters:}
\begin{itemize}
\item Goal weights:
\[
P_1 = 20000,\qquad P_2 = 3000,\qquad P_3 = 1.
\]
\end{itemize}
\textbf{Decision Variables:}
\begin{itemize}
\item $x_1$: Weekly production quantity of Type A.
\item $x_2$: Weekly production quantity of Type B.
\item $d_1^-, d_1^+$: Negative and positive deviations from the profit goal.
\item $d_2^-, d_2^+$: Negative and positive deviations from the Type A production goal.
\item $u_1,u_2,u_3$: Idle hours in manufacturing, assembly, and inspection.
\end{itemize}

\textbf{Net profit per unit:}
\[
\pi_1 = 650 - 20(12) - 5(8) - 3(10) = 340,
\]
\[
\pi_2 = 725 - 7(8) - 6(10) = 609.
\]

\textbf{Goal Programming Formulation:}
\begin{align*}
\min \quad & P_1 d_1^- + P_2 d_2^- + P_3(12u_1 + 8u_2 + 10u_3) \\[4pt]
\text{s.t.} \quad
& 340x_1 + 609x_2 + d_1^- - d_1^+ = 3000
&& (\text{Profit goal } p_1) \\[4pt]
& x_1 + d_2^- - d_2^+ = 5
&& (\text{Minimum Type A goal } p_2) \\[4pt]
& 20x_1 + u_1 = 120
&& (\text{Manufacturing capacity}) \\[4pt]
& 5x_1 + 7x_2 + u_2 = 80
&& (\text{Assembly capacity}) \\[4pt]
& 3x_1 + 6x_2 + u_3 = 40
&& (\text{Inspection capacity}) \\[4pt]
& x_1,x_2 \in \mathbb{Z}_+
&& (\text{Integer and nonnegative}) \\[4pt]
& d_1^-,d_1^+,d_2^-,d_2^+,u_1,u_2,u_3 \ge 0
\end{align*}
\end{align*}

\end{document}","import gurobipy as gp
from gurobipy import GRB

# Parameters
P1 = 20000
P2 = 3000
P3 = 1

pi1 = 340 # net profit per unit of Type A
pi2 = 609 # net profit per unit of Type B

# Create model
m = gp.Model(""Motorcycle_Goal_Programming"")

# Decision variables
x1 = m.addVar(vtype=GRB.INTEGER, lb=0, name=""x1"")
x2 = m.addVar(vtype=GRB.INTEGER, lb=0, name=""x2"")

d1_minus = m.addVar(vtype=GRB.CONTINUOUS, lb=0, name=""d1_minus"")
d1_plus = m.addVar(vtype=GRB.CONTINUOUS, lb=0, name=""d1_plus"")
d2_minus = m.addVar(vtype=GRB.CONTINUOUS, lb=0, name=""d2_minus"")
d2_plus = m.addVar(vtype=GRB.CONTINUOUS, lb=0, name=""d2_plus"")

u1 = m.addVar(vtype=GRB.CONTINUOUS, lb=0, name=""u1"")
u2 = m.addVar(vtype=GRB.CONTINUOUS, lb=0, name=""u2"")
u3 = m.addVar(vtype=GRB.CONTINUOUS, lb=0, name=""u3"")

# Objective function
m.setObjective(
P1 * d1_minus + P2 * d2_minus + P3 * (12 * u1 + 8 * u2 + 10 * u3),
GRB.MINIMIZE
)

# Constraints

# Profit goal
m.addConstr(
pi1 * x1 + pi2 * x2 + d1_minus - d1_plus == 3000,
name=""profit_goal""
)

# Minimum Type A goal
m.addConstr(
x1 + d2_minus - d2_plus == 5,
name=""typeA_goal""
)

# Manufacturing capacity
m.addConstr(
20 * x1 + u1 == 120,
name=""manufacturing_capacity""
)

# Assembly capacity
m.addConstr(
5 * x1 + 7 * x2 + u2 == 80,
name=""assembly_capacity""
)

# Inspection capacity
m.addConstr(
3 * x1 + 6 * x2 + u3 == 40,
name=""inspection_capacity""
)

# Solve
m.optimize()

# Print solution
if m.status == GRB.OPTIMAL:
print(f""Optimal objective value: {m.objVal:.2f}\n"")

print(""Decision variables:"")
print(f"" x1 = {x1.X:.0f}"")
print(f"" x2 = {x2.X:.0f}"")

print(""\nDeviation variables:"")
print(f"" d1_minus = {d1_minus.X:.4f}"")
print(f"" d1_plus = {d1_plus.X:.4f}"")
print(f"" d2_minus = {d2_minus.X:.4f}"")
print(f"" d2_plus = {d2_plus.X:.4f}"")

print(""\nIdle hours:"")
print(f"" u1 = {u1.X:.4f}"")
print(f"" u2 = {u2.X:.4f}"")
print(f"" u3 = {u3.X:.4f}"")

total_profit = pi1 * x1.X + pi2 * x2.X
print(f""\nTotal profit = {total_profit:.2f}"")
else:
print(""No optimal solution found."")",,3867,"Decision variables:
x1 = 6
x2 = 3

Deviation variables:
d1_minus = -0.0000
d1_plus = 867.0000
d2_minus = -0.0000
d2_plus = 1.0000

Idle hours:
u1 = 0.0000
u2 = 29.0000
u3 = 4.0000

Total profit = 3867.00"
22,"A certain factory needs to use a special tool over $n$ planning stages. At stage $j$, $r_j$ specialized tools are needed. At the end of this stage, all tools used within this stage must be sent for repair before they can be reused. There are two repair methods: one is slow repair, which is cheaper (costs $b$ per tool) but takes longer ($p$ stages to return); the other is fast repair, which costs $c$ per tool $(c > b)$ and is faster, requiring only $q$ stages to return $(q < p)$. If the repaired tools cannot meet the needs, new ones must be purchased, with a cost of $a$ per new tool $(a > c)$. This special tool will no longer be used after $n$ stages. Determine an optimal plan for purchasing and repairing the tools to minimize the cost spent on tools during the planning period.\n\nn = 10 # number of stages\nr = [3, 5, 2, 4, 6, 5, 4, 3, 2, 1] # tool requirements per stage, indexing starts at 1\na = 10 # cost of buying a new tool\nb = 1 # cost of slow repair\nc = 3 # cost of fast repair\np = 3 # slow repair duration\nq = 1 # fast repair duration",Resource Planning,,"\documentclass{article}
\usepackage{amsmath, amssymb}

\begin{document}
\textbf{Sets and Parameters:}
\begin{itemize}
\item $T=\{1,2,\dots,10\}$: Set of planning stages.
\item $r_j$: Tool requirement in stage $j \in T$, where $(r_1,\dots,r_{10})=(3,5,2,4,6,5,4,3,2,1)$.
\end{itemize}

\textbf{Decision Variables:}
\begin{itemize}
\item $x_j$: Number of new tools purchased at the beginning of stage $j$, $j \in T$.
\item $y_j$: Number of tools used in stage $j$ that are sent to slow repair, $j \in T$.
\item $z_j$: Number of tools used in stage $j$ that are sent to fast repair, $j \in T$.
\item $I_j$: Number of usable tools available at the beginning of stage $j$, $j \in T$.
\end{itemize}

\textbf{Mathematical Formulation:}
\begin{align*}
\min \quad 
& \sum_{j \in T} \left( 10 x_j + y_j + 3 z_j \right) \\[4pt]
\text{s.t.} \quad
& I_1 = 0
&& (\text{No initial usable tools}) \\[4pt]
& I_j + x_j \ge r_j, \quad \forall j \in T
&& (\text{Demand satisfaction}) \\[4pt]
& y_j + z_j \le r_j, \quad \forall j \in T
&& (\text{Only used tools can be repaired}) \\[4pt]
& I_{j+1} = I_j + x_j - r_j + y_{j-3} + z_{j-1}, \quad \forall j=1,\dots,9
&& (\text{Inventory balance}) \\[4pt]
& y_t = 0,\quad z_t = 0, \quad \forall t \le 0
&& (\text{Repair returns before stage 1 are zero}) \\[4pt]
& x_j,y_j,z_j,I_j \in \mathbb{Z}_+, \quad \forall j \in T
&& (\text{Integer and nonnegative})
\end{align*}


\end{document}","import gurobipy as gp
from gurobipy import GRB

# Data
T = range(1, 11)
r = {
1: 3,
2: 5,
3: 2,
4: 4,
5: 6,
6: 5,
7: 4,
8: 3,
9: 2,
10: 1
}

# Create model
m = gp.Model(""Resource_Planning_under_Repair"")

# Decision variables
x = m.addVars(T, vtype=GRB.INTEGER, lb=0, name=""x"") # new tools purchased
y = m.addVars(T, vtype=GRB.INTEGER, lb=0, name=""y"") # tools sent to slow repair
z = m.addVars(T, vtype=GRB.INTEGER, lb=0, name=""z"") # tools sent to fast repair
I = m.addVars(T, vtype=GRB.INTEGER, lb=0, name=""I"") # usable tools at beginning of stage

# Objective function
m.setObjective(
gp.quicksum(10 * x[j] + y[j] + 3 * z[j] for j in T),
GRB.MINIMIZE
)

# No initial usable tools
m.addConstr(I[1] == 0, name=""initial_inventory"")

# Demand satisfaction
for j in T:
m.addConstr(I[j] + x[j] >= r[j], name=f""demand_satisfaction_{j}"")

# Only used tools can be repaired
for j in T:
m.addConstr(y[j] + z[j] <= r[j], name=f""repair_limit_{j}"")

# Inventory balance
# For indices <= 0, use 0 according to the formulation convention
for j in range(1, 10):
slow_return = y[j - 3] if (j - 3) in T else 0
fast_return = z[j - 1] if (j - 1) in T else 0

m.addConstr(
I[j + 1] == I[j] + x[j] - r[j] + slow_return + fast_return,
name=f""inventory_balance_{j}""
)

# Solve the model
m.optimize()

# Print solution
if m.status == GRB.OPTIMAL:
print(f""Optimal objective value: {m.objVal:.2f}\n"")

print(""Optimal plan:"")
for j in T:
print(
f"" Stage {j}: ""
f""x[{j}] = {x[j].X:.0f}, ""
f""y[{j}] = {y[j].X:.0f}, ""
f""z[{j}] = {z[j].X:.0f}, ""
f""I[{j}] = {I[j].X:.0f}""
)
else:
print(""No optimal solution found."")",,168,"Optimal plan:
Stage 1: x[1] = 3, y[1] = 3, z[1] = 0, I[1] = 0
Stage 2: x[2] = 8, y[2] = 1, z[2] = 4, I[2] = -0
Stage 3: x[3] = 0, y[3] = -0, z[3] = 2, I[3] = 3
Stage 4: x[4] = -0, y[4] = 0, z[4] = 4, I[4] = 5
Stage 5: x[5] = -0, y[5] = 2, z[5] = 4, I[5] = 6
Stage 6: x[6] = -0, y[6] = 1, z[6] = 3, I[6] = 5
Stage 7: x[7] = -0, y[7] = -0, z[7] = 0, I[7] = 4
Stage 8: x[8] = -0, y[8] = -0, z[8] = -0, I[8] = 3
Stage 9: x[9] = -0, y[9] = -0, z[9] = -0, I[9] = 2
Stage 10: x[10] = -0, y[10] = -0, z[10] = -0, I[10] = 1"
23,"Hongdou Clothing Factory uses three special equipment to produce shirts, short-sleeved shirts, and casual clothes respectively. It is known that the labor, material usage, selling price, and variable cost of each of the above products are as shown in Table 5-10. Table 5-10 | Product Name | Labor per unit | Material per unit | Selling Price | Variable Cost | |--------------|----------------|------------------|---------------|---------------| | Shirt | 3 | 4 | 120 | 60 | | Short-sleeve | 2 | 3 | 80 | 40 | | Casual Cloth | 6 | 6 | 180 | 80 | It is known that the available labor per week is 1500 units, the available material is 1600 units, and the weekly fixed costs for the three special equipment for producing shirts, short-sleeved shirts, and casual clothes are 2000, 1500, and 1000 respectively. Design a weekly production plan for the factory to maximize its profit.",Production Planning,,"\documentclass{article}
\usepackage{amsmath, amssymb}

\textbf{Sets and Parameters:}
\begin{itemize}
\item $I=\{1,2,3\}$: Set of products, where products $1,2,3$ correspond to shirt, short-sleeve, and casual cloth.
\item $a_i$: Labor required per unit of product $i$, where
\[
(a_1,a_2,a_3)=(3,2,6).
\]
\item $b_i$: Material required per unit of product $i$, where
\[
(b_1,b_2,b_3)=(4,3,6).
\]
\item $p_i$: Selling price per unit of product $i$, where
\[
(p_1,p_2,p_3)=(120,80,180).
\]
\item $c_i$: Variable cost per unit of product $i$, where
\[
(c_1,c_2,c_3)=(60,40,80).
\]
\item $F_i$: Weekly fixed equipment costs:
\[
(F_1,F_2,F_3)=(2000,1500,1000).
\]
\item Upper bounds for linkage constraints:
\[
(U_1,U_2,U_3)=(400,500,250).
\]
\end{itemize}

\textbf{Decision Variables:}
\begin{itemize}
\item $x_i$: Weekly production quantity of product $i$, for all $i\in I$.
\end{itemize}

\textbf{Mathematical Formulation:}
\begin{align*}
\max \quad
& \sum_{i\in I}(p_i-c_i)x_i-\sum_{i\in I}F_i \\[4pt]
\text{s.t.} \quad
& \sum_{i\in I} a_i x_i \le 1500
&& (\text{Labor constraint}) \\[4pt]
& \sum_{i\in I} b_i x_i \le 1600
&& (\text{Material constraint}) \\[4pt]
& x_i \ge 0, \quad \forall i\in I
&& (\text{Nonnegativity constraints})
\end{align*}

\end{document}","import gurobipy as gp
from gurobipy import GRB

# Data
I = [1, 2, 3]

a = {
1: 3,
2: 2,
3: 6
}

b = {
1: 4,
2: 3,
3: 6
}

p = {
1: 120,
2: 80,
3: 180
}

c = {
1: 60,
2: 40,
3: 80
}

F = {
1: 2000,
2: 1500,
3: 1000
}

# Create model
m = gp.Model(""Clothing_Production_Planning"")

# Decision variables
x = m.addVars(I, vtype=GRB.CONTINUOUS, lb=0, name=""x"")

# Objective function
m.setObjective(
gp.quicksum((p[i] - c[i]) * x[i] for i in I) - gp.quicksum(F[i] for i in I),
GRB.MAXIMIZE
)

# Labor constraint
m.addConstr(
gp.quicksum(a[i] * x[i] for i in I) <= 1500,
name=""labor_constraint""
)

# Material constraint
m.addConstr(
gp.quicksum(b[i] * x[i] for i in I) <= 1600,
name=""material_constraint""
)

# Solve the model
m.optimize()

# Print solution
if m.status == GRB.OPTIMAL:
print(f""Optimal objective value: {m.objVal:.2f}\n"")

print(""Optimal production plan:"")
for i in I:
print(f"" Product {i}: x[{i}] = {x[i].X:.4f}"")
else:
print(""No optimal solution found."")",,21500,"Optimal production plan:
Product 1: x[1] = 100.0000
Product 2: x[2] = 0.0000
Product 3: x[3] = 200.0000"
24,"A factory produces three types of products: I, II, and III. Each product needs to go through two processing procedures, A and B. The factory has two pieces of equipment that can complete process A, denoted as A1 and A2; it has three pieces of equipment that complete process B, denoted as B1, B2, and B3. Product I can be processed on any equipment for A and B; Product II can be processed on any A equipment but only on B1 for process B; Product III can only be processed on A2 and B2. Given the unit processing time on various machines, raw material costs, product sale prices, effective machine hours, and the costs of operating the machines at full capacity as shown in Table 1-4, the task is to arrange the optimal production plan to maximize the factory's profit. Table 1-4 | Equipment | Product I | Product II | Product III | Effective Machine Hours | Operating Costs at Full Capacity (Yuan) | |------------|-----------|------------|-------------|--------------------------|------------------------------------------| | A1 | 5 | 10 | | 6000 | 300 | | A2 | 7 | 9 | 12 | 10000 | 321 | | B1 | 6 | 8 | | 4000 | 250 | | B2 | 4 | | 11 | 7000 | 783 | | B3 | 7 | | | 4000 | 200 | | Raw Material Cost (Yuan/Unit) | 0.25 | 0.35 | 0.50 | | | | Unit Price (Yuan/Unit) | 1.25 | 2.00 | 2.80 | | |",Production Planning,,"\documentclass{article}
\usepackage{amsmath, amssymb}

\textbf{Sets and Parameters:}
\begin{itemize}
\item $P=\{1,2,3\}$: Set of products, where products $1,2,3$ correspond to products I, II, and III.
\item $M_A=\{\text{A1},\text{A2}\}$: Set of machines for process A.
\item $M_B=\{\text{B1},\text{B2},\text{B3}\}$: Set of machines for process B.
\item Processing time (hours/unit) on process A:
\[
\begin{array}{c|ccc}
& 1 & 2 & 3 \\
\hline
\text{A1} & 5 & 10 & 6001 \\
\text{A2} & 7 & 9 & 12
\end{array}
\]
\item Processing time (hours/unit) on process B:
\[
\begin{array}{c|ccc}
& 1 & 2 & 3 \\
\hline
\text{B1} & 6 & 8 & 4001 \\
\text{B2} & 4 & 7001 & 11 \\
\text{B3} & 7 & 4001 & 4001
\end{array}
\]
\item Effective machine hours:
\[
H_{\text{A1}}=6000,\quad H_{\text{A2}}=10000,\quad
H_{\text{B1}}=4000,\quad H_{\text{B2}}=7000,\quad H_{\text{B3}}=4000.
\]
\item Operating costs at full capacity (yuan):
\[
C_{\text{A1}}=300,\quad C_{\text{A2}}=321,\quad
C_{\text{B1}}=250,\quad C_{\text{B2}}=783,\quad C_{\text{B3}}=200.
\]
\item Raw material cost (yuan/unit):
\[
r_1=0.25,\quad r_2=0.35,\quad r_3=0.50.
\]
\item Selling price (yuan/unit):
\[
p_1=1.25,\quad p_2=2.00,\quad p_3=2.80.
\]
\item Unit machine-processing cost:
\[
g^A_{mp}=\frac{C_m}{H_m}t^A_{mp},\quad \forall m\in M_A,\; p\in P,
\]
\[
g^B_{mp}=\frac{C_m}{H_m}t^B_{mp},\quad \forall m\in M_B,\; p\in P.
\]
\end{itemize}

\textbf{Decision Variables:}
\begin{itemize}
\item $x_{mp}$: Integer quantity of product $p$ processed on machine $m\in M_A$ for process A.
\item $y_{mp}$: Integer quantity of product $p$ processed on machine $m\in M_B$ for process B.
\item $q_p$: Integer final production quantity of product $p$, for all $p\in P$.
\end{itemize}

\textbf{Mathematical Formulation:}
\begin{align*}
\max \quad
& \sum_{p\in P}(p_p-r_p)q_p
- \sum_{m\in M_A}\sum_{p\in P} g^A_{mp}x_{mp}
- \sum_{m\in M_B}\sum_{p\in P} g^B_{mp}y_{mp} \\[4pt]
\text{s.t.} \quad
& \sum_{m\in M_A} x_{mp} = q_p, \quad \forall p\in P
&& (\text{Process A flow balance}) \\[4pt]
& \sum_{m\in M_B} y_{mp} = q_p, \quad \forall p\in P
&& (\text{Process B flow balance}) \\[4pt]
& \sum_{p\in P} t^A_{mp}x_{mp} \le H_m, \quad \forall m\in M_A
&& (\text{Process A machine-hour limits}) \\[4pt]
& \sum_{p\in P} t^B_{mp}y_{mp} \le H_m, \quad \forall m\in M_B
&& (\text{Process B machine-hour limits}) \\[4pt]
& x_{mp}\in\mathbb{Z}_+, \quad \forall m\in M_A,\; p\in P
&& (\text{Integer production on process A}) \\[4pt]
& y_{mp}\in\mathbb{Z}_+, \quad \forall m\in M_B,\; p\in P
&& (\text{Integer production on process B}) \\[4pt]
& q_p\in\mathbb{Z}_+, \quad \forall p\in P
&& (\text{Integer final output})
\end{align*}

\end{document}","import gurobipy as gp
from gurobipy import GRB

# Sets
P = [1, 2, 3]
M_A = [""A1"", ""A2""]
M_B = [""B1"", ""B2"", ""B3""]

# Processing times for process A
tA = {
(""A1"", 1): 5,
(""A1"", 2): 10,
(""A1"", 3): 6001,
(""A2"", 1): 7,
(""A2"", 2): 9,
(""A2"", 3): 12
}

# Processing times for process B
tB = {
(""B1"", 1): 6,
(""B1"", 2): 8,
(""B1"", 3): 4001,
(""B2"", 1): 4,
(""B2"", 2): 7001,
(""B2"", 3): 11,
(""B3"", 1): 7,
(""B3"", 2): 4001,
(""B3"", 3): 4001
}

# Effective machine hours
H = {
""A1"": 6000,
""A2"": 10000,
""B1"": 4000,
""B2"": 7000,
""B3"": 4000
}

# Operating costs at full capacity
C = {
""A1"": 300,
""A2"": 321,
""B1"": 250,
""B2"": 783,
""B3"": 200
}

# Raw material costs
r = {
1: 0.25,
2: 0.35,
3: 0.50
}

# Selling prices
price = {
1: 1.25,
2: 2.00,
3: 2.80
}

# Unit machine-processing costs
gA = {(m, p): C[m] / H[m] * tA[m, p] for m in M_A for p in P}
gB = {(m, p): C[m] / H[m] * tB[m, p] for m in M_B for p in P}

# Create model
m = gp.Model(""Production_Planning_With_Machine_Allocation"")

# Decision variables
x = m.addVars(M_A, P, vtype=GRB.INTEGER, lb=0, name=""x"") # process A production
y = m.addVars(M_B, P, vtype=GRB.INTEGER, lb=0, name=""y"") # process B production
q = m.addVars(P, vtype=GRB.INTEGER, lb=0, name=""q"") # final production quantity

# Objective function
m.setObjective(
gp.quicksum((price[p] - r[p]) * q[p] for p in P)
- gp.quicksum(gA[m_, p] * x[m_, p] for m_ in M_A for p in P)
- gp.quicksum(gB[m_, p] * y[m_, p] for m_ in M_B for p in P),
GRB.MAXIMIZE
)

# Process A flow balance
for p in P:
m.addConstr(
gp.quicksum(x[m_, p] for m_ in M_A) == q[p],
name=f""flow_balance_A_{p}""
)

# Process B flow balance
for p in P:
m.addConstr(
gp.quicksum(y[m_, p] for m_ in M_B) == q[p],
name=f""flow_balance_B_{p}""
)

# Process A machine-hour limits
for m_ in M_A:
m.addConstr(
gp.quicksum(tA[m_, p] * x[m_, p] for p in P) <= H[m_],
name=f""capacity_A_{m_}""
)

# Process B machine-hour limits
for m_ in M_B:
m.addConstr(
gp.quicksum(tB[m_, p] * y[m_, p] for p in P) <= H[m_],
name=f""capacity_B_{m_}""
)

# Solve the model
m.optimize()

# Print solution
if m.status == GRB.OPTIMAL:
print(f""Optimal objective value: {m.objVal:.4f}\n"")

print(""Final production quantities:"")
for p in P:
print(f"" Product {p}: q[{p}] = {q[p].X:.0f}"")

print(""\nProcess A machine allocation:"")
for m_ in M_A:
for p in P:
if x[m_, p].X > 0.5:
print(f"" {m_}, Product {p}: x[{m_},{p}] = {x[m_, p].X:.0f}"")

print(""\nProcess B machine allocation:"")
for m_ in M_B:
for p in P:
if y[m_, p].X > 0.5:
print(f"" {m_}, Product {p}: y[{m_},{p}] = {y[m_, p].X:.0f}"")

else:
print(""No optimal solution found."")",,1146.3856,"Final production quantities:
Product 1: q[1] = 1432
Product 2: q[2] = 500
Product 3: q[3] = 323

Process A machine allocation:
A1, Product 1: x[A1,1] = 1200
A2, Product 1: x[A2,1] = 232
A2, Product 2: x[A2,2] = 500
A2, Product 3: x[A2,3] = 323

Process B machine allocation:
B1, Product 2: y[B1,2] = 500
B2, Product 1: y[B2,1] = 861
B2, Product 3: y[B2,3] = 323
B3, Product 1: y[B3,1] = 571"
25,"A product consists of three components produced by four workshops, each with a limited number of production hours. Table 1.4 below provides the production rates of the three components. The objective is to determine the number of hours each workshop should allocate to each component to maximize the number of completed products. Table 1.4 | Workshop | Production Capacity (hours) | Production Rate (units/hour) | | | | :------: | :-------------------------: | :--------------------------: | - | - | | | | Component 1 | Component 2 | Component 3 | | A | 100 | 10 | 15 | 5 | | B | 150 | 15 | 10 | 5 | | C | 80 | 20 | 5 | 10 | | D | 200 | 10 | 15 | 20 |",Production Planning,,"\documentclass{article}
\usepackage{amsmath, amssymb}

\textbf{Sets and Parameters:}
\begin{itemize}
\item $W=\{A,B,C,D\}$: Set of workshops.
\item $C=\{1,2,3\}$: Set of components.
\item $H_w$: Available production hours of workshop $w\in W$, where
\[
H_A=100,\quad H_B=150,\quad H_C=80,\quad H_D=200.
\]
\item $r_{wc}$: Production rate (units/hour) of component $c\in C$ in workshop $w\in W$, where
\[
\begin{array}{c|ccc}
& 1 & 2 & 3 \\
\hline
A & 10 & 15 & 5 \\
B & 15 & 10 & 5 \\
C & 20 & 5 & 10 \\
D & 10 & 15 & 20
\end{array}
\]
\end{itemize}

\textbf{Decision Variables:}
\begin{itemize}
\item $x_{wc}$: Number of hours workshop $w\in W$ allocates to producing component $c\in C$.
\item $q$: Number of completed products.
\end{itemize}

\textbf{Mathematical Formulation:}
\begin{align*}
\max \quad
& q \\[4pt]
\text{s.t.} \quad
& \sum_{c\in C} x_{wc} \le H_w, \quad \forall w\in W
&& (\text{Workshop-hour constraints}) \\[4pt]
& \sum_{w\in W} r_{w1}x_{w1} \ge q
&& (\text{Component 1 requirement}) \\[4pt]
& \sum_{w\in W} r_{w2}x_{w2} \ge q
&& (\text{Component 2 requirement}) \\[4pt]
& \sum_{w\in W} r_{w3}x_{w3} \ge q
&& (\text{Component 3 requirement}) \\[4pt]
& x_{wc} \ge 0,\quad \forall w\in W,\; c\in C
&& (\text{Nonnegativity constraints}) \\[4pt]
& q \in \mathbb{Z}_+
&& (\text{Integer number of completed products})
\end{align*}

\end{document}","import gurobipy as gp
from gurobipy import GRB

# Sets
W = [""A"", ""B"", ""C"", ""D""]
Comp = [1, 2, 3]

# Available production hours
H = {
""A"": 100,
""B"": 150,
""C"": 80,
""D"": 200
}

# Production rates (units/hour)
r = {
(""A"", 1): 10, (""A"", 2): 15, (""A"", 3): 5,
(""B"", 1): 15, (""B"", 2): 10, (""B"", 3): 5,
(""C"", 1): 20, (""C"", 2): 5, (""C"", 3): 10,
(""D"", 1): 10, (""D"", 2): 15, (""D"", 3): 20
}

# Create model
m = gp.Model(""Workshop_Capacity_Allocation"")

# Decision variables
x = m.addVars(W, Comp, vtype=GRB.CONTINUOUS, lb=0, name=""x"") # hours allocated
q = m.addVar(vtype=GRB.INTEGER, lb=0, name=""q"") # completed products

# Objective function
m.setObjective(q, GRB.MAXIMIZE)

# Workshop-hour constraints
for w in W:
m.addConstr(
gp.quicksum(x[w, c] for c in Comp) <= H[w],
name=f""hours_{w}""
)

# Component requirements
m.addConstr(
gp.quicksum(r[w, 1] * x[w, 1] for w in W) >= q,
name=""component_1_requirement""
)

m.addConstr(
gp.quicksum(r[w, 2] * x[w, 2] for w in W) >= q,
name=""component_2_requirement""
)

m.addConstr(
gp.quicksum(r[w, 3] * x[w, 3] for w in W) >= q,
name=""component_3_requirement""
)

# Solve the model
m.optimize()

# Print solution
if m.status == GRB.OPTIMAL:
print(f""Optimal objective value: {m.objVal:.0f}\n"")

print(""Optimal hours allocation:"")
for w in W:
for c in Comp:
if x[w, c].X > 1e-6:
print(f"" Workshop {w}, Component {c}: x[{w},{c}] = {x[w, c].X:.4f}"")

print(f""\nCompleted products: q = {q.X:.0f}"")

else:
print(""No optimal solution found."")",,2924,"Optimal hours allocation:
Workshop A, Component 2: x[A,2] = 100.0000
Workshop B, Component 1: x[B,1] = 88.2759
Workshop B, Component 2: x[B,2] = 61.7241
Workshop C, Component 1: x[C,1] = 80.0000
Workshop D, Component 2: x[D,2] = 53.7931
Workshop D, Component 3: x[D,3] = 146.2069

Completed products: q = 2924"
26,"The independent country of Carelland mainly exports four commodities: steel, engines, electronic components, and plastic. Carelland's Minister of Finance (i.e., Minister of Economy) wants to maximize exports and minimize imports. The unit prices of steel, engines, electronics, and plastic on the world market are, in local currency (Klunz), 500, 1500, 300, 1200 respectively. Producing 1 unit of steel requires 0.02 units of engines, 0.01 units of plastic, 250 Klunz of other imported goods, and 6 person-months of labor. Producing 1 unit of engines requires 0.8 units of steel, 0.15 units of electronic components, 0.11 units of plastic, 300 Klunz of imported goods, and 1 person-year. One unit of electronics requires: 0.01 units of steel, 0.01 units of engines, 0.05 units of plastic, 50 Klunz of imported goods, and 6 person-months of labor. One unit of plastic requires: 0.03 units of engines, 0.2 units of steel, 0.05 units of electronic components, 300 Klunz of imported goods, and 2 person-years. Engine production is limited to 650000 units, and plastic production is limited to 60000 units. The total available labor force per year is 830000 person-months. Write a mathematical program to maximize domestic GDP.",Production Planning,,"\documentclass{article}
\usepackage{amsmath, amssymb}

\textbf{Sets and Parameters:}
\begin{itemize}
\item $I=\{1,2,3,4\}$: Set of commodities, where $1,2,3,4$ correspond to steel, engines, electronic components, and plastic.
\item World prices (Klunz/unit):
\[
(p_1,p_2,p_3,p_4)=(500,1500,300,1200).
\]
\item Imported-goods cost per unit produced (Klunz/unit):
\[
(h_1,h_2,h_3,h_4)=(250,300,50,300).
\]
\item Labor requirement (person-months/unit):
\[
(\ell_1,\ell_2,\ell_3,\ell_4)=(6,12,6,24).
\]
\end{itemize}

\textbf{Decision Variables:}
\begin{itemize}
\item $x_i$: Production quantity of commodity $i$, for all $i\in I$.
\item $m_i$: Import quantity of commodity $i$, for all $i\in I$.
\item $e_i$: Export quantity of commodity $i$, for all $i\in I$.
\end{itemize}

\textbf{Mathematical Formulation:}
\begin{align*}
\max \quad
& \sum_{i\in I} p_i e_i
- \sum_{i\in I} p_i m_i
- \sum_{i\in I} h_i x_i \\[4pt]
\text{s.t.} \quad
& e_1 = x_1 + m_1 - 0.8x_2 - 0.01x_3 - 0.2x_4
&& (\text{Steel balance}) \\[4pt]
& e_2 = x_2 + m_2 - 0.02x_1 - 0.01x_3 - 0.03x_4
&& (\text{Engine balance}) \\[4pt]
& e_3 = x_3 + m_3 - 0.15x_2 - 0.05x_4
&& (\text{Electronics balance}) \\[4pt]
& e_4 = x_4 + m_4 - 0.01x_1 - 0.11x_2 - 0.05x_3
&& (\text{Plastic balance}) \\[4pt]
& x_2 \le 650000
&& (\text{Engine production limit}) \\[4pt]
& x_4 \le 60000
&& (\text{Plastic production limit}) \\[4pt]
& 6x_1 + 12x_2 + 6x_3 + 24x_4 \le 830000
&& (\text{Labor constraint}) \\[4pt]
& x_i \ge 0,\quad \forall i\in I
&& (\text{Nonnegativity of production}) \\[4pt]
& m_i \ge 0,\quad \forall i\in I
&& (\text{Nonnegativity of imports}) \\[4pt]
& e_i \ge 0,\quad \forall i\in I
&& (\text{Nonnegativity of exports})
\end{align*}

\end{document}","import gurobipy as gp
from gurobipy import GRB

# Data
I = [1, 2, 3, 4] # 1=steel, 2=engines, 3=electronics, 4=plastic

p = {
1: 500,
2: 1500,
3: 300,
4: 1200
}

h = {
1: 250,
2: 300,
3: 50,
4: 300
}

labor = {
1: 6,
2: 12,
3: 6,
4: 24
}

# Create model
m = gp.Model(""Import_Export_Planning"")

# Decision variables
x = m.addVars(I, vtype=GRB.CONTINUOUS, lb=0, name=""x"") # production quantity
imp = m.addVars(I, vtype=GRB.CONTINUOUS, lb=0, name=""m"") # import quantity
e = m.addVars(I, vtype=GRB.CONTINUOUS, lb=0, name=""e"") # export quantity

# Objective function
m.setObjective(
gp.quicksum(p[i] * e[i] - p[i] * imp[i] - h[i] * x[i] for i in I),
GRB.MAXIMIZE
)

# Balance constraints
m.addConstr(
e[1] == x[1] + imp[1] - 0.8 * x[2] - 0.01 * x[3] - 0.2 * x[4],
name=""steel_balance""
)

m.addConstr(
e[2] == x[2] + imp[2] - 0.02 * x[1] - 0.01 * x[3] - 0.03 * x[4],
name=""engine_balance""
)

m.addConstr(
e[3] == x[3] + imp[3] - 0.15 * x[2] - 0.05 * x[4],
name=""electronics_balance""
)

m.addConstr(
e[4] == x[4] + imp[4] - 0.01 * x[1] - 0.11 * x[2] - 0.05 * x[3],
name=""plastic_balance""
)

# Production limits
m.addConstr(x[2] <= 650000, name=""engine_limit"")
m.addConstr(x[4] <= 60000, name=""plastic_limit"")

# Labor constraint
m.addConstr(
6 * x[1] + 12 * x[2] + 6 * x[3] + 24 * x[4] <= 830000,
name=""labor_constraint""
)

# Solve the model
m.optimize()

# Print solution
if m.status == GRB.OPTIMAL:
print(f""Optimal objective value: {m.objVal:.2f}\n"")

print(""Production quantities:"")
for i in I:
print(f"" x[{i}] = {x[i].X:.4f}"")

print(""\nImport quantities:"")
for i in I:
print(f"" m[{i}] = {imp[i].X:.4f}"")

print(""\nExport quantities:"")
for i in I:
print(f"" e[{i}] = {e[i].X:.4f}"")

else:
print(""No optimal solution found."")",,43090833.43,"Production quantities:
x[1] = 0.0000
x[2] = 69166.6667
x[3] = 0.0000
x[4] = 0.0000

Import quantities:
m[1] = 55333.3333
m[2] = 0.0000
m[3] = 10375.0000
m[4] = 7608.3333

Export quantities:
e[1] = 0.0000
e[2] = 69166.6667
e[3] = 0.0000
e[4] = 0.0000"
27,"A factory produces three types of products, A, B, and C. Each unit of product A requires 1 hour for technical preparation, 10 hours of direct labor, and 3 kg of materials. Each unit of product B requires 2 hours for technical preparation, 4 hours of labor, and 2 kg of materials. Each unit of product C requires 1 hour for technical preparation, 5 hours of labor, and 1 kg of materials. The available technical preparation time is 100 hours, labor time is 700 hours, and materials are 400 kg. The company offers larger discounts for bulk purchases, as detailed in Table 1-22. Determine the company's production plan to maximize profit. Table 1-22 | Product A | | Product B | | Product C | | |:---------------|:---------:|:---------------|:---------:|:---------------|:---------:| | Sales Volume (pieces) | Profit (yuan) | Sales Volume (pieces) | Profit (yuan) | Sales Volume (pieces) | Profit (yuan) | | 0 ~ 40 | 10 | 0 ~ 50 | 6 | 0 ~ 100 | 5 | | 40 ~ 100 | 9 | 50 ~ 100 | 4 | Above 100 | 4 | | 100 ~ 150 | 8 | Above 100 | 3 | | | | Above 150 | 7 | | | | |",Production Planning,,"\documentclass{article}
\usepackage{amsmath, amssymb}

\textbf{Decision Variables:}
\begin{itemize}
\item $x_{A1},x_{A2},x_{A3},x_{A4}$: Production quantity of product A in the selected profit segment.
\item $x_{B1},x_{B2},x_{B3}$: Production quantity of product B in the selected profit segment.
\item $x_{C1},x_{C2}$: Production quantity of product C in the selected profit segment.
\item $y_{A1},y_{A2},y_{A3},y_{A4}$: Binary variables indicating the selected segment for product A.
\item $y_{B1},y_{B2},y_{B3}$: Binary variables indicating the selected segment for product B.
\item $y_{C1},y_{C2}$: Binary variables indicating the selected segment for product C.
\end{itemize}

\textbf{Mathematical Formulation:}
\begin{align*}
\max \quad
& 10x_{A1}+9x_{A2}+8x_{A3}+7x_{A4}
+6x_{B1}+4x_{B2}+3x_{B3}
+5x_{C1}+4x_{C2} \\[4pt]
\text{s.t.} \quad
& (x_{A1}+x_{A2}+x_{A3}+x_{A4})
+2(x_{B1}+x_{B2}+x_{B3})
+(x_{C1}+x_{C2})
\le 100
&& (\text{technical preparation}) \\[4pt]
& 10(x_{A1}+x_{A2}+x_{A3}+x_{A4})
+4(x_{B1}+x_{B2}+x_{B3})
+5(x_{C1}+x_{C2})
\le 700
&& (\text{labor}) \\[4pt]
& 3(x_{A1}+x_{A2}+x_{A3}+x_{A4})
+2(x_{B1}+x_{B2}+x_{B3})
+(x_{C1}+x_{C2})
\le 400
&& (\text{materials}) \\[4pt]
& y_{A1}+y_{A2}+y_{A3}+y_{A4}=1
&& (\text{choose one segment for A}) \\[4pt]
& y_{B1}+y_{B2}+y_{B3}=1
&& (\text{choose one segment for B}) \\[4pt]
& y_{C1}+y_{C2}=1
&& (\text{choose one segment for C}) \\[4pt]
& 0 \le x_{A1} \le 40y_{A1}
&& (\text{A, segment 1}) \\[4pt]
& 40y_{A2} \le x_{A2} \le 100y_{A2}
&& (\text{A, segment 2}) \\[4pt]
& 100y_{A3} \le x_{A3} \le 150y_{A3}
&& (\text{A, segment 3}) \\[4pt]
& 150y_{A4} \le x_{A4}
&& (\text{A, segment 4}) \\[4pt]
& 0 \le x_{B1} \le 50y_{B1}
&& (\text{B, segment 1}) \\[4pt]
& 50y_{B2} \le x_{B2} \le 100y_{B2}
&& (\text{B, segment 2}) \\[4pt]
& 100y_{B3} \le x_{B3}
&& (\text{B, segment 3}) \\[4pt]
& 0 \le x_{C1} \le 100y_{C1}
&& (\text{C, segment 1}) \\[4pt]
& 100y_{C2} \le x_{C2}
&& (\text{C, segment 2}) \\[4pt]
& x_{A1},x_{A2},x_{A3},x_{A4},
x_{B1},x_{B2},x_{B3},
x_{C1},x_{C2}\in\mathbb{Z}_+
&& (\text{integer and nonnegative}) \\[4pt]
& y_{A1},y_{A2},y_{A3},y_{A4},
y_{B1},y_{B2},y_{B3},
y_{C1},y_{C2}\in\{0,1\}
&& (\text{binary segment variables})
\end{align*}

\end{document}","import gurobipy as gp
from gurobipy import GRB

# Create model
m = gp.Model(""Production_Planning_With_Segments"")

# Decision variables
xA1 = m.addVar(vtype=GRB.INTEGER, lb=0, name=""xA1"")
xA2 = m.addVar(vtype=GRB.INTEGER, lb=0, name=""xA2"")
xA3 = m.addVar(vtype=GRB.INTEGER, lb=0, name=""xA3"")
xA4 = m.addVar(vtype=GRB.INTEGER, lb=0, name=""xA4"")

xB1 = m.addVar(vtype=GRB.INTEGER, lb=0, name=""xB1"")
xB2 = m.addVar(vtype=GRB.INTEGER, lb=0, name=""xB2"")
xB3 = m.addVar(vtype=GRB.INTEGER, lb=0, name=""xB3"")

xC1 = m.addVar(vtype=GRB.INTEGER, lb=0, name=""xC1"")
xC2 = m.addVar(vtype=GRB.INTEGER, lb=0, name=""xC2"")

yA1 = m.addVar(vtype=GRB.BINARY, name=""yA1"")
yA2 = m.addVar(vtype=GRB.BINARY, name=""yA2"")
yA3 = m.addVar(vtype=GRB.BINARY, name=""yA3"")
yA4 = m.addVar(vtype=GRB.BINARY, name=""yA4"")

yB1 = m.addVar(vtype=GRB.BINARY, name=""yB1"")
yB2 = m.addVar(vtype=GRB.BINARY, name=""yB2"")
yB3 = m.addVar(vtype=GRB.BINARY, name=""yB3"")

yC1 = m.addVar(vtype=GRB.BINARY, name=""yC1"")
yC2 = m.addVar(vtype=GRB.BINARY, name=""yC2"")

# Objective function
m.setObjective(
10 * xA1 + 9 * xA2 + 8 * xA3 + 7 * xA4
+ 6 * xB1 + 4 * xB2 + 3 * xB3
+ 5 * xC1 + 4 * xC2,
GRB.MAXIMIZE
)

# Resource constraints
m.addConstr(
(xA1 + xA2 + xA3 + xA4)
+ 2 * (xB1 + xB2 + xB3)
+ (xC1 + xC2)
<= 100,
name=""technical_preparation""
)

m.addConstr(
10 * (xA1 + xA2 + xA3 + xA4)
+ 4 * (xB1 + xB2 + xB3)
+ 5 * (xC1 + xC2)
<= 700,
name=""labor""
)

m.addConstr(
3 * (xA1 + xA2 + xA3 + xA4)
+ 2 * (xB1 + xB2 + xB3)
+ (xC1 + xC2)
<= 400,
name=""materials""
)

# Choose exactly one segment for each product
m.addConstr(yA1 + yA2 + yA3 + yA4 == 1, name=""choose_segment_A"")
m.addConstr(yB1 + yB2 + yB3 == 1, name=""choose_segment_B"")
m.addConstr(yC1 + yC2 == 1, name=""choose_segment_C"")

# Segment constraints for product A
m.addConstr(xA1 <= 40 * yA1, name=""A_segment_1_upper"")
m.addConstr(xA2 >= 40 * yA2, name=""A_segment_2_lower"")
m.addConstr(xA2 <= 100 * yA2, name=""A_segment_2_upper"")
m.addConstr(xA3 >= 100 * yA3, name=""A_segment_3_lower"")
m.addConstr(xA3 <= 150 * yA3, name=""A_segment_3_upper"")
m.addConstr(xA4 >= 150 * yA4, name=""A_segment_4_lower"")

# Segment constraints for product B
m.addConstr(xB1 <= 50 * yB1, name=""B_segment_1_upper"")
m.addConstr(xB2 >= 50 * yB2, name=""B_segment_2_lower"")
m.addConstr(xB2 <= 100 * yB2, name=""B_segment_2_upper"")
m.addConstr(xB3 >= 100 * yB3, name=""B_segment_3_lower"")

# Segment constraints for product C
m.addConstr(xC1 <= 100 * yC1, name=""C_segment_1_upper"")
m.addConstr(xC2 >= 100 * yC2, name=""C_segment_2_lower"")

# Solve the model
m.optimize()

# Print solution
if m.status == GRB.OPTIMAL:
print(f""Optimal objective value: {m.objVal:.2f}\n"")

print(""Production quantities:"")
print(f"" xA1 = {xA1.X:.0f}"")
print(f"" xA2 = {xA2.X:.0f}"")
print(f"" xA3 = {xA3.X:.0f}"")
print(f"" xA4 = {xA4.X:.0f}"")
print(f"" xB1 = {xB1.X:.0f}"")
print(f"" xB2 = {xB2.X:.0f}"")
print(f"" xB3 = {xB3.X:.0f}"")
print(f"" xC1 = {xC1.X:.0f}"")
print(f"" xC2 = {xC2.X:.0f}"")

else:
print(""No optimal solution found."")",,700,"Production quantities:
xA1 = 40
xA2 = 0
xA3 = 0
xA4 = -0
xB1 = 0
xB2 = 0
xB3 = -0
xC1 = 60
xC2 = -0"
28,"A certain farm has 100 hectares of land and 15,000 yuan in funds for production development. The labor force situation on the farm is 3,500 person-days in autumn and winter, and 4,000 person-days in spring and summer. If the labor force itself is not fully utilized, they can work externally, earning 2.1 yuan/person-day in spring and summer and 1.8 yuan/person-day in autumn and winter. The farm cultivates three types of crops: soybeans, corn, and wheat, and also raises dairy cows and chickens. Crop cultivation requires no specialized investment, but raising animals involves an investment of 400 yuan per dairy cow and 3 yuan per chicken. Raising dairy cows requires allocating 1.5 hectares of land per cow to grow feed, and involves 100 person-days in autumn and winter, and 50 person-days in spring and summer per cow. The annual net income is 400 yuan per dairy cow. Raising chickens does not use land, requires 0.6 person-days in autumn and winter, and 0.3 person-days in spring and summer per chicken. Annual net income is 2 yuan per chicken. The current chicken coop can accommodate up to 3,000 chickens, and the cow barn can accommodate up to 32 dairy cows. The labor and income requirements for the three types of crops per year are shown in Table 1-9. Table 1-9 | Item | Soybean | Corn | Wheat | |----------------|---------|------|-------| | Person-days (Autumn/Winter) | 20 | 35 | 10 | | Person-days (Spring/Summer) | 50 | 75 | 40 | | Annual Net Income (Yuan/hectare) | 175 | 300 | 120 | Determine the farm's operating plan to maximize annual net income. Please note that Labor days are calculated in whole days, fractions are not allowed.",Resource Allocation,,"\documentclass{article}
\usepackage{amsmath, amssymb}

\textbf{Decision Variables:}
\begin{itemize}
\item $x_1$: Hectares of soybean to plant.
\item $x_2$: Hectares of corn to plant.
\item $x_3$: Hectares of wheat to plant.
\item $y$: Number of dairy cows to raise.
\item $z$: Number of chickens to raise.
\item $u_1$: Person-days of external work in autumn/winter.
\item $u_2$: Person-days of external work in spring/summer.
\end{itemize}

\textbf{Mathematical Formulation:}
\begin{align*}
\max \quad
& 175x_1 + 300x_2 + 120x_3 + 400y + 2z + 1.8u_1 + 2.1u_2 \\[4pt]
\text{s.t.} \quad
& x_1 + x_2 + x_3 + 1.5y \le 100
&& (\text{Land constraint}) \\[4pt]
& 400y + 3z \le 15000
&& (\text{Investment constraint}) \\[4pt]
& 20x_1 + 35x_2 + 10x_3 + 100y + 0.6z + u_1 \le 3500
&& (\text{Autumn/Winter labor constraint}) \\[4pt]
& 50x_1 + 75x_2 + 40x_3 + 50y + 0.3z + u_2 \le 4000
&& (\text{Spring/Summer labor constraint}) \\[4pt]
& y \le 32
&& (\text{Cow barn capacity}) \\[4pt]
& z \le 3000
&& (\text{Chicken coop capacity}) \\[4pt]
& x_1,x_2,x_3 \ge 0
&& (\text{Nonnegative}) \\[4pt]
& y,z,u_1,u_2 \in \mathbb{Z}_+
&& (\text{Integer and nonnegative})
\end{align*}

\end{document}","import gurobipy as gp
from gurobipy import GRB

# Create model
m = gp.Model(""Farm_Planning"")

# Decision variables
x1 = m.addVar(vtype=GRB.CONTINUOUS, lb=0, name=""x1"") # hectares of soybean
x2 = m.addVar(vtype=GRB.CONTINUOUS, lb=0, name=""x2"") # hectares of corn
x3 = m.addVar(vtype=GRB.CONTINUOUS, lb=0, name=""x3"") # hectares of wheat

y = m.addVar(vtype=GRB.INTEGER, lb=0, name=""y"") # number of dairy cows
z = m.addVar(vtype=GRB.INTEGER, lb=0, name=""z"") # number of chickens
u1 = m.addVar(vtype=GRB.INTEGER, lb=0, name=""u1"") # external work in autumn/winter
u2 = m.addVar(vtype=GRB.INTEGER, lb=0, name=""u2"") # external work in spring/summer

# Objective function
m.setObjective(
175 * x1 + 300 * x2 + 120 * x3 + 400 * y + 2 * z + 1.8 * u1 + 2.1 * u2,
GRB.MAXIMIZE
)

# Land constraint
m.addConstr(
x1 + x2 + x3 + 1.5 * y <= 100,
name=""land_constraint""
)

# Investment constraint
m.addConstr(
400 * y + 3 * z <= 15000,
name=""investment_constraint""
)

# Autumn/Winter labor constraint
m.addConstr(
20 * x1 + 35 * x2 + 10 * x3 + 100 * y + 0.6 * z + u1 <= 3500,
name=""autumn_winter_labor""
)

# Spring/Summer labor constraint
m.addConstr(
50 * x1 + 75 * x2 + 40 * x3 + 50 * y + 0.3 * z + u2 <= 4000,
name=""spring_summer_labor""
)

# Cow barn capacity
m.addConstr(
y <= 32,
name=""cow_capacity""
)

# Chicken coop capacity
m.addConstr(
z <= 3000,
name=""chicken_capacity""
)

# Solve the model
m.optimize()

# Print solution
if m.status == GRB.OPTIMAL:
print(f""Optimal objective value: {m.objVal:.2f}\n"")

print(""Optimal operating plan:"")
print(f"" Soybean area x1 = {x1.X:.4f}"")
print(f"" Corn area x2 = {x2.X:.4f}"")
print(f"" Wheat area x3 = {x3.X:.4f}"")
print(f"" Dairy cows y = {y.X:.0f}"")
print(f"" Chickens z = {z.X:.0f}"")
print(f"" External work in autumn/winter u1 = {u1.X:.0f}"")
print(f"" External work in spring/summer u2 = {u2.X:.0f}"")


else:
print(""No optimal solution found."")",,20240.684,"Optimal operating plan:
Soybean area x1 = 0.0000
Corn area x2 = 39.1692
Wheat area x3 = 0.0077
Dairy cows y = 21
Chickens z = 40
External work in autumn/winter u1 = 5
External work in spring/summer u2 = 0"
29,"A traveling salesman must visit 7 customers at 7 different locations, with the (symmetric) distance matrix as follows: | | 1 | 2 | 3 | 4 | 5 | 6 | 7 | | :---: | :---: | :---: | :---: | :---: | :---: | :---: | :---: | | 1 | - | 86 | 49 | 57 | 31 | 69 | 50 | | 2 | | - | 68 | 79 | 93 | 24 | 5 | | 3 | | | - | 16 | 7 | 72 | 67 | | 4 | | | | - | 90 | 69 | 1 | | 5 | | | | | - | 86 | 59 | | 6 | | | | | | - | 81 | Formulate a mathematical program to determine the visiting order starting and ending at location 1 to minimize the travel distance.",Traveling Salesman Problem,,"\documentclass{article}
\usepackage{amsmath, amssymb}

\textbf{Sets and Parameters:}
\begin{itemize}
\item $N=\{1,2,3,4,5,6,7\}$: Set of locations.
\item $c_{ij}$: Distance from location $i$ to location $j$, where the distance matrix is symmetric and given by
\[
\begin{array}{c|ccccccc}
& 1 & 2 & 3 & 4 & 5 & 6 & 7 \\
\hline
1 & - & 86 & 49 & 57 & 31 & 69 & 50 \\
2 & 86 & - & 68 & 79 & 93 & 24 & 5 \\
3 & 49 & 68 & - & 16 & 7 & 72 & 67 \\
4 & 57 & 79 & 16 & - & 90 & 69 & 1 \\
5 & 31 & 93 & 7 & 90 & - & 86 & 59 \\
6 & 69 & 24 & 72 & 69 & 86 & - & 81 \\
7 & 50 & 5 & 67 & 1 & 59 & 81 & -
\end{array}
\]
\end{itemize}

\textbf{Decision Variables:}
\begin{itemize}
\item $x_{ij}$: Binary variable equal to 1 if the salesman travels directly from location $i$ to location $j$, 0 otherwise, for all $i,j\in N$, $i\ne j$.
\item $u_i$: Ordering variable for location $i$, for all $i\in N$.
\end{itemize}

\textbf{Mathematical Formulation:}
\begin{align*}
\min \quad
& \sum_{i\in N}\sum_{\substack{j\in N\\ j\ne i}} c_{ij}x_{ij} \\[4pt]
\text{s.t.} \quad
& \sum_{\substack{j\in N\\ j\ne i}} x_{ij}=1, \quad \forall i\in N
&& (\text{Leave each location exactly once}) \\[4pt]
& \sum_{\substack{i\in N\\ i\ne j}} x_{ij}=1, \quad \forall j\in N
&& (\text{Enter each location exactly once}) \\[4pt]
& u_i-u_j+7x_{ij}\le 6, \quad \forall i,j\in N\setminus\{1\},\ i\ne j
&& (\text{Subtour elimination}) \\[4pt]
& u_1=1
&& (\text{Start at location 1}) \\[4pt]
& 2\le u_i\le 7,\quad \forall i\in N\setminus\{1\}
&& (\text{Ordering bounds}) \\[4pt]
& x_{ij}\in\{0,1\}, \quad \forall i,j\in N,\ i\ne j
&& (\text{Binary routing variables})
\end{align*}

\end{document}","import gurobipy as gp
from gurobipy import GRB

# Set of locations
N = [1, 2, 3, 4, 5, 6, 7]

# Distance matrix
c = {
(1, 2): 86, (1, 3): 49, (1, 4): 57, (1, 5): 31, (1, 6): 69, (1, 7): 50,
(2, 1): 86, (2, 3): 68, (2, 4): 79, (2, 5): 93, (2, 6): 24, (2, 7): 5,
(3, 1): 49, (3, 2): 68, (3, 4): 16, (3, 5): 7, (3, 6): 72, (3, 7): 67,
(4, 1): 57, (4, 2): 79, (4, 3): 16, (4, 5): 90, (4, 6): 69, (4, 7): 1,
(5, 1): 31, (5, 2): 93, (5, 3): 7, (5, 4): 90, (5, 6): 86, (5, 7): 59,
(6, 1): 69, (6, 2): 24, (6, 3): 72, (6, 4): 69, (6, 5): 86, (6, 7): 81,
(7, 1): 50, (7, 2): 5, (7, 3): 67, (7, 4): 1, (7, 5): 59, (7, 6): 81
}

# Create model
m = gp.Model(""TSP"")

# Decision variables
x = m.addVars(c.keys(), vtype=GRB.BINARY, name=""x"")
u = m.addVars(N, vtype=GRB.CONTINUOUS, name=""u"")

# Objective function
m.setObjective(
gp.quicksum(c[i, j] * x[i, j] for (i, j) in c.keys()),
GRB.MINIMIZE
)

# Leave each location exactly once
for i in N:
m.addConstr(
gp.quicksum(x[i, j] for j in N if j != i) == 1,
name=f""leave_{i}""
)

# Enter each location exactly once
for j in N:
m.addConstr(
gp.quicksum(x[i, j] for i in N if i != j) == 1,
name=f""enter_{j}""
)

# MTZ subtour elimination constraints
for i in N:
if i != 1:
m.addConstr(u[i] >= 2, name=f""u_lb_{i}"")
m.addConstr(u[i] <= 7, name=f""u_ub_{i}"")

m.addConstr(u[1] == 1, name=""start_at_1"")

for i in N:
for j in N:
if i != j and i != 1 and j != 1:
m.addConstr(
u[i] - u[j] + 7 * x[i, j] <= 6,
name=f""mtz_{i}_{j}""
)

# Solve the model
m.optimize()

# Print solution
if m.status == GRB.OPTIMAL:
print(f""Optimal objective value: {m.objVal:.2f}\n"")

# Reconstruct tour starting from location 1
print(""\nOptimal tour:"")
tour = [1]
current = 1

while True:
next_nodes = [j for j in N if j != current and x[current, j].X > 0.5]
if not next_nodes:
break
nxt = next_nodes[0]
tour.append(nxt)
current = nxt
if current == 1:
break

print("" "" + "" -> "".join(map(str, tour)))

else:
print(""No optimal solution found."")",,153,"Optimal tour:
1 -> 6 -> 2 -> 7 -> 4 -> 3 -> 5 -> 1"
30,"A company produces two types of products: microwave ovens and water heaters, which are manufactured in both workshops A and B. It is known that apart from the purchased parts, the production of one microwave oven requires 2 hours of processing in workshop A and 1 hour of assembly in workshop B. The production of one water heater requires 1 hour of processing in workshop A and 3 hours of assembly in workshop B. After production, both products need inspection, sales, and other procedures. The inspection and sales cost for each microwave oven is 30 yuan, and for each water heater is 50 yuan. Workshop A has 250 hours of available production time per month, with each hour costing 80 yuan; workshop B has 150 hours of available production time per month, with each hour costing 20 yuan. It is estimated that an average of 80 microwave ovens and 50 water heaters can be sold per month next year. Based on these actual conditions, the company has established the following monthly plan constraints: 1. Inspection and sales costs should not exceed 5500 yuan per month; 2. At least 80 microwave ovens should be sold per month; 3. The production hours of both workshops A and B should be fully utilized; 4. Overtime in workshop A should not exceed 20 hours; 5. At least 50 water heaters should be sold per month. Try to determine the company’s monthly production plan that minimizes total monthly cost under the above sequential priorities.",Production Planning (multi-objective),,"\documentclass{article}
\usepackage{amsmath, amssymb}

\textbf{Parameters:}
\begin{itemize}
\item Priority structure:
\[
P_1 \gg P_2 \gg P_3 \gg P_4 \gg P_5,
\]
where \(P1 = 1e9, P2 = 1e7, P3 = 2e5, P4 = 100, P5 = 1\)
\end{itemize}

\textbf{Decision Variables:}
\begin{itemize}
\item $x_1$: Monthly production quantity of microwave ovens.
\item $x_2$: Monthly production quantity of water heaters.
\item $d_1^-,d_1^+$: Negative and positive deviations for the inspection and sales cost goal.
\item $d_2^-,d_2^+$: Negative and positive deviations for the microwave-oven sales goal.
\item $d_{3A}^-,d_{3A}^+$: Negative and positive deviations for workshop A utilization.
\item $d_{3B}^-,d_{3B}^+$: Negative and positive deviations for workshop B utilization.
\item $d_4^-,d_4^+$: Negative and positive deviations for the overtime limit in workshop A.
\item $d_5^-,d_5^+$: Negative and positive deviations for the water-heater sales goal.
\end{itemize}

\textbf{Goal Programming Formulation:}
\begin{align*}
\min \quad
& P_1 d_1^+
+ P_2 d_2^-
+ P_3(d_{3A}^-+d_{3B}^-)
+ P_4 d_4^+
+ P_5 d_5^- \\[4pt]
\text{s.t.} \quad
& 30x_1 + 50x_2 + d_1^- - d_1^+ = 5500
&& (\text{Goal 1: inspection and sales cost}) \\[4pt]
& x_1 + d_2^- - d_2^+ = 80
&& (\text{Goal 2: at least 80 microwave ovens}) \\[4pt]
& 2x_1 + x_2 + d_{3A}^- - d_{3A}^+ = 250
&& (\text{Goal 3: full utilization of workshop A}) \\[4pt]
& x_1 + 3x_2 + d_{3B}^- - d_{3B}^+ = 150
&& (\text{Goal 3: full utilization of workshop B}) \\[4pt]
& d_{3A}^+ + d_4^- - d_4^+ = 20
&& (\text{Goal 4: overtime in A not exceeding 20 hours}) \\[4pt]
& x_2 + d_5^- - d_5^+ = 50
&& (\text{Goal 5: at least 50 water heaters}) \\[4pt]
& x_1,x_2 \in \mathbb{Z}_+
&& (\text{Integer and nonnegative production}) \\[4pt]
& d_1^-,d_1^+,d_2^-,d_2^+,d_{3A}^-,d_{3A}^+,d_{3B}^-,d_{3B}^+,d_4^-,d_4^+,d_5^-,d_5^+ \ge 0
&& (\text{Nonnegativity of deviations})
\end{align*}

\end{document}","import gurobipy as gp
from gurobipy import GRB

# Priority weights
P1 = 1_000_000_000
P2 = 10_000_000
P3 = 20_000
P4 = 100
P5 = 1

# Net revenue / cost parameters from the formulation
# x1 = microwave ovens, x2 = water heaters

# Create model
m = gp.Model(""Production_Plan_Goal_Programming"")

# Decision variables
x1 = m.addVar(vtype=GRB.INTEGER, lb=0, name=""x1"")
x2 = m.addVar(vtype=GRB.INTEGER, lb=0, name=""x2"")

d1_minus = m.addVar(vtype=GRB.CONTINUOUS, lb=0, name=""d1_minus"")
d1_plus = m.addVar(vtype=GRB.CONTINUOUS, lb=0, name=""d1_plus"")

d2_minus = m.addVar(vtype=GRB.CONTINUOUS, lb=0, name=""d2_minus"")
d2_plus = m.addVar(vtype=GRB.CONTINUOUS, lb=0, name=""d2_plus"")

d3A_minus = m.addVar(vtype=GRB.CONTINUOUS, lb=0, name=""d3A_minus"")
d3A_plus = m.addVar(vtype=GRB.CONTINUOUS, lb=0, name=""d3A_plus"")

d3B_minus = m.addVar(vtype=GRB.CONTINUOUS, lb=0, name=""d3B_minus"")
d3B_plus = m.addVar(vtype=GRB.CONTINUOUS, lb=0, name=""d3B_plus"")

d4_minus = m.addVar(vtype=GRB.CONTINUOUS, lb=0, name=""d4_minus"")
d4_plus = m.addVar(vtype=GRB.CONTINUOUS, lb=0, name=""d4_plus"")

d5_minus = m.addVar(vtype=GRB.CONTINUOUS, lb=0, name=""d5_minus"")
d5_plus = m.addVar(vtype=GRB.CONTINUOUS, lb=0, name=""d5_plus"")

# Objective function
m.setObjective(
P1 * d1_plus
+ P2 * d2_minus
+ P3 * (d3A_minus + d3B_minus)
+ P4 * d4_plus
+ P5 * d5_minus,
GRB.MINIMIZE
)

# Goal 1: inspection and sales cost should not exceed 5500
m.addConstr(
30 * x1 + 50 * x2 + d1_minus - d1_plus == 5500,
name=""goal_1_cost""
)

# Goal 2: at least 80 microwave ovens
m.addConstr(
x1 + d2_minus - d2_plus == 80,
name=""goal_2_microwave""
)

# Goal 3: full utilization of workshop A
m.addConstr(
2 * x1 + x2 + d3A_minus - d3A_plus == 250,
name=""goal_3_workshop_A""
)

# Goal 3: full utilization of workshop B
m.addConstr(
x1 + 3 * x2 + d3B_minus - d3B_plus == 150,
name=""goal_3_workshop_B""
)

# Goal 4: overtime in workshop A should not exceed 20 hours
m.addConstr(
d3A_plus + d4_minus - d4_plus == 20,
name=""goal_4_overtime_A""
)

# Goal 5: at least 50 water heaters
m.addConstr(
x2 + d5_minus - d5_plus == 50,
name=""goal_5_water_heater""
)

# Solve
m.optimize()

# Print solution
if m.status == GRB.OPTIMAL:
print(f""Minimum weighted objective value: {m.objVal:.2f}\n"")

print(""Production plan:"")
print(f"" x1 (microwave ovens) = {x1.X:.0f}"")
print(f"" x2 (water heaters) = {x2.X:.0f}"")


# Cost calculations
inspection_sales_cost = 30 * x1.X + 50 * x2.X
workshop_A_hours = 2 * x1.X + x2.X
workshop_B_hours = x1.X + 3 * x2.X
workshop_A_cost = 80 * workshop_A_hours
workshop_B_cost = 20 * workshop_B_hours
total_cost = inspection_sales_cost + workshop_A_cost + workshop_B_cost

print(f"" Total cost = {total_cost:.2f}"")
else:
print(""No optimal solution found."")",,30500,"Production plan:
x1 (microwave ovens) = 100
x2 (water heaters) = 50"
31,"Consider assigning $n=2$ factories to $n$ locations. The transportation volume between factory $i$ and factory $j$ is $d_{ij}$, and the unit transportation cost from location $p$ to location $q$ is $c_{pq}$. The specific values are shown in the following table: Table 1.1 | | Transportation volume to Location 1 | Transportation volume to Location 2 | Transportation cost to Location 1 | Transportation cost to Location 2 | | :----: | :---------------------------------: | :---------------------------------: | :-------------------------------: | :-------------------------------: | | Factory 1 | 10 | 20 | 5 | 8 | | Factory 2 | 30 | 40 | 6 | 7 | In order to minimize the total transportation cost, formulate this problem as an integer model.",Facility Assignment Problem,,"\documentclass{article}
\usepackage{amsmath, amssymb}

\textbf{Sets and Parameters:}
\begin{itemize}
\item $F=\{1,2\}$: Set of factories.
\item $L=\{1,2\}$: Set of locations.
\item $v_{ip}$: Transportation volume associated with assigning factory $i\in F$ to location $p\in L$, where
\[
(v_{ip})=
\begin{pmatrix}
10 & 20\\
30 & 40
\end{pmatrix}.
\]
\item $c_{ip}$: Unit transportation cost associated with assigning factory $i\in F$ to location $p\in L$, where
\[
(c_{ip})=
\begin{pmatrix}
5 & 8\\
6 & 7
\end{pmatrix}.
\]
\end{itemize}

\textbf{Decision Variables:}
\begin{itemize}
\item $x_{ip}$: Binary variable equal to 1 if factory $i\in F$ is assigned to location $p\in L$, and 0 otherwise.
\end{itemize}

\textbf{Mathematical Formulation:}
\begin{align*}
\min \quad
& \sum_{i\in F}\sum_{p\in L} v_{ip}c_{ip}x_{ip} \\[4pt]
\text{s.t.} \quad
& \sum_{p\in L} x_{ip}=1, \quad \forall i\in F
&& (\text{Each factory is assigned to exactly one location}) \\[4pt]
& \sum_{i\in F} x_{ip}=1, \quad \forall p\in L
&& (\text{Each location receives exactly one factory}) \\[4pt]
& x_{ip}\in\{0,1\}, \quad \forall i\in F,\; p\in L
&& (\text{Binary assignment variables})
\end{align*}

\end{document}","import gurobipy as gp
from gurobipy import GRB

# Sets
F = [1, 2] # factories
L = [1, 2] # locations

# Transportation volume v_ip
v = {
(1, 1): 10,
(1, 2): 20,
(2, 1): 30,
(2, 2): 40
}

# Unit transportation cost c_ip
c = {
(1, 1): 5,
(1, 2): 8,
(2, 1): 6,
(2, 2): 7
}

# Create model
m = gp.Model(""Assignment_Problem"")

# Decision variables
x = m.addVars(F, L, vtype=GRB.BINARY, name=""x"")

# Objective function
m.setObjective(
gp.quicksum(v[i, p] * c[i, p] * x[i, p] for i in F for p in L),
GRB.MINIMIZE
)

# Each factory is assigned to exactly one location
for i in F:
m.addConstr(
gp.quicksum(x[i, p] for p in L) == 1,
name=f""factory_assignment_{i}""
)

# Each location receives exactly one factory
for p in L:
m.addConstr(
gp.quicksum(x[i, p] for i in F) == 1,
name=f""location_assignment_{p}""
)

# Solve the model
m.optimize()

# Print solution
if m.status == GRB.OPTIMAL:
print(f""Optimal objective value: {m.objVal:.2f}\n"")

print(""Optimal assignment:"")
for i in F:
for p in L:
if x[i, p].X > 0.5:
print(f"" Factory {i} -> Location {p}"")

else:
print(""No optimal solution found."")",,330,"Optimal assignment:
Factory 1 -> Location 1
Factory 2 -> Location 2"
32,"A timber storage and transport company has a large warehouse for storing and transporting timber for sale. Due to seasonal price fluctuations, the company purchases timber at the beginning of each quarter, with part of it being sold within the quarter and part being stored for future sales. It is known that the maximum storage capacity of the company’s warehouse is 200,000 m³, and the storage cost is $(a+b u)$ yuan/m³, where $a=70$, $b=100$, and $u$ is the storage time (in quarters). The purchase and sale prices for each quarter and the estimated maximum sales volumes are shown in Table 1-18. Table 1-18 | Quarter | Purchase Price (10,000 yuan/10,000 m³) | Sale Price (10,000 yuan/10,000 m³) | Estimated Maximum Sales Volume (10,000 m³) | |---------|----------------------------------------|------------------------------------|---------------------------------------------| | Winter | 410 | 425 | 100 | | Spring | 430 | 440 | 140 | | Summer | 460 | 465 | 200 | | Autumn | 450 | 455 | 160 | Since timber is not suitable for long-term storage, all inventory should be sold by the end of autumn. Try to establish a linear programming model for this problem to maximize the company's annual profit (in 10,000yuan).",Inventory Problem,,"\documentclass{article}
\usepackage{amsmath, amssymb}

\textbf{Sets and Parameters:}
\begin{itemize}
\item $Q=\{1,2,3,4\}$: Set of quarters, where $1,2,3,4$ correspond to winter, spring, summer, and autumn.
\item $p_i$: Purchase price in quarter $i$ (10,000 yuan/10,000 m$^3$), where
\[
(p_1,p_2,p_3,p_4)=(410,430,460,450).
\]
\item $s_j$: Sale price in quarter $j$ (10,000 yuan/10,000 m$^3$), where
\[
(s_1,s_2,s_3,s_4)=(425,440,465,455).
\]
\item $D_j$: Estimated maximum sales volume in quarter $j$ (10,000 m$^3$), where
\[
(D_1,D_2,D_3,D_4)=(100,140,200,160).
\]
\item Storage cost (/10,000 yuan) per 10,000 m$^3$ for timber purchased in quarter $i$ and sold in quarter $j$:
\[
h_{ij}=
\begin{cases}
0, & j=i,\\
70+100(j-i), & j>i,
\end{cases}
\qquad \forall i,j\in Q,\ i\le j.
\]
\end{itemize}

\textbf{Decision Variables:}
\begin{itemize}
\item $x_{ij}$: Quantity of timber purchased in quarter $i$ and sold in quarter $j$, for all $i,j\in Q$ with $i\le j$.
\item $I_t$: Ending inventory at the end of quarter $t$, for $t=1,2,3$.
\end{itemize}

\textbf{Mathematical Formulation:}
\begin{align*}
\max \quad
& \sum_{i\in Q}\sum_{\substack{j\in Q\\ j\ge i}}
(s_j-p_i-h_{ij})x_{ij} \\[4pt]
\text{s.t.} \quad
& \sum_{i=1}^{j} x_{ij} \le D_j, \quad \forall j\in Q
&& (\text{Sales limits}) \\[4pt]
& I_t=\sum_{i=1}^{t}\sum_{j=t+1}^{4} x_{ij}, \quad \forall t=1,2,3,4
&& (\text{Ending inventory definition}) \\[4pt]
& I_t \le 20, \quad \forall t=1,2,3
&& (\text{Warehouse capacity}) \\[4pt]
& I_4 = 0
&& (\text{All inventory must be sold by the end of autumn}) \\[4pt]
& x_{ij}\ge 0,\quad \forall i,j\in Q,\ i\le j
&& (\text{Nonnegativity of purchasing/sales flows}) \\[4pt]
& I_t\ge 0,\quad \forall t=1,2,3,4
&& (\text{Nonnegativity of ending inventory})
\end{align*}

\end{document}","import gurobipy as gp
from gurobipy import GRB

# Set of quarters
Q = [1, 2, 3, 4] # 1=Winter, 2=Spring, 3=Summer, 4=Autumn

# Parameters
p = {
1: 410,
2: 430,
3: 460,
4: 450
}

s = {
1: 425,
2: 440,
3: 465,
4: 455
}

D = {
1: 100,
2: 140,
3: 200,
4: 160
}

# Storage cost h_ij
h = {}
for i in Q:
for j in Q:
if j >= i:
if j == i:
h[i, j] = 0
else:
h[i, j] = 70 + 100 * (j - i)

# Feasible (i,j) pairs: buy in quarter i, sell in quarter j >= i
pairs = [(i, j) for i in Q for j in Q if j >= i]

# Create model
m = gp.Model(""Timber_Inventory_Planning"")

# Decision variables
x = m.addVars(pairs, vtype=GRB.CONTINUOUS, lb=0, name=""x"")
I = m.addVars([1, 2, 3, 4], vtype=GRB.CONTINUOUS, lb=0, name=""I"")

# Objective function
m.setObjective(
gp.quicksum((s[j] - p[i] - h[i, j]) * x[i, j] for (i, j) in pairs),
GRB.MAXIMIZE
)

# Sales limits
for j in Q:
m.addConstr(
gp.quicksum(x[i, j] for i in Q if i <= j) <= D[j],
name=f""sales_limit_{j}""
)

# Ending inventory definition
for t in [1, 2, 3, 4]:
m.addConstr(
I[t] == gp.quicksum(
x[i, j] for i in Q if i <= t for j in Q if j > t and j >= i
),
name=f""inventory_def_{t}""
)

# Warehouse capacity
for t in [1, 2, 3]:
m.addConstr(
I[t] <= 20,
name=f""warehouse_capacity_{t}""
)

# All inventory must be sold by the end of autumn
m.addConstr(I[4] == 0, name=""final_inventory_zero"")

# Solve the model
m.optimize()

# Print solution
if m.status == GRB.OPTIMAL:
print(f""Optimal annual profit: {m.objVal:.2f} (in 10,000 yuan)\n"")

print(""Optimal purchase-sale plan (nonzero only):"")
for (i, j) in pairs:
if x[i, j].X > 1e-6:
print(f"" Buy in quarter {i}, sell in quarter {j}: {x[i, j].X:.2f} m^3"")

else:
print(""No optimal solution found."")",,4700,"Optimal purchase-sale plan (nonzero only):
Buy in quarter 1, sell in quarter 1: 100.00 m^3
Buy in quarter 2, sell in quarter 2: 140.00 m^3
Buy in quarter 3, sell in quarter 3: 200.00 m^3
Buy in quarter 4, sell in quarter 4: 160.00 m^3"
33,"A company is producing two products (X and Y). Production is measured in standardized batches, and the weekly plan may involve fractional batches when appropriate. The resources required for X and Y are divided into two parts: machine time for automated processing and craftsman time for manual finishing. The table below shows the number of minutes required for each batch of product: | Item | Machine Time (minutes) | Craftsman Time (minutes) | | :---: | :---: | :---: | | X | 13 | 20 | | Y | 19 | 29 | The company has 40 hours of machine time available in the next working week, but only 35 hours of craftsman time. The cost of machine time is £10 per hour, and the cost of craftsman time is £2 per hour. Idle time for machines and craftsmen incurs no cost. For each batch produced (all batches produced will be sold), the revenue for product X is £20, and the revenue for product Y is £30. In addition, there is a contract that requires at least 10 batches of product X to be completed for a customer each week. Formulate a programming model to determine the weekly production plan that maximizes profit.",Production Planning,,"\documentclass{article}
\usepackage{amsmath, amssymb}

\textbf{Decision Variables:}
\begin{itemize}
\item $x_1$: Weekly production quantity of product X.
\item $x_2$: Weekly production quantity of product Y.
\end{itemize}

\textbf{Mathematical Formulation:}
\begin{align*}
\max \quad
& 20x_1 + 30x_2
- \frac{10}{60}(13x_1+19x_2)
- \frac{2}{60}(20x_1+29x_2) \\[4pt]
\text{s.t.} \quad
& 13x_1 + 19x_2 \le 2400
&& (\text{Machine time constraint}) \\[4pt]
& 20x_1 + 29x_2 \le 2100
&& (\text{Craftsman time constraint}) \\[4pt]
& x_1 \ge 10
&& (\text{Minimum production of X}) \\[4pt]
& x_1,x_2 \in \mathbb{Z}_+
&& (\text{Integer and nonnegative production}) \\[4pt]
& x_1, x_2 \ge 0
&& (\text{Nonnegativity constraints})
\end{align*}
\end{document}","import gurobipy as gp
from gurobipy import GRB

# Create model
m = gp.Model(""Product_Mix_Optimization"")

# Decision variables
x1 = m.addVar(vtype=GRB.INTEGER, lb=0, name=""x1"") # product X
x2 = m.addVar(vtype=GRB.INTEGER, lb=0, name=""x2"") # product Y

# Objective function
m.setObjective(
20 * x1 + 30 * x2
- (10 / 60) * (13 * x1 + 19 * x2)
- (2 / 60) * (20 * x1 + 29 * x2),
GRB.MAXIMIZE
)

# Machine time constraint
m.addConstr(
13 * x1 + 19 * x2 <= 2400,
name=""machine_time""
)

# Craftsman time constraint
m.addConstr(
20 * x1 + 29 * x2 <= 2100,
name=""craftsman_time""
)

# Minimum production of X
m.addConstr(
x1 >= 10,
name=""minimum_X""
)

# Solve the model
m.optimize()

# Print solution
if m.status == GRB.OPTIMAL:
print(f""Optimal objective value: {m.objVal:.4f}\n"")

print(""Optimal production plan:"")
print(f"" x1 (Product X) = {x1.X:.4f}"")
print(f"" x2 (Product Y) = {x2.X:.4f}"")


else:
print(""No optimal solution found."")",,1861.4667,"Optimal production plan:
x1 (Product X) = 12.0000
x2 (Product Y) = 64.0000"